0.03883,0.041247
0.040464,0.185828
-0.061497,0.162115
-0.005368,0.183977
0.090638,0.211764
0.227684,0.098986
0.186065,0.170348
0.163819,0.177822
0.059863,0.175858
0.005285,0.251727
-0.118893,0.239178
-0.167984,0.244484
-0.212188,0.260098
-0.256381,0.229494
-0.302644,0.325912
-0.263985,0.360487
-0.298235,0.410287
-0.305735,0.459481
-0.302403,0.440788
-0.14381,0.526664
-0.185455,0.588712
-0.256208,0.601318
-0.138536,0.684371
-0.198011,0.605926
-0.179915,0.688794
-0.135425,0.667049
-0.042715,0.636368
0.023918,0.584206
0.026534,0.652645
-0.008956,0.683188
-0.051213,0.700481
-0.076735,0.668948
-0.067851,0.684576
-0.069429,0.660633
-0.237763,0.710512
-0.221806,0.716626
-0.28599,0.787065
-0.272216,0.81683
-0.274456,0.84046
-0.335937,0.814091
-0.276339,0.769195
-0.209693,0.760055
-0.074908,0.741919
-0.040175,0.720551
-0.133975,0.755156
-0.219398,0.791777
-0.20573,0.799826
-0.239666,0.819114
-0.175938,0.846012
-0.098431,0.769809
-0.046978,0.733267
-0.023498,0.743456
0.106883,0.64144
0.088443,0.704406
0.088443,0.704406
0.033519,0.708709
0.017563,0.702595
0.063154,0.605599
0.114667,0.577645
0.098373,0.536046
0.238142,0.431016
0.167148,0.516325
0.151191,0.510212
0.022529,0.564435
0.063213,0.614186
0.079226,0.620322
0.116088,0.588374
0.210708,0.532504
0.254082,0.51318
0.21944,0.476022
0.164403,0.567445
0.215429,0.587677
0.232341,0.567285
0.26965,0.604131
0.271889,0.62686
0.271889,0.62686
0.239731,0.706441
0.213805,0.661748
0.192937,0.606189
0.170412,0.688864
0.163452,0.712487
0.234432,0.791504
0.297255,0.798559
0.297255,0.798559
0.269819,0.831789
0.283537,0.815174
0.269819,0.831789
0.242383,0.865018
0.211474,0.870191
0.228007,0.837593
0.25632,0.844702
0.333084,0.813829
0.333084,0.813829
0.395253,0.759232
0.444581,0.761589
0.374973,0.726026
0.155956,0.776607
0.093414,0.872611
0.142007,0.912926
0.147484,0.91306
0.152909,0.912295
0.151089,0.900566
0.122776,0.893457
0.111902,0.89229
0.055364,0.91492
0.055364,0.91492
0.090098,0.893553
0.116669,0.823452
0.138487,0.737619
0.240923,0.820118
0.245518,0.820291
0.2665,0.800136
0.294812,0.807246
0.33026,0.846355
0.335853,0.842653
0.365992,0.821112
0.393428,0.787882
0.392398,0.809649
0.395522,0.810431
0.388136,0.767799
0.330082,0.799736
0.346503,0.794811
0.312711,0.797148
0.388801,0.747527
0.415296,0.733328
0.366845,0.771311
0.261908,0.81616
0.153188,0.847265
0.134315,0.846045
0.108184,0.86972
0.101623,0.877111
0.080608,0.881864
0.058346,0.960156
0.035188,0.901049
0.070277,0.838073
0.082818,0.831427
0.085886,0.776777
0.075736,0.808725
0.056917,0.813481
0.011819,0.877636
0.016414,0.877809
-0.012548,0.889381
-0.011308,0.827672
-0.065639,0.779129
0.008442,0.702469
-0.015689,0.554723
0.008442,0.702469
-0.033589,0.711974
-0.057959,0.654844
-0.07314,0.598061
-0.021519,0.711057
-0.020869,0.59221
-0.04895,0.569823
-0.08732,0.570183
-0.127521,0.575116
-0.135226,0.517241
-0.207862,0.408998
-0.211217,0.347115
-0.211217,0.347115
-0.256681,0.237873
-0.138015,0.524829
-0.032063,0.686368
0.020768,0.796922
-0.011168,0.858582
0.001127,0.916788
0.013365,0.897025
-0.00765,0.901777
0.037171,0.896736
0.096831,0.95409
0.129672,0.944238
0.127985,0.949094
0.153351,0.940333
0.095434,0.956094
0.116449,0.951341
0.163075,0.942009
0.103966,0.954704
0.065229,0.9605
0.099692,0.914889
0.052101,0.961716
0.049807,0.96155
0.007776,0.971056
0.033524,0.921847
0.044753,0.910417
0.047048,0.910583
0.042453,0.91041
0.074698,0.894228
0.141796,0.833449
0.141116,0.831384
0.173859,0.810359
0.148293,0.866475
0.145685,0.894888
0.050966,0.819951
0.150833,0.838146
0.170998,0.815121
0.221963,0.794019
0.221963,0.794019
0.273765,0.835429
0.262863,0.83606
0.241848,0.840813
0.285322,0.813201
0.344894,0.787235
0.388369,0.759623
0.409384,0.75487
0.520525,0.694971
0.55339,0.695517
0.596865,0.667905
0.622216,0.592106
0.776019,0.570831
0.796118,0.536675
0.802429,0.531645
0.799776,0.534696
0.777196,0.558452
0.770295,0.565154
0.756211,0.581606
0.74008,0.599973
0.760459,0.577954
0.776531,0.587175
0.776531,0.587175
0.776531,0.587175
0.698797,0.612871
0.661635,0.635453
0.666553,0.629054
0.606534,0.641124
0.589528,0.632837
0.621103,0.619402
0.648158,0.480919
0.64324,0.487318
0.69139,0.538351
0.662514,0.593168
0.660249,0.596517
0.698961,0.528901
0.675882,0.535032
0.756665,0.556447
0.791175,0.536915
0.791175,0.536915
0.821956,0.484548
0.823419,0.520732
0.794886,0.477227
0.767558,0.487009
0.758801,0.493406
0.768673,0.556142
0.800918,0.539959
0.805556,0.522872
0.810313,0.53235
0.792,0.562234
0.787362,0.579322
0.787362,0.579322
0.787362,0.579322
0.791773,0.559143
0.791773,0.559143
0.791773,0.559143
0.764353,0.58477
0.764422,0.584735
0.791841,0.559108
0.805585,0.546278
0.805654,0.546243
0.748088,0.521575
0.757284,0.528993
0.749501,0.459541
0.740743,0.465937
0.740743,0.465937
0.735757,0.472371
0.735757,0.472371
0.749432,0.459575
0.749432,0.459575
0.763571,0.52605
0.768942,0.454637
0.751743,0.402487
0.751743,0.402487
0.725783,0.291456
0.676143,0.192079
0.698311,0.237743
0.714838,0.221889
0.726591,0.26648
0.723926,0.269805
0.723926,0.269805
0.702349,0.223228
0.734829,0.270139
0.737008,0.240613
0.717156,0.191513
0.737042,0.266876
0.704562,0.219965
0.734778,0.270225
0.735961,0.268585
0.746839,0.268903
0.726987,0.219803
0.767744,0.316336
0.788678,0.363727
0.73861,0.264367
0.73861,0.264367
0.73861,0.264367
0.698906,0.166167
0.718758,0.215267
0.699782,0.119386
0.686119,0.072674
0.703707,0.125124
0.723559,0.174224
0.722477,0.175933
0.724742,0.172583
0.700398,0.234233
0.700398,0.234233
0.680546,0.185132
0.661438,0.136246
0.63483,0.201245
0.651336,0.255403
0.5906,0.217785
0.5906,0.217785
0.5507,0.161525
0.611033,0.305049
0.614041,0.301913
0.614041,0.301913
0.588537,0.314603
0.607646,0.363489
0.67095,0.399827
0.626755,0.412376
0.544342,0.327152
0.519672,0.437333
0.494585,0.498768
0.34289,0.487529
0.367977,0.426094
0.279586,0.451192
0.279586,0.451192
0.30308,0.487206
0.375157,0.4978
0.427929,0.445544
0.447038,0.49443
0.524648,0.54378
0.569082,0.528082
0.47158,0.466328
0.531294,0.367483
0.531294,0.367483
0.541497,0.427058
0.492677,0.455628
0.530604,0.497334
0.576933,0.486008
0.572309,0.502029
0.786345,0.485874
0.737525,0.514444
0.74215,0.498423
0.786345,0.485874
0.74215,0.498423
0.737525,0.514444
0.702077,0.499846
0.700429,0.488511
0.656233,0.50106
0.651608,0.517081
0.563217,0.542179
0.560242,0.569534
0.471851,0.594632
0.427655,0.607182
0.378835,0.635751
0.294158,0.636093
0.297871,0.611337
0.20989,0.650065
0.266191,0.589618
0.262068,0.600744
0.173531,0.626732
0.176836,0.588346
0.320154,0.462802
0.271835,0.486477
0.371923,0.399851
0.370924,0.418805
0.369924,0.437759
0.457795,0.410749
0.499796,0.405914
0.451332,0.430479
0.491813,0.442686
0.347911,0.451549
0.4881,0.467442
0.391823,0.497848
0.436018,0.485299
0.57286,0.359738
0.660807,0.366333
0.752912,0.316479
0.79489,0.325851
0.838521,0.297544
0.834349,0.278096
0.790296,0.269057
0.836167,0.297746
0.838989,0.318689
0.843271,0.310081
0.783867,0.282316
0.780815,0.328377
0.779454,0.296831
0.770515,0.310292
0.780155,0.130311
0.734013,-0.071135
0.706583,-0.003906
0.698006,0.027779
0.637895,0.211358
0.666349,0.240102
0.725946,0.19566
0.747898,0.269011
0.798142,0.308182
0.854985,0.28373
0.849218,0.335593
0.85227,0.289532
0.85931,0.303845
0.86282,0.301988
0.873655,0.276014
0.870702,0.330786
0.871983,0.30395
0.873135,0.285663
0.876315,0.231053
0.87903,0.225251
0.89211,0.320034
0.889395,0.325836
0.871576,0.386752
0.870513,0.427655
0.873271,0.427436
0.870556,0.433238
0.857305,0.370319
0.850354,0.378622
0.853032,0.329983
0.849859,0.291581
0.829025,0.155379
0.825438,0.078356
0.830981,0.182442
0.839428,0.171304
0.834759,0.135737
0.835631,0.218562
0.814805,0.249607
0.806617,0.26143
0.829164,0.277206
0.829164,0.277206
0.773361,0.157362
0.777139,0.110658
0.770794,0.033854
0.769098,-0.00683
0.777196,0.039447
0.668565,0.045279
0.550699,0.033223
0.435118,0.047357
0.539487,0.037681
0.539487,0.037681
0.596983,0.037861
0.709981,-0.029169
0.713154,0.009233
0.702574,0.000878
0.580216,-0.015495
0.598894,0.039138
0.603486,0.146469
0.606659,0.18487
0.613005,0.261674
0.62077,0.407407
0.56225,0.433566
0.56225,0.433566
0.503729,0.459724
0.499532,0.44766
0.499532,0.44766
0.434077,0.411508
0.557028,0.44784
0.504142,0.407946
0.557028,0.44784
0.618722,0.460083
0.565422,0.471968
0.504164,0.44788
0.442906,0.423791
0.442906,0.423791
0.431993,0.435025
0.442906,0.423791
0.459193,0.447916
0.520451,0.472004
0.459193,0.447916
0.524213,0.495912
0.450696,0.460584
0.515885,0.50776
0.745507,0.476788
0.745507,0.476788
0.744652,0.478157
0.745144,0.445096
0.744724,0.445786
0.788318,0.458876
0.789592,0.456816
0.775689,0.469726
0.775689,0.469726
0.833185,0.469906
0.74363,0.378515
0.773594,0.470871
0.759199,0.516843
0.772682,0.504623
0.75878,0.517533
0.75878,0.517533
0.787961,0.578888
0.772577,0.59347
0.758881,0.606768
0.76373,0.51181
0.764149,0.51112
0.777632,0.4989
0.791535,0.48599
0.79112,0.486683
0.778601,0.468266
0.779248,0.467243
0.779904,0.431635
0.819284,0.518314
0.832979,0.50575
0.846678,0.493189
0.828037,0.539134
0.810883,0.55358
0.810675,0.553926
0.810675,0.553926
0.81026,0.554619
0.827726,0.539654
0.850741,0.469942
0.858679,0.512472
0.859306,0.511436
0.859514,0.511089
0.859618,0.510917
0.857022,0.472616
0.835703,0.490877
0.816572,0.505846
0.802231,0.457693
0.806295,0.446698
0.785078,0.464785
0.704652,0.469743
0.700173,0.532346
0.719303,0.517376
0.661218,0.484735
0.661726,0.526153
0.601397,0.496889
0.538324,0.489473
0.493862,0.533611
0.493696,0.506587
0.53576,0.531743
0.564642,0.618785
0.537303,0.657152
0.550367,0.648355
0.612524,0.653311
0.586307,0.672166
0.580614,0.680211
0.563913,0.684072
0.607378,0.653017
0.667142,0.610275
0.671199,0.668181
0.701306,0.647531
0.687682,0.622761
0.713892,0.599833
0.696088,0.608615
0.699331,0.604644
0.726785,0.59056
0.763034,0.559878
0.780076,0.548024
0.78306,0.543493
0.783163,0.54332
0.796031,0.5377
0.815109,0.522817
0.837436,0.543903
0.839369,0.541046
0.841456,0.537929
0.843337,0.53516
0.841353,0.538103
0.819094,0.553694
0.798717,0.566516
0.763904,0.511757
0.76813,0.505437
0.781024,0.473215
0.80318,0.457797
0.843997,0.50364
0.844203,0.503293
0.846626,0.475051
0.851141,0.461797
0.882377,0.419784
0.882377,0.419784
0.873658,0.445772
0.876281,0.414738
0.876384,0.414564
0.880796,0.401484
0.869579,0.457066
0.867391,0.48614
0.849337,0.500629
0.83118,0.515292
0.842838,0.516827
0.842735,0.517
0.842735,0.517
0.840411,0.526964
0.843589,0.521881
0.843589,0.521881
0.825432,0.536543
0.825432,0.536543
0.826419,0.53475
0.826926,0.533861
0.827913,0.532068
0.829003,0.530101
0.847924,0.514107
0.848432,0.513218
0.847445,0.515011
0.846458,0.516804
0.845471,0.518598
0.865122,0.501253
0.865122,0.501253
0.865352,0.500795
0.864872,0.501699
0.867137,0.497689
0.866657,0.498594
0.830801,0.515184
0.832428,0.512283
0.831469,0.514091
0.830708,0.515425
0.830458,0.515871
0.867551,0.497041
0.867674,0.496816
0.867674,0.496816
0.866944,0.498167
0.867073,0.497946
0.867451,0.497278
0.868688,0.495038
0.86741,0.497255
0.86716,0.497702
0.745575,0.45231
0.805124,0.481887
0.770481,0.496245
0.807862,0.476969
0.809449,0.474046
0.871937,0.488941
0.871817,0.489167
0.827514,0.503954
0.784684,0.516047
0.829488,0.500367
0.827864,0.50327
0.82908,0.501019
0.739279,0.532857
0.787287,0.502283
0.696,0.545725
0.634432,0.57126
0.614161,0.58751
0.613175,0.589303
0.568878,0.604094
0.549207,0.589388
0.592009,0.57728
0.534693,0.559834
0.438776,0.519426
0.453039,0.566036
0.44909,0.57863
0.401325,0.605111
0.366448,0.592047
0.364189,0.600364
0.321874,0.607269
0.301239,0.572897
0.339835,0.573825
0.278853,0.54165
0.269008,0.498509
0.312317,0.485511
0.30117,0.37577
0.30117,0.37577
0.213468,0.168253
0.269318,0.164166
0.236799,0.168395
0.275076,0.217283
0.300416,0.262833
0.170845,0.420336
0.170845,0.420336
0.255386,0.449725
0.210575,0.469704
0.035645,0.525241
-0.02962,0.405512
0.003484,0.400809
0.046793,0.387811
-0.027284,0.422717
-0.001458,0.340124
-0.001458,0.340124
0.094001,0.239176
0.091524,0.106494
0.107183,0.305725
0.121603,0.287973
0.131667,0.164202
0.165588,0.10707
0.131667,0.164202
0.0754,0.09229
0.055948,0.171928
0.026382,0.335078
0.141214,0.481742
0.271704,0.646158
0.315013,0.63316
0.341196,0.609398
0.370528,0.549531
0.384505,0.5964
0.297887,0.622396
0.374485,0.664758
0.369496,0.671229
0.404147,0.612965
0.452444,0.593496
0.452444,0.593496
0.452444,0.593496
0.380052,0.52071
0.22202,0.509415
0.177722,0.486918
0.214877,0.527184
0.286936,0.497814
0.187345,0.512182
0.230654,0.499184
0.281904,0.5597
0.325213,0.546702
0.294876,0.571328
0.338185,0.55833
0.253545,0.655314
0.210236,0.668312
0.080309,0.707306
0.036999,0.720303
-0.00631,0.733301
0.036999,0.720303
0.080309,0.707306
0.10737,0.607929
0.151668,0.630425
0.151668,0.630425
0.100235,0.600233
0.143545,0.587236
0.151668,0.630425
0.194977,0.617427
0.186854,0.574238
0.163893,0.590113
0.242387,0.520928
0.320882,0.451742
0.364191,0.438745
0.316781,0.535244
0.281596,0.591431
0.281596,0.591431
0.333029,0.621623
0.333029,0.621623
0.116483,0.686612
0.03765,0.619462
0.029377,0.692046
0.029994,0.775265
0.116612,0.74927
0.047651,0.7785
0.049155,0.796399
0.118115,0.767169
0.248043,0.728175
0.179082,0.757406
0.283358,0.734645
0.313758,0.717628
0.19714,0.693354
0.291352,0.715177
0.296101,0.714393
0.382719,0.688397
0.296101,0.714393
0.340566,0.701932
0.409527,0.672701
0.387121,0.670251
0.43043,0.657253
0.418437,0.647372
0.393375,0.596887
0.414277,0.581438
0.393375,0.596887
0.425267,0.584615
0.425267,0.584615
0.340152,0.62851
0.341652,0.676008
0.319246,0.673557
0.362555,0.660559
0.405864,0.647561
0.295258,0.653796
0.295258,0.653796
0.430157,0.597895
0.623414,0.589276
0.580104,0.602274
0.584047,0.567552
0.627356,0.554554
0.670665,0.541556
0.713974,0.528558
0.670665,0.541556
0.687626,0.56083
0.601007,0.586825
0.691252,0.552016
0.691252,0.552016
0.647943,0.565014
0.557698,0.599823
0.557698,0.599823
0.514389,0.612821
0.514389,0.612821
0.514389,0.612821
0.601007,0.586825
0.557698,0.599823
0.601007,0.586825
0.644316,0.573828
0.601007,0.586825
0.514389,0.612821
0.557698,0.599823
0.644316,0.573828
0.687626,0.56083
0.687626,0.56083
0.730935,0.547832
0.690212,0.532356
0.690212,0.532356
0.644316,0.573828
0.514389,0.612821
0.557698,0.599823
0.647045,0.567987
0.603735,0.580985
0.636552,0.57895
0.725899,0.547114
0.723171,0.552954
0.661674,0.541927
0.661674,0.541927
0.748293,0.515932
0.809789,0.526958
0.809789,0.526958
0.820281,0.515996
0.860862,0.508838
0.860862,0.508838
0.860862,0.508838
0.860862,0.508838
0.860862,0.508838
0.860862,0.508838
0.860862,0.508838
0.860862,0.508838
0.860862,0.508838
0.860862,0.508838
0.860862,0.508838
0.860862,0.508838
0.860862,0.508838
0.860862,0.508838
0.860862,0.508838
0.860862,0.508838
0.860862,0.508838
0.860862,0.508838
0.803062,0.475628
0.803062,0.475628
0.803062,0.475628
0.803062,0.475628
0.803062,0.475628
0.745262,0.442418
0.687462,0.409208
0.514061,0.309578
0.51759,0.301144
0.57539,0.334354
0.69099,0.400774
0.687462,0.409208
0.629661,0.375998
0.629661,0.375998
0.687462,0.409208
0.745262,0.442418
0.629661,0.375998
0.593156,0.391442
0.650956,0.424652
0.63077,0.344109
0.509293,0.26941
0.509293,0.26941
0.451493,0.2362
0.451493,0.2362
0.34066,0.209948
0.28286,0.176738
0.16726,0.110318
0.109459,0.077108
0.052001,0.076993
0.283696,0.210649
0.457096,0.310279
0.514897,0.343489
0.499798,0.296094
0.556762,0.295393
0.672363,0.361813
0.676991,0.34564
0.676991,0.34564
0.625848,0.360876
0.689634,0.398559
0.807691,0.459455
0.807691,0.459455
0.870119,0.476492
0.873922,0.466947
0.873922,0.466947
0.869293,0.48312
0.864665,0.499292
0.868467,0.489747
0.864665,0.499292
0.864665,0.499292
0.864665,0.499292
0.864665,0.499292
0.871505,0.447514
0.878728,0.412079
0.878728,0.412079
0.875308,0.437968
0.875308,0.437968
0.883295,0.43522
0.879493,0.444766
0.836039,0.422348
0.839842,0.412802
0.799809,0.364495
0.792204,0.383586
0.755973,0.325734
0.798278,0.369415
0.794475,0.378961
0.798278,0.369415
0.80208,0.359869
0.774224,0.273569
0.812733,0.306388
0.814173,0.297232
0.780101,0.266103
0.735982,0.1951
0.702652,0.138644
0.610006,0.197319
0.549814,0.176408
0.50546,0.179031
0.580499,0.163366
0.506184,0.082684
0.54317,0.165381
0.60086,0.136565
0.565983,0.095901
0.626891,0.059741
0.53381,-0.008628
0.532478,-0.065935
0.601202,-0.005753
0.636037,-0.026707
0.623845,0.115891
0.603432,0.180418
0.676791,0.224071
0.665439,0.198577
0.708576,0.176203
0.749445,0.209086
0.687773,0.187262
0.683971,0.196808
0.657627,0.092851
0.682419,0.183431
0.743187,0.180936
0.739367,0.211626
0.731589,0.305177
0.721957,0.211586
0.718154,0.221132
0.780618,0.349926
0.759216,0.384246
0.759216,0.384246
0.759216,0.384246
0.759216,0.384246
0.777549,0.361488
0.76396,0.340574
0.767762,0.331028
0.732926,0.281304
0.736729,0.271759
0.744334,0.252667
0.740531,0.262213
0.782973,0.292845
0.800514,0.30549
0.811922,0.276853
0.738448,0.18695
0.686317,0.100146
0.693923,0.081055
0.64401,0.013564
0.721287,0.09392
0.65922,-0.02462
0.632661,-0.105961
0.745021,-0.000315
0.78687,0.032553
0.870809,0.184231
0.841756,0.182094
0.827167,0.143961
0.726374,0.228628
0.711193,0.192731
0.637547,0.143237
0.646945,0.17166
0.734272,0.245963
0.785804,0.226014
0.753848,0.175879
0.753848,0.175879
0.742469,0.130435
0.730858,0.131724
0.727056,0.141269
0.777995,0.217756
0.743994,0.171018
0.755372,0.216462
0.70582,0.253431
0.70582,0.253431
0.708285,0.248309
0.683958,0.208577
0.693104,0.212411
0.754034,0.220885
0.76161,0.275874
0.765412,0.266328
0.731485,0.28874
0.727683,0.298286
0.689509,0.380699
0.678131,0.335256
0.617201,0.326782
0.54109,0.28241
0.409073,0.182412
0.414137,0.260978
0.441222,0.296008
0.382738,0.268371
0.426741,0.243602
0.311196,0.193532
0.37708,0.229242
0.317368,0.253138
0.150525,0.242693
0.218897,0.216563
0.176994,0.290184
0.301435,0.335193
0.313604,0.317129
0.309801,0.326675
0.41131,0.305165
0.349455,0.281961
0.406655,0.281642
0.355003,0.26976
0.554039,0.277743
0.646557,0.242277
0.589357,0.242596
0.663995,0.263204
0.675517,0.314002
0.728915,0.323229
0.826329,0.381952
0.729945,0.315702
0.728492,0.336981
0.667176,0.333287
0.742646,0.306067
0.803576,0.314541
0.808727,0.301302
0.612105,0.294151
0.606771,0.308617
0.673775,0.302919
0.676724,0.297091
0.614773,0.277858
0.676381,0.285129
0.578915,0.215704
0.648247,0.295195
0.698087,0.330799
0.69968,0.327377
0.810256,0.320009
0.772682,0.259957
0.729711,0.212874
0.726649,0.222714
0.821726,0.292869
0.816086,0.277306
0.814914,0.315782
0.813445,0.322201
0.751564,0.302438
0.594233,0.173033
0.7075,0.220551
0.730283,0.183155
0.778587,0.215772
0.779379,0.210557
0.733459,0.133746
0.73499,0.128826
0.733813,0.168255
0.666528,0.163488
0.698857,0.080637
0.653663,0.075339
0.65471,0.072982
0.735705,0.22133
0.688729,0.099899
0.643473,0.141437
0.649412,0.165934
0.696925,0.203766
0.644504,0.223075
0.69656,0.251657
0.500921,0.247739
0.500921,0.247739
0.455237,0.260174
0.404347,0.274563
0.357574,0.237025
0.504919,0.25055
0.590197,0.33742
0.554182,0.363151
0.501761,0.38246
0.360389,0.311933
0.406491,0.35196
0.406491,0.35196
0.35321,0.3737
0.249899,0.407397
0.351678,0.37862
0.402568,0.364232
0.39692,0.421078
0.340382,0.492313
0.289493,0.506702
0.361331,0.374932
0.46311,0.346155
0.406572,0.41739
0.430581,0.455269
0.481471,0.44088
0.328802,0.484046
0.390166,0.410967
0.339276,0.425355
0.339276,0.425355
0.301798,0.504807
0.301798,0.504807
0.250908,0.519196
0.267438,0.557125
0.388088,0.399927
0.357184,0.38649
0.204212,0.432335
0.191075,0.494471
0.068737,0.513648
-0.033423,0.529101
0.047489,0.529537
-0.12326,0.62904
-0.150497,0.586065
-0.009952,0.537216
-0.0741,0.577814
-0.144723,0.589522
-0.08806,0.578591
-0.203455,0.517215
-0.255285,0.564622
-0.289715,0.46707
-0.289715,0.46707
-0.301839,0.461386
-0.32401,0.555406
-0.293987,0.570231
-0.205761,0.697513
-0.259992,0.759895
-0.299334,0.781197
-0.304168,0.744722
-0.323045,0.751828
-0.282939,0.742559
-0.219925,0.733855
-0.311257,0.70675
-0.287008,0.718118
-0.174045,0.728043
-0.142395,0.69371
0.061564,0.679977
0.071368,0.647966
0.03406,0.621286
-0.169134,0.647053
-0.217896,0.728482
-0.285723,0.796884
-0.354148,0.770344
-0.333531,0.710083
-0.216006,0.686055
-0.154009,0.70162
-0.120114,0.644583
-0.126465,0.642356
-0.098974,0.632683
-0.089959,0.615099
0.008867,0.623892
0.059326,0.610549
0.136614,0.572693
0.160786,0.528342
0.202738,0.516547
0.134248,0.58533
0.019966,0.640996
-0.035122,0.759524
0.006725,0.692063
-0.027915,0.711134
-0.056204,0.732431
-0.049853,0.734658
-0.124815,0.869728
-0.155591,0.928039
-0.16822,0.944854
-0.19023,0.94711
-0.186999,0.948063
-0.193349,0.945836
-0.165426,0.943116
-0.162885,0.945408
-0.144544,0.939508
-0.135511,0.940319
-0.172578,0.956776
-0.172578,0.956776
-0.147887,0.953103
-0.147887,0.953103
-0.147887,0.953103
-0.132453,0.88821
-0.147887,0.953103
-0.171393,0.909243
-0.171393,0.909243
-0.189734,0.915143
-0.184569,0.964902
-0.184569,0.964902
-0.209261,0.968575
-0.177816,0.959661
-0.137104,0.932521
-0.064946,0.896467
-0.165114,0.960223
-0.133669,0.951309
-0.151104,0.940681
-0.126916,0.946067
-0.064027,0.928238
-0.064027,0.928238
-0.064027,0.928238
-0.001137,0.91041
0.030308,0.901495
-0.01384,0.909847
-0.045285,0.918762
-0.108174,0.93659
-0.139619,0.945505
-0.108174,0.93659
-0.108174,0.93659
-0.171064,0.954419
-0.171064,0.954419
-0.171064,0.954419
-0.171064,0.954419
-0.202508,0.963334
-0.202508,0.963334
-0.202508,0.963334
-0.202508,0.963334
-0.171064,0.954419
-0.171064,0.954419
-0.171064,0.954419
-0.202508,0.963334
-0.233953,0.972248
-0.233953,0.972248
-0.233953,0.972248
-0.21529,0.971353
-0.213472,0.970666
-0.233953,0.972248
-0.233953,0.972248
-0.233953,0.972248
-0.233953,0.972248
-0.192862,0.941483
-0.192862,0.941483
-0.243222,0.845576
-0.252491,0.718903
-0.247857,0.782239
-0.206869,0.746729
-0.206869,0.746729
-0.247857,0.782239
-0.187985,0.83436
-0.187985,0.83436
-0.160366,0.828752
-0.187985,0.83436
-0.192619,0.771024
-0.165,0.765416
-0.192619,0.771024
-0.192619,0.771024
-0.192619,0.771024
-0.14212,0.734959
-0.130681,0.719731
-0.107785,0.781175
-0.107785,0.781175
-0.107785,0.781175
-0.16047,0.867239
-0.155836,0.930575
-0.155836,0.930575
-0.155836,0.930575
-0.155836,0.930575
-0.194894,0.951412
-0.211321,0.9419
-0.211321,0.9419
-0.211321,0.9419
-0.227748,0.932388
-0.242026,0.963657
-0.242026,0.963657
-0.242026,0.963657
-0.201566,0.937908
-0.120646,0.88641
-0.226346,0.927476
-0.202313,0.892215
-0.16946,0.911239
-0.16946,0.911239
-0.20992,0.936987
-0.130898,0.892708
-0.10677,0.811553
-0.10677,0.811553
-0.090439,0.866959
-0.129949,0.889099
-0.126154,0.804535
-0.137476,0.868189
-0.137476,0.868189
-0.137476,0.868189
-0.137476,0.868189
-0.177935,0.893938
-0.177935,0.893938
-0.177935,0.893938
-0.138425,0.871798
-0.217446,0.916078
-0.245688,0.968238
-0.239821,0.970243
-0.245688,0.968238
-0.245688,0.968238
-0.239821,0.970243
-0.239821,0.970243
-0.21029,0.91256
-0.180759,0.854876
-0.180759,0.854876
-0.14786,0.800535
-0.080473,0.741819
-0.080473,0.741819
-0.080473,0.741819
-0.153719,0.847736
-0.153719,0.847736
-0.107223,0.789693
-0.11735,0.78372
-0.065738,0.665587
0.012101,0.488719
0.062382,0.370609
-0.040197,0.486822
-0.00255,0.430154
0.012347,0.435687
0.008872,0.432222
0.005396,0.428758
0.002718,0.425551
0.00706,0.427528
0.00706,0.427528
-0.06562,0.610547
-0.00803,0.571989
-0.058585,0.688273
-0.042779,0.627284
-0.018055,0.566159
-0.019113,0.568008
-0.061411,0.52345
0.046251,0.369061
0.155779,0.346716
0.082475,0.386476
0.077502,0.304775
0.081797,0.325856
0.096353,0.258653
0.122661,0.198524
0.112733,0.137886
0.163286,0.160326
0.258114,0.002864
0.231805,0.062994
0.215507,-0.05621
0.295177,-0.049221
0.309493,-0.027288
0.363835,-0.063188
0.389812,0.025603
0.425524,-0.025025
0.396891,-0.06889
0.320029,-0.0312
0.310626,-0.040701
0.352728,0.040287
0.346016,-0.025002
0.341628,0.013703
0.322825,0.080715
0.337142,0.102647
0.250977,0.166611
0.202427,0.314493
0.128476,0.194293
0.171523,0.20985
0.226689,0.248324
0.30359,0.247238
0.316429,0.149985
0.196878,0.368572
0.130791,0.451708
0.214813,0.310581
0.160684,0.31146
0.161193,0.408245
0.043243,0.575239
0.06557,0.566055
0.112227,0.577904
0.106768,0.577061
0.121537,0.512057
0.161103,0.511398
0.228037,0.413071
0.28577,0.367654
0.312079,0.307525
0.350404,0.248052
0.273097,0.333105
0.328491,0.229903
0.19676,0.421931
0.100741,0.563331
0.181991,0.486936
0.181991,0.486936
0.129349,0.524476
0.048099,0.600871
0.062416,0.622803
0.062416,0.622803
0.117357,0.606538
0.117357,0.606538
0.117357,0.606538
0.157982,0.568341
0.172299,0.590273
0.213357,0.560073
0.091482,0.674666
0.050857,0.712863
0.050857,0.712863
0.030757,0.749461
0.031182,0.784458
0.010657,0.786058
-0.007703,0.761817
0.012397,0.72522
0.094514,0.664821
0.09408,0.656823
0.10447,0.657647
0.145095,0.619449
0.198029,0.525987
0.139478,0.547941
0.139478,0.547941
0.130245,0.435969
0.188673,0.316337
0.229298,0.278139
0.359206,0.071419
0.318581,0.109616
0.384616,0.115072
0.413498,0.064047
0.346481,0.170132
0.346481,0.170132
0.28944,0.112742
0.311059,-0.001598
0.282398,-0.028084
0.291621,-0.082637
0.313453,-0.153074
0.357983,-0.277951
0.35255,-0.196949
0.370712,-0.264991
0.299812,-0.083278
0.325983,-0.232396
0.315756,-0.240036
0.29349,-0.177598
0.271225,-0.115159
0.254393,-0.133723
0.221901,-0.078924
0.244166,-0.141363
0.225806,-0.165604
0.244166,-0.141363
0.270336,-0.290481
0.225064,-0.315615
0.24733,-0.378054
0.237469,-0.38219
0.198102,-0.455614
0.220367,-0.518052
0.175015,-0.500559
0.240552,-0.576254
0.205762,-0.473569
0.214474,-0.541358
0.214474,-0.541358
0.256778,-0.66721
0.286678,-0.726486
0.320334,-0.722835
0.275609,-0.688424
0.213331,-0.499324
0.234994,-0.534449
0.257259,-0.596888
0.258765,-0.534179
0.282537,-0.533908
0.284828,-0.533098
0.349398,-0.721389
0.36721,-0.785775
0.369437,-0.784801
0.411741,-0.910653
0.416193,-0.908704
0.416193,-0.908704
0.416193,-0.908704
0.41842,-0.90773
0.420646,-0.906756
0.425098,-0.904808
0.427325,-0.903834
0.427325,-0.903834
0.425098,-0.904808
0.425098,-0.904808
0.429551,-0.90286
0.429551,-0.90286
0.429551,-0.90286
0.431777,-0.901885
0.431777,-0.901885
0.434003,-0.900911
0.434003,-0.900911
0.421404,-0.855977
0.393756,-0.856563
0.393756,-0.856563
0.393756,-0.856563
0.393756,-0.856563
0.393756,-0.856563
0.349795,-0.842064
0.377443,-0.841478
0.348532,-0.781458
0.42014,-0.795371
0.471324,-0.656543
0.411113,-0.688121
0.440659,-0.59738
0.42561,-0.6429
0.395512,-0.733942
0.410561,-0.688421
0.379896,-0.629258
0.410561,-0.688421
0.355897,-0.631169
0.341973,-0.612492
0.395512,-0.733942
0.433435,-0.750707
0.418387,-0.796228
0.403338,-0.841748
0.434003,-0.900911
0.395133,-0.893587
0.434003,-0.900911
0.434003,-0.900911
0.404581,-0.900671
0.434003,-0.900911
0.434003,-0.900911
0.392109,-0.851938
0.392109,-0.851938
0.392109,-0.851938
0.350214,-0.802966
0.332261,-0.806086
0.333785,-0.805303
0.322812,-0.808422
0.322812,-0.808422
0.31184,-0.811542
0.313363,-0.810759
0.314887,-0.809976
0.328367,-0.864283
0.284948,-0.816093
0.302391,-0.813878
0.322341,-0.86909
0.315361,-0.86909
0.315361,-0.86909
0.345809,-0.862068
0.314887,-0.809976
0.272992,-0.761003
0.285489,-0.757101
0.285489,-0.757101
0.268114,-0.760991
0.242648,-0.709681
0.2332,-0.712017
0.192828,-0.662262
0.2332,-0.712017
0.220703,-0.71592
0.183065,-0.676698
0.206683,-0.720605
0.153816,-0.674751
0.183931,-0.693677
0.154532,-0.640802
0.186516,-0.587046
0.146905,-0.577476
0.170299,-0.678102
0.203138,-0.735805
0.156814,-0.721712
0.173717,-0.778489
0.124039,-0.773631
0.064647,-0.769643
0.04396,-0.773631
0.016958,-0.829208
0.010963,-0.765454
0.022956,-0.766372
0.120153,-0.665521
0.110082,-0.650318
0.040738,-0.653486
-0.09081,-0.752397
-0.063677,-0.689009
-0.007666,-0.680695
-0.007252,-0.687955
-0.007314,-0.650359
0.127399,-0.785823
0.11505,-0.768832
0.089129,-0.766767
0.129423,-0.673438
0.040113,-0.586471
0.026983,-0.637632
-0.012637,-0.683587
-0.090923,-0.694729
-0.12422,-0.692204
-0.129709,-0.693793
0.018825,-0.741012
0.029097,-0.732849
-0.09779,-0.593545
-0.033654,-0.56067
-0.001199,-0.511474
-0.163002,-0.514973
-0.154559,-0.486614
-0.221672,-0.482145
-0.244073,-0.478234
-0.244073,-0.478234
-0.091587,-0.486833
-0.148259,-0.474636
-0.220112,-0.475185
-0.088172,-0.562061
0.036914,-0.517879
0.127291,-0.642094
0.190229,-0.640259
0.171682,-0.575395
-0.032425,-0.59733
-0.025094,-0.542819
0.071591,-0.485876
0.13873,-0.522588
0.157795,-0.482566
0.223064,-0.551757
0.186992,-0.608187
0.15732,-0.548493
0.093119,-0.522206
0.089979,-0.531883
0.257362,-0.600594
0.316679,-0.538909
0.471243,-0.618855
0.51132,-0.67071
0.456091,-0.696516
0.405608,-0.6525
0.299156,-0.546207
0.248106,-0.497472
0.205349,-0.519388
0.121629,-0.544277
0.062851,-0.42961
-0.016519,-0.279756
-0.055116,-0.31264
-0.143564,-0.138278
-0.209009,-0.042775
-0.260822,-0.023626
-0.252998,0.013522
-0.27049,-0.11157
-0.23457,-0.012447
-0.229486,-0.088176
-0.136623,-0.07326
-0.196423,-0.040974
-0.159024,-0.1666
-0.196073,-0.126707
-0.196073,-0.126707
-0.196073,-0.126707
-0.196327,-0.118487
-0.13381,-0.271859
-0.166728,-0.128009
-0.206806,-0.076154
-0.25676,-0.075919
-0.312857,0.11252
-0.33932,0.177291
-0.362971,0.291375
-0.35826,0.409436
-0.344024,0.3317
-0.325325,0.268887
-0.325928,0.36284
-0.358243,0.412737
-0.287384,0.416897
-0.335341,0.34501
-0.338242,0.329463
-0.268673,0.264389
-0.180995,0.205239
-0.161787,0.283375
-0.137398,0.424456
-0.112387,0.474885
-0.074562,0.480921
-0.136971,0.556118
-0.150646,0.486618
-0.190298,0.482499
-0.200135,0.563912
-0.200135,0.563912
-0.28041,0.733148
-0.385076,0.824715
-0.385076,0.824715
-0.292835,0.782002
-0.341366,0.812331
-0.325021,0.852752
-0.325021,0.852752
-0.287482,0.847833
-0.287482,0.847833
-0.287482,0.847833
-0.263191,0.850241
-0.21953,0.837937
-0.26324,0.850321
-0.269362,0.857705
-0.313071,0.870089
-0.237993,0.860252
-0.262284,0.857844
-0.218575,0.84546
-0.256114,0.850379
-0.256114,0.850379
-0.251754,0.838668
-0.251754,0.838668
-0.249387,0.766059
-0.255557,0.773524
-0.245027,0.754349
-0.245027,0.754349
-0.196957,0.730254
-0.245027,0.754349
-0.330636,0.783362
-0.293504,0.728592
-0.282566,0.759267
-0.274402,0.812701
-0.311941,0.81762
-0.311941,0.81762
-0.360011,0.841714
-0.408081,0.865808
-0.456151,0.889903
-0.456151,0.889903
-0.456151,0.889903
-0.458606,0.772573
-0.457378,0.831238
-0.456151,0.889903
-0.456151,0.889903
-0.456151,0.889903
-0.456151,0.889903
-0.456151,0.889903
-0.456151,0.889903
-0.456151,0.889903
-0.456151,0.889903
-0.456151,0.889903
-0.456151,0.889903
-0.456151,0.889903
-0.419586,0.834649
-0.456151,0.889903
-0.456151,0.889903
-0.456151,0.889903
-0.456151,0.889903
-0.456151,0.889903
-0.409565,0.871479
-0.362978,0.853055
-0.362978,0.853055
-0.362978,0.853055
-0.362978,0.853055
-0.362978,0.853055
-0.362978,0.853055
-0.362978,0.853055
-0.409565,0.871479
-0.409565,0.871479
-0.409565,0.871479
-0.409565,0.871479
-0.409565,0.871479
-0.409565,0.871479
-0.409565,0.871479
-0.362978,0.853055
-0.314789,0.828202
-0.409565,0.871479
-0.456151,0.889903
-0.41943,0.885698
-0.378791,0.877581
-0.378791,0.877581
-0.34207,0.873376
-0.276519,0.76516
-0.350258,0.824232
-0.285796,0.769074
-0.245157,0.760957
-0.285796,0.769074
-0.297016,0.666425
-0.244454,0.701937
-0.161848,0.67694
-0.182985,0.673802
-0.23854,0.665315
-0.1979,0.657197
-0.233735,0.603982
-0.22893,0.542649
-0.224125,0.481316
-0.224125,0.481316
-0.214515,0.358651
-0.183486,0.473198
-0.144065,0.420628
-0.161852,0.395722
-0.232302,0.333744
-0.201273,0.448292
-0.155829,0.378841
-0.186858,0.264294
-0.169929,0.328651
-0.186858,0.264294
-0.227498,0.272412
-0.194238,0.346818
-0.199043,0.40815
-0.075241,0.324704
0.048561,0.241258
-0.051095,0.347513
0.073929,0.35867
-0.018692,0.36345
-0.076158,0.535782
-0.033151,0.591685
-0.016222,0.656042
-0.058951,0.56747
0.016394,0.537215
0.007885,0.544386
-0.033251,0.726767
-0.153714,0.73032
-0.209968,0.806902
-0.193431,0.73174
-0.200434,0.736996
-0.254387,0.813618
-0.23874,0.77767
-0.34064,0.883243
-0.37277,0.88419
-0.303954,0.879068
-0.34064,0.883243
-0.351251,0.879891
-0.383381,0.880838
-0.319121,0.878945
-0.319121,0.878945
-0.391891,0.888009
-0.382332,0.825494
-0.318071,0.823601
-0.285941,0.822654
-0.276382,0.760139
-0.253811,0.821708
-0.26337,0.884223
-0.2955,0.885169
-0.244189,0.85765
-0.244189,0.85765
-0.211895,0.808544
-0.244025,0.809491
-0.244025,0.809491
-0.1796,0.759438
-0.1796,0.759438
-0.131323,0.733938
-0.131323,0.733938
-0.227878,0.784938
-0.227878,0.784938
-0.249213,0.749575
-0.249213,0.749575
-0.276155,0.810437
-0.227878,0.784938
-0.276155,0.810437
-0.227878,0.784938
-0.144436,0.756472
-0.240991,0.807471
-0.240991,0.807471
-0.113534,0.766108
-0.07837,0.763142
-0.065257,0.740608
-0.07837,0.763142
-0.122385,0.77604
0.009333,0.722074
0.105888,0.671075
0.070724,0.674041
0.022446,0.699541
-0.053146,0.688044
-0.08831,0.69101
-0.123474,0.693976
-0.144436,0.756472
-0.192714,0.781972
-0.192714,0.781972
-0.276155,0.810437
-0.311319,0.813404
-0.217433,0.773025
-0.219578,0.78021
-0.265448,0.796807
-0.168894,0.745808
-0.168894,0.745808
-0.024062,0.669309
-0.072339,0.694808
0.024215,0.643809
0.072493,0.618309
0.072493,0.618309
0.12077,0.59281
0.169047,0.56731
0.169047,0.56731
0.12077,0.59281
-0.024062,0.669309
-0.024062,0.669309
0.021808,0.652712
-0.026469,0.678212
-0.217171,0.771307
-0.214764,0.762404
-0.263042,0.787904
-0.214764,0.762404
-0.214764,0.762404
-0.263042,0.787904
-0.214764,0.762404
-0.214764,0.762404
-0.166487,0.736905
-0.166487,0.736905
0.007329,0.682137
-0.035498,0.693142
-0.035498,0.693142
-0.035498,0.693142
-0.035498,0.693142
-0.255223,0.790745
-0.206946,0.765245
-0.199127,0.768087
-0.295682,0.819086
-0.255223,0.790745
-0.206946,0.765245
-0.158669,0.739746
-0.143019,0.737206
-0.094741,0.711706
-0.094741,0.711706
-0.079091,0.709167
-0.04047,0.667972
-0.032651,0.670813
-0.098415,0.685999
-0.050125,0.652277
-0.095776,0.68555
-0.116898,0.728837
-0.10908,0.731678
-0.028136,0.658552
-0.018184,0.661806
-0.07428,0.684464
-0.060281,0.620667
-0.173673,0.572577
-0.173673,0.572577
-0.17366,0.564355
-0.197115,0.555831
-0.180304,0.671365
-0.142009,0.669786
-0.190287,0.695286
-0.190287,0.695286
-0.159896,0.695295
-0.186485,0.756288
-0.139277,0.735947
-0.186485,0.756288
-0.186485,0.756288
-0.203303,0.776638
-0.107804,0.722576
-0.125704,0.756307
-0.221202,0.81037
-0.26841,0.83071
-0.298801,0.830701
-0.250524,0.805201
-0.220133,0.805211
-0.26841,0.83071
-0.22012,0.796989
-0.189729,0.796999
-0.22012,0.796989
-0.172155,0.77348
-0.220445,0.807202
-0.106953,0.744887
-0.233275,0.791895
-0.185309,0.768386
-0.118834,0.715386
-0.118834,0.715386
-0.118386,0.706349
-0.118386,0.706349
-0.215076,0.764395
-0.202833,0.767933
-0.251111,0.793433
-0.203145,0.769924
-0.153008,0.616918
-0.104418,0.589427
-0.199764,0.59996
-0.239011,0.54445
-0.190734,0.51895
-0.214009,0.540163
-0.177356,0.628066
-0.065035,0.594407
-0.003898,0.620631
-0.052175,0.646131
0.044379,0.595131
0.10012,0.572824
0.161364,0.591264
0.11645,0.605811
0.023259,0.645858
-0.073296,0.696858
-0.028382,0.68231
0.016532,0.667763
0.064809,0.642263
-0.076659,0.70781
0.068172,0.631311
-0.121573,0.722357
-0.121573,0.722357
-0.166487,0.736905
0.010335,0.601944
-0.11821,0.711405
-0.136787,0.677224
-0.040232,0.626225
0.056322,0.575226
0.104599,0.549726
0.074899,0.609406
0.016405,0.655006
0.016405,0.655006
-0.021655,0.660406
-0.021655,0.660406
-0.021655,0.660406
0.123177,0.583906
0.074899,0.609406
0.074899,0.609406
-0.021655,0.660406
-0.069932,0.685905
-0.263042,0.787904
-0.297585,0.819049
-0.338922,0.847178
-0.383803,0.874186
-0.397536,0.86854
-0.374371,0.830021
-0.40989,0.886113
-0.40989,0.886113
-0.40989,0.886113
-0.413287,0.884605
-0.423902,0.840403
-0.459972,0.848718
-0.456576,0.850226
-0.459972,0.848718
-0.463369,0.84721
-0.444609,0.850689
-0.463369,0.84721
-0.463369,0.84721
-0.44596,0.894427
-0.44596,0.894427
-0.397444,0.865985
-0.397444,0.865985
-0.439167,0.897444
-0.44596,0.894427
-0.442564,0.895936
-0.442564,0.895936
-0.44596,0.894427
-0.44596,0.894427
-0.392394,0.877622
-0.355932,0.797543
-0.359329,0.796034
-0.366122,0.793018
-0.366122,0.793018
-0.369399,0.791572
-0.28267,0.708021
-0.240993,0.658101
-0.28944,0.690224
-0.28944,0.690224
-0.247763,0.640304
-0.247763,0.640304
-0.206085,0.590385
-0.206085,0.590385
-0.12273,0.490546
-0.081052,0.440626
-0.081052,0.440626
-0.081052,0.440626
0.043981,0.290867
0.044289,0.291277
0.002612,0.341197
0.127645,0.191438
0.169322,0.141518
0.231318,0.094874
0.189949,0.145204
0.169631,0.141928
0.199427,-0.018188
0.288877,-0.062724
0.283091,-0.117617
0.328109,-0.132371
0.373705,-0.183582
0.459754,-0.185364
0.636364,-0.293959
0.636673,-0.293549
0.636828,-0.293344
0.678506,-0.343264
0.540477,-0.080194
0.480371,-0.061117
0.417389,-0.076592
0.439274,-0.179576
0.439428,-0.17937
0.280506,-0.071405
0.162622,-0.05664
0.170681,-0.008293
0.18542,-0.048839
0.201276,-0.034189
0.335703,-0.049048
0.396031,-0.071003
0.365441,-0.108793
0.295012,-0.058633
0.217438,-0.001242
0.23748,-0.136348
0.081113,-0.20623
0.082401,-0.221064
0.192825,-0.264768
0.148896,-0.229758
0.095978,-0.12485
0.052536,0.019092
-0.059546,0.17842
-0.02942,0.108182
0.002557,-0.030637
0.011798,-0.130548
-0.00645,0.036796
-0.075298,-0.024433
-0.120143,0.035176
-0.066071,0.068878
-0.024409,-0.077141
-0.058093,-0.024064
0.000706,-0.107001
0.080881,-0.117581
0.188885,-0.092674
0.387068,-0.071527
0.487206,-0.143057
0.491271,-0.159426
0.470931,-0.167364
0.563796,-0.2272
0.598823,-0.242878
0.685651,-0.313672
0.683391,-0.318101
0.683748,-0.29399
0.764398,-0.235722
0.787929,-0.114609
0.816939,-0.117937
0.821005,-0.134307
0.821361,-0.110196
0.781708,-0.146526
0.779081,-0.204352
0.83461,-0.243103
0.891691,-0.244821
0.890977,-0.293043
0.899294,-0.304823
0.903764,-0.273381
0.903407,-0.297492
0.91021,-0.35189
0.918883,-0.33956
0.927556,-0.327229
0.917584,-0.316835
0.917584,-0.316835
0.917228,-0.340946
0.901614,-0.358055
0.887147,-0.363976
0.890929,-0.395883
0.898375,-0.36686
0.888047,-0.380577
0.877719,-0.394294
0.857062,-0.421729
0.846378,-0.459557
0.834246,-0.474794
0.875559,-0.419925
0.875202,-0.444036
0.875202,-0.444036
0.88553,-0.430319
0.895858,-0.416602
0.895858,-0.416602
0.895858,-0.416602
0.885174,-0.295604
0.87817,-0.259843
0.891822,-0.196649
0.765694,-0.189084
0.709634,-0.221061
0.828758,-0.192866
0.828758,-0.192866
0.821754,-0.157106
0.877814,-0.125128
0.884818,-0.160888
0.884818,-0.160888
0.877814,-0.125128
0.884818,-0.160888
0.891822,-0.196649
0.884818,-0.160888
0.835616,-0.205823
0.835616,-0.205823
0.77941,-0.214998
0.76656,-0.14473
0.697504,-0.083637
0.697779,-0.03994
0.648853,-0.041177
0.663543,-0.082976
0.77384,-0.136793
0.71063,-0.110208
0.753985,-0.030765
0.753985,-0.030765
0.810191,-0.02159
0.885976,-0.162141
0.856802,-0.017847
0.849798,0.017914
0.835789,0.089434
0.828785,0.125195
0.814777,0.196716
0.790676,0.176597
0.677819,0.171987
0.729059,0.176177
0.722055,0.211937
0.708047,0.283458
0.757626,0.283594
0.725464,0.178327
0.74903,0.225333
0.743462,0.216175
0.729454,0.287696
0.776549,0.381145
0.758745,0.482799
0.758745,0.482799
0.744736,0.554319
0.744736,0.554319
0.75174,0.518559
0.744736,0.554319
0.758745,0.482799
0.75174,0.518559
0.765749,0.447038
0.75174,0.518559
0.719111,0.497786
0.744736,0.554319
0.744736,0.554319
0.75174,0.518559
0.75174,0.518559
0.75174,0.518559
0.744736,0.554319
0.75174,0.518559
0.690669,0.537954
0.676661,0.609475
0.695489,0.565747
0.65784,0.491757
0.702011,0.467331
0.62943,0.468307
0.62943,0.468307
0.603201,0.438128
0.599903,0.42223
0.596737,0.386468
0.612615,0.416264
0.549674,0.334342
0.574809,0.344411
0.623968,0.371324
0.644214,0.477993
0.634958,0.497721
0.644372,0.475857
0.700849,0.506118
0.626422,0.428486
0.663507,0.303766
0.612782,0.333703
0.669971,0.355426
0.653355,0.317141
0.631751,0.244173
0.59418,0.175027
0.675379,0.181867
0.647137,0.24746
0.656499,0.22189
0.650035,0.170229
0.570595,0.20978
0.474327,0.181102
0.489553,0.218538
0.527124,0.287684
0.574109,0.334966
0.603666,0.325363
0.603666,0.325363
0.603666,0.325363
0.617704,0.364784
0.70521,0.407687
0.70226,0.481212
0.696623,0.410277
0.709551,0.513598
0.709551,0.513598
0.709551,0.513598
0.709551,0.513598
0.709551,0.513598
0.709551,0.513598
0.716015,0.565259
0.709551,0.513598
0.724152,0.551251
0.730617,0.602912
0.700969,0.546834
0.730617,0.602912
0.730617,0.602912
0.722216,0.634426
0.720312,0.586127
0.722954,0.635055
0.722954,0.635055
0.712312,0.581222
0.712312,0.581222
0.704175,0.59523
0.704175,0.59523
0.704175,0.59523
0.704175,0.59523
0.702271,0.546931
0.688141,0.572232
0.666834,0.669238
0.666834,0.669238
0.666834,0.669238
0.666834,0.669238
0.690825,0.65915
0.714817,0.649062
0.714817,0.649062
0.71672,0.697361
0.702803,0.642309
0.702803,0.642309
0.688886,0.587258
0.702803,0.642309
0.71672,0.697361
0.71672,0.697361
0.71672,0.697361
0.71672,0.697361
0.725528,0.680588
0.725528,0.680588
0.725528,0.680588
0.725528,0.680588
0.71672,0.697361
0.71672,0.697361
0.71672,0.697361
0.71672,0.697361
0.71672,0.697361
0.71672,0.697361
0.71672,0.697361
0.71672,0.697361
0.71672,0.697361
0.71672,0.697361
0.71672,0.697361
0.71672,0.697361
0.71672,0.697361
0.71672,0.697361
0.71672,0.697361
0.725094,0.682489
0.725094,0.682489
0.725094,0.682489
0.725094,0.682489
0.71672,0.697361
0.71672,0.697361
0.71672,0.697361
0.71672,0.697361
0.71672,0.697361
0.71672,0.697361
0.71672,0.697361
0.713242,0.647763
0.713242,0.647763
0.713242,0.647763
0.702554,0.642232
0.688388,0.587104
0.688388,0.587104
0.688388,0.587104
0.688388,0.587104
0.702554,0.642232
0.702554,0.642232
0.71672,0.697361
0.71672,0.697361
0.71672,0.697361
0.71672,0.697361
0.71672,0.697361
0.71672,0.697361
0.71672,0.697361
0.71672,0.697361
0.68934,0.640966
0.68934,0.640966
0.692334,0.637425
0.664954,0.58103
0.664954,0.58103
0.707189,0.701911
0.707189,0.701911
0.697269,0.637273
0.697269,0.637273
0.697269,0.637273
0.669555,0.531772
0.669555,0.531772
0.659468,0.529746
0.671828,0.584266
0.671828,0.584266
0.671828,0.584266
0.71672,0.697361
0.71672,0.697361
0.71672,0.697361
0.71672,0.697361
0.71672,0.697361
0.71672,0.697361
0.71672,0.697361
0.71672,0.697361
0.71672,0.697361
0.71672,0.697361
0.71672,0.697361
0.71672,0.697361
0.71672,0.697361
0.71672,0.697361
0.720463,0.655474
0.660688,0.665282
0.660688,0.665282
0.660688,0.665282
0.660876,0.618986
0.624775,0.610947
0.609057,0.620017
0.609057,0.620017
0.593338,0.629088
0.557425,0.574753
0.613457,0.606832
0.665089,0.652096
0.64937,0.661167
0.685282,0.715503
0.68657,0.715149
0.68657,0.715149
0.68657,0.715149
0.71672,0.697361
0.716641,0.697442
0.716641,0.697442
0.716641,0.697442
0.716641,0.697442
0.717729,0.652125
0.71765,0.652207
0.717729,0.652125
0.695419,0.662098
0.695419,0.662098
0.69548,0.615671
0.695541,0.569243
0.695603,0.522816
0.696691,0.477499
0.696691,0.477499
0.69663,0.523926
0.685227,0.516227
0.696507,0.616781
0.696507,0.616781
0.697595,0.571464
0.645868,0.573646
0.644779,0.618963
0.644779,0.618963
0.644779,0.618963
0.645868,0.573646
0.644779,0.618963
0.652222,0.553552
0.652222,0.553552
0.630572,0.497049
0.619296,0.47185
0.620385,0.426533
0.592414,0.43637
0.594794,0.4394
0.594794,0.4394
0.607123,0.521983
0.657762,0.565119
0.670516,0.629664
0.713184,0.557159
0.722365,0.56444
0.718897,0.606727
0.717808,0.652044
0.718897,0.606727
0.718897,0.606727
0.718897,0.606727
0.71672,0.697361
0.71672,0.697361
0.720737,0.692343
0.660778,0.66496
0.660778,0.66496
0.660778,0.66496
0.61503,0.666881
0.523534,0.670724
0.523534,0.670724
0.523534,0.670724
0.529466,0.66237
0.535398,0.654015
0.470441,0.599689
0.516189,0.597767
0.535429,0.500133
0.638487,0.578432
0.657696,0.63468
0.70311,0.633096
0.697179,0.64145
0.697179,0.64145
0.716387,0.697699
0.716387,0.697699
0.716387,0.697699
0.716387,0.697699
0.716387,0.697699
0.716387,0.697699
0.716387,0.697699
0.71672,0.697361
0.71672,0.697361
0.71672,0.697361
0.71672,0.697361
0.71672,0.697361
0.71672,0.697361
0.71672,0.697361
0.722913,0.645505
0.71672,0.697361
0.667487,0.627151
0.667487,0.627151
0.661018,0.664159
0.605316,0.630956
0.605316,0.630956
0.605316,0.630956
0.605316,0.630956
0.605316,0.630956
0.605316,0.630956
0.661018,0.664159
0.605316,0.630956
0.612322,0.595201
0.545272,0.612339
0.565075,0.653391
0.516379,0.584434
0.596226,0.644103
0.533517,0.646656
0.497618,0.654505
0.497618,0.654505
0.428036,0.607247
0.428036,0.607247
0.394353,0.552139
0.463935,0.599397
0.557753,0.561792
0.647138,0.650103
0.647138,0.650103
0.647138,0.650103
0.683037,0.642253
0.683037,0.642253
0.683037,0.642253
0.683037,0.642253
0.595005,0.550358
0.506972,0.458463
0.506972,0.458463
0.574338,0.568679
0.5147,0.480985
0.46035,0.444198
0.46564,0.495104
0.46564,0.495104
0.46564,0.495104
0.628688,0.605466
0.627537,0.629588
0.572037,0.616923
0.572037,0.616923
0.538353,0.561815
0.572037,0.616923
0.572037,0.616923
0.538353,0.561815
0.50467,0.506707
0.560171,0.519372
0.649354,0.587145
0.649354,0.587145
0.615671,0.532037
0.649354,0.587145
0.649354,0.587145
0.683037,0.642253
0.649354,0.587145
0.683037,0.642253
0.683037,0.642253
0.71672,0.697361
0.71672,0.697361
0.71672,0.697361
0.720194,0.655081
0.720194,0.655081
0.720194,0.655081
0.720194,0.655081
0.727141,0.570522
0.735223,0.53785
0.738697,0.49557
0.746779,0.462898
0.692123,0.501071
0.687514,0.491463
0.690988,0.449184
0.696797,0.441072
0.696797,0.441072
0.688715,0.473744
0.621948,0.371131
0.67313,0.375238
0.670035,0.342398
0.670035,0.342398
0.647502,0.328451
0.644029,0.37073
0.593225,0.291503
0.535474,0.296835
0.513442,0.240309
0.500192,0.175971
0.522725,0.189918
0.634753,0.221533
0.656785,0.27806
0.679318,0.292007
0.653912,0.184192
0.638327,0.085685
0.587523,0.006458
0.593332,-0.001653
0.67019,0.079116
0.676537,0.130705
0.667206,0.151221
0.674154,0.066662
0.665516,-0.116404
0.683436,0.016271
0.573574,-0.033597
0.627852,0.003351
0.504704,-0.013098
0.504704,-0.013098
0.616234,0.019574
0.670511,0.056521
0.748676,0.113263
0.75215,0.070983
0.761481,0.050467
0.780539,0.106694
0.777066,0.148974
0.780539,0.106694
0.761878,0.147726
0.758404,0.190005
0.758404,0.190005
0.761878,0.147726
0.761878,0.147726
0.761878,0.147726
0.761878,0.147726
0.758404,0.190005
0.758404,0.190005
0.761878,0.147726
0.754931,0.232285
0.754931,0.232285
0.758404,0.190005
0.765352,0.105446
0.758404,0.190005
0.705639,0.150105
0.702166,0.192384
0.649401,0.152484
0.631953,0.12016
0.579188,0.080259
0.519476,0.124918
0.550819,-0.011877
0.709113,0.107825
0.649401,0.152484
0.620508,0.075797
0.669799,0.157977
0.683694,-0.011142
0.683777,-0.098764
0.545423,-0.09032
0.54195,-0.04804
0.588307,-0.133856
0.559426,-0.074025
0.503092,-0.120541
0.53694,-0.024995
0.547278,-0.064212
0.557699,-0.191051
0.600487,-0.283482
0.569253,-0.274213
0.555667,-0.281588
0.472506,-0.190639
0.51182,-0.240791
0.530666,-0.314307
0.440841,-0.28018
0.327152,-0.273118
0.322546,-0.274515
0.33947,-0.226742
0.379996,-0.279198
0.433043,-0.269156
0.390255,-0.176724
0.433043,-0.269156
0.251266,-0.089175
0.311908,-0.106279
0.323993,-0.114069
0.349147,-0.058671
0.349147,-0.058671
0.299412,0.11832
0.332158,0.15633
0.37034,0.062502
0.431184,0.06152
0.42771,0.1038
0.42771,0.1038
0.424362,0.052884
0.43628,0.055907
0.400439,0.063779
0.365731,0.115327
0.263948,0.184017
0.237961,0.245369
0.194041,0.294124
0.268064,0.192424
0.233355,0.243972
0.198647,0.295521
0.036784,0.494732
0.018359,0.489145
0.01184,0.480466
-0.016075,0.537025
0.048736,0.432531
0.044044,0.430295
0.03725,0.425285
-0.006585,0.474879
-0.006585,0.474879
-0.085213,0.575183
-0.152716,0.685563
-0.187425,0.737112
-0.142442,0.7248
-0.177151,0.776348
-0.176963,0.760285
-0.172103,0.718964
-0.131094,0.622546
-0.06948,0.519524
0.004543,0.417824
0.043857,0.367672
0.083172,0.31752
0.1618,0.217216
0.113272,0.331707
0.113272,0.331707
0.034643,0.43201
-0.004671,0.482162
-0.004671,0.482162
0.01968,0.420104
0.058994,0.369952
0.176937,0.219496
0.176937,0.219496
0.137623,0.269648
0.073958,0.381858
0.152586,0.281555
0.27053,0.131099
0.156822,0.28998
0.119466,0.340815
0.158781,0.290663
0.119466,0.340815
-0.042027,0.532997
-0.120656,0.633301
-0.199284,0.733605
-0.199284,0.733605
-0.279871,0.833226
-0.279871,0.833226
-0.279871,0.833226
-0.201243,0.732922
-0.201243,0.732922
-0.201243,0.732922
-0.279871,0.833226
-0.314175,0.884863
-0.314175,0.884863
-0.314175,0.884863
-0.314175,0.884863
-0.314175,0.884863
-0.343469,0.937986
-0.343469,0.937986
-0.343469,0.937986
-0.343469,0.937986
-0.343469,0.937986
-0.338458,0.939471
-0.343469,0.937986
-0.343469,0.937986
-0.338508,0.93946
-0.293859,0.901873
-0.245556,0.860893
-0.177097,0.808239
-0.149188,0.753735
-0.159159,0.750775
-0.262484,0.818789
-0.105824,0.70014
-0.059584,0.575801
0.018895,0.526117
0.005779,0.559878
-0.041797,0.631545
-0.041797,0.631545
-0.119388,0.733291
-0.004373,0.627897
-0.084202,0.726073
-0.154575,0.74051
-0.06298,0.657065
-0.02312,0.629692
-0.065245,0.656499
-0.095987,0.657104
-0.13928,0.69957
-0.060162,0.605007
-0.016869,0.562542
0.035653,0.530164
0.069214,0.4775
0.030366,0.513352
0.030366,0.513352
0.111774,0.425901
0.112229,0.419709
0.016543,0.510528
-0.01752,0.56308
-0.094875,0.658098
-0.103892,0.655349
-0.198757,0.734695
-0.194249,0.73607
-0.11637,0.630879
-0.202742,0.723148
-0.133144,0.612373
-0.137652,0.610998
-0.107362,0.554236
-0.163348,0.59007
-0.142161,0.609624
-0.142161,0.609624
-0.180732,0.660802
-0.180732,0.660802
-0.219303,0.71198
-0.184504,0.656592
-0.149705,0.601205
-0.149705,0.601205
-0.080107,0.49043
-0.045307,0.435042
-0.149705,0.601205
-0.114906,0.545817
-0.184504,0.656592
-0.076603,0.535111
-0.076603,0.535111
-0.080107,0.49043
-0.114906,0.545817
-0.170193,0.577762
-0.204992,0.63315
-0.239791,0.688537
-0.239791,0.688537
-0.27459,0.743925
-0.288902,0.822755
-0.323701,0.878142
-0.288902,0.822755
-0.254103,0.767367
-0.323701,0.878142
-0.323701,0.878142
-0.323701,0.878142
-0.323701,0.878142
-0.24362,0.791922
-0.278419,0.847309
-0.25561,0.784677
-0.290409,0.840064
-0.249412,0.825298
-0.294694,0.856131
-0.271885,0.793498
-0.271885,0.793498
-0.294694,0.856131
-0.253697,0.841365
-0.253697,0.841365
-0.253697,0.841365
-0.265317,0.786677
-0.288126,0.849309
-0.301645,0.793823
-0.313264,0.739135
-0.336503,0.629758
-0.336503,0.629758
-0.328293,0.69254
-0.37119,0.706509
-0.408777,0.71318
-0.420397,0.658492
-0.397158,0.767869
-0.397158,0.767869
-0.395258,0.768667
-0.341432,0.806225
-0.341432,0.806225
-0.383639,0.823355
-0.383639,0.823355
-0.395258,0.768667
-0.383639,0.823355
-0.383639,0.823355
-0.402126,0.805827
-0.384594,0.822971
-0.380411,0.824269
-0.40365,0.714892
-0.426889,0.605515
-0.402536,0.715226
-0.410915,0.608847
-0.413941,0.607745
-0.424605,0.55344
-0.401712,0.66268
-0.380385,0.771289
-0.402104,0.755727
-0.417253,0.709249
-0.408549,0.805566
-0.393134,0.852145
-0.390058,0.863603
-0.389102,0.863987
-0.389036,0.864012
-0.336146,0.901145
-0.318544,0.915434
-0.317788,0.915742
-0.229287,0.866437
-0.144835,0.832094
-0.271048,0.883786
-0.185531,0.802615
-0.274032,0.851921
-0.273076,0.852305
-0.318661,0.884721
-0.187034,0.778845
-0.081474,0.658907
-0.009096,0.679655
0.036141,0.650851
-0.008359,0.713438
-0.053529,0.742268
0.037301,0.652892
0.082406,0.624037
0.12712,0.626937
0.168054,0.612068
0.077646,0.669701
0.156001,0.622295
0.156847,0.558811
0.143156,0.560952
0.232936,0.494189
0.146699,0.537837
0.298516,0.473832
0.38879,0.416148
0.394609,0.365799
0.618164,0.235375
0.57713,0.250206
0.580844,0.26795
0.607024,0.197864
0.616765,0.117721
0.608107,0.175264
0.509109,0.290465
0.5055,0.313555
0.460852,0.31068
0.45469,0.268375
0.413233,0.314949
0.424203,0.311601
0.469407,0.282784
0.549666,0.268289
0.549837,0.309147
0.635714,0.232656
0.600251,0.265796
0.67591,0.242226
0.671835,0.288953
0.627087,0.286041
0.709155,0.256378
0.705441,0.238634
0.664474,0.253491
0.664474,0.253491
0.640767,0.195105
0.562002,0.227983
0.549436,0.222829
0.549436,0.222829
0.552792,0.198879
0.454239,0.214734
0.471788,0.261872
0.44683,0.275983
0.516587,0.242069
0.5566,0.182956
0.555423,0.188712
0.543826,0.167209
0.380959,0.218924
0.380959,0.218924
0.416178,0.232744
0.371546,0.193446
0.31396,0.194444
0.174429,0.291922
0.182313,0.29568
0.182313,0.29568
0.079133,0.357249
-0.007725,0.32133
-0.11133,0.355592
-0.08721,0.39439
-0.198244,0.441436
-0.132774,0.444197
-0.149393,0.430338
-0.166012,0.416479
-0.166468,0.448208
-0.047126,0.432228
-0.042227,0.450398
-0.046397,0.464383
-0.063016,0.450524
-0.109976,0.453688
0.001088,0.395878
-0.151509,0.412737
-0.275021,0.442703
-0.276867,0.451567
-0.328659,0.470143
-0.328659,0.470143
-0.342513,0.482301
-0.340667,0.473436
-0.236129,0.44377
-0.297885,0.458753
-0.291875,0.441848
-0.231965,0.43573
-0.292327,0.43362
-0.112597,0.415264
-0.232417,0.427502
-0.189126,0.407524
-0.368856,0.42588
-0.249036,0.413642
-0.433852,0.466819
-0.432006,0.457955
-0.365834,0.409723
-0.310961,0.441349
-0.370871,0.447467
-0.310961,0.441349
-0.310961,0.441349
-0.372369,0.444867
-0.373466,0.455031
-0.313556,0.448913
-0.375312,0.463895
-0.315402,0.457777
-0.195582,0.44554
-0.256717,0.456027
-0.256717,0.456027
-0.436447,0.474383
-0.381817,0.480011
-0.387846,0.490456
-0.274055,0.488665
-0.327936,0.484338
-0.208116,0.4721
-0.088296,0.459863
0.085406,0.451953
0.211255,0.42927
0.271165,0.423151
0.157374,0.424943
0.151345,0.435388
0.097464,0.431061
0.097464,0.431061
0.043583,0.426734
0.103493,0.420616
0.092656,0.383222
0.212476,0.370985
0.141729,0.33971
0.26155,0.327472
0.443799,0.278499
0.383889,0.284618
0.342366,0.284921
0.260038,0.247776
0.372308,0.278748
0.331487,0.228451
0.269112,0.2345
0.355695,0.132792
0.415605,0.126673
0.506714,0.185844
0.295888,0.139259
0.209532,0.034347
0.270658,-0.012659
0.210876,0.027815
0.045612,-0.026031
0.1142,-0.010472
-0.113741,0.058969
-0.15548,0.003141
-0.185135,0.195722
-0.126527,0.179333
-0.106864,0.185536
-0.020078,0.128839
0.023066,0.192038
-0.108795,0.16598
-0.113546,0.146389
-0.162631,0.231689
-0.195665,0.18723
-0.027611,0.184575
0.125243,0.216797
0.159493,0.220369
0.160101,0.199925
0.193135,0.244384
0.127257,0.271798
-0.110453,0.315828
-0.058828,0.22964
-0.114596,0.275793
-0.283258,0.298892
-0.283119,0.299386
-0.273617,0.33857
-0.334274,0.364637
-0.457986,0.367446
-0.454094,0.376874
-0.576504,0.389953
-0.574593,0.379779
-0.634503,0.385898
-0.634503,0.385898
-0.818055,0.424601
-0.818092,0.415726
-0.822843,0.396135
-0.81727,0.417015
-0.756537,0.412184
-0.687691,0.399051
-0.680473,0.422507
-0.484845,0.465503
-0.544755,0.471622
-0.541116,0.46228
-0.430233,0.457058
-0.491787,0.4606
-0.613838,0.476863
-0.49484,0.463338
-0.325537,0.463881
-0.326,0.492923
-0.318556,0.479446
-0.25806,0.466724
-0.200057,0.430119
-0.237693,0.410958
-0.281452,0.442363
-0.254976,0.469737
-0.292089,0.441712
-0.351395,0.448806
-0.473027,0.465709
-0.52891,0.515999
-0.547893,0.501352
-0.493181,0.504673
-0.613243,0.531206
-0.666298,0.506145
-0.603083,0.503967
-0.652009,0.508441
-0.71393,0.512387
-0.827476,0.556704
-0.770731,0.529669
-0.745703,0.545526
-0.750233,0.539649
-0.753941,0.535059
-0.75502,0.533608
-0.753287,0.536355
-0.814966,0.556864
-0.707804,0.561972
-0.709134,0.559874
-0.761641,0.559014
-0.76526,0.554595
-0.788629,0.541305
-0.786999,0.543892
-0.786795,0.544215
-0.78811,0.542107
-0.734999,0.543941
-0.788843,0.540989
-0.78935,0.54018
-0.842461,0.538345
-0.811986,0.551623
-0.811164,0.552912
-0.823591,0.553307
-0.82525,0.550739
-0.827517,0.5472
-0.827671,0.546958
-0.807821,0.563447
-0.78902,0.577525
-0.823582,0.5526
-0.826049,0.548735
-0.824423,0.551323
-0.818206,0.55794
-0.825853,0.549063
-0.828214,0.545357
-0.80901,0.560083
-0.809428,0.559444
-0.790328,0.57401
-0.808706,0.56057
-0.810439,0.557823
-0.811062,0.55686
-0.811062,0.55686
-0.83368,0.534467
-0.829251,0.543752
-0.829143,0.54391
-0.82832,0.545198
-0.805446,0.556418
-0.78563,0.572115
-0.756862,0.522196
-0.757567,0.52106
-0.810732,0.557443
-0.810423,0.557925
-0.791985,0.571442
-0.791524,0.572167
-0.791618,0.572
-0.79253,0.570543
-0.76966,0.508088
-0.726851,0.486551
-0.768394,0.510112
-0.731143,0.537699
-0.711839,0.552588
-0.674091,0.58099
-0.731102,0.537785
-0.751017,0.521926
-0.770833,0.50623
-0.809849,0.558806
-0.829709,0.543024
-0.829253,0.543754
-0.7913,0.572477
-0.734908,0.614717
-0.734908,0.614717
-0.773016,0.585752
-0.791209,0.572646
-0.789943,0.574671
-0.790453,0.573863
-0.789987,0.574586
-0.770873,0.589144
-0.771073,0.588818
-0.771229,0.588578
-0.751257,0.604515
-0.751257,0.604515
-0.693643,0.648694
-0.670387,0.621869
-0.634266,0.647683
-0.676116,0.660752
-0.715137,0.630329
-0.713914,0.632268
-0.676806,0.647188
-0.674972,0.650097
-0.655767,0.664824
-0.728539,0.624819
-0.766182,0.559594
-0.766182,0.559594
-0.786911,0.54244
-0.767405,0.557654
-0.766794,0.558624
-0.766036,0.522858
-0.765726,0.52334
-0.747899,0.572868
-0.765922,0.545184
-0.74825,0.557489
-0.768063,0.504808
-0.786806,0.490807
-0.788639,0.487897
-0.786496,0.491289
-0.786496,0.491289
-0.786496,0.491289
-0.786195,0.491777
-0.710225,0.556661
-0.78604,0.529
-0.784663,0.494199
-0.822419,0.480613
-0.821197,0.482552
-0.821808,0.481582
-0.743328,0.507759
-0.781957,0.495641
-0.781346,0.49661
-0.762443,0.510849
-0.744159,0.524124
-0.697714,0.531471
-0.696646,0.570152
-0.717293,0.57082
-0.718816,0.568393
-0.699766,0.619861
-0.736652,0.592835
-0.736962,0.592353
-0.718979,0.605139
-0.718979,0.605139
-0.695363,0.566765
-0.714886,0.551562
-0.533382,0.517518
-0.533382,0.517518
-0.54085,0.488858
-0.427323,0.437508
-0.460923,0.472092
-0.521425,0.48344
-0.513494,0.512824
-0.540703,0.574374
-0.582923,0.598998
-0.504852,0.611342
-0.386562,0.59592
-0.346902,0.578812
-0.307242,0.561704
-0.338816,0.568336
-0.220525,0.552912
-0.208022,0.545909
-0.12958,0.498903
-0.292647,0.546463
-0.311084,0.532947
-0.216751,0.552132
-0.226695,0.55162
-0.194346,0.546194
-0.213405,0.531715
-0.145518,0.528393
-0.200117,0.593388
-0.284041,0.575438
-0.351929,0.578759
-0.2489,0.543271
-0.320608,0.548889
-0.259797,0.538023
-0.259797,0.538023
-0.297294,0.510027
-0.24769,0.493432
-0.24738,0.493914
-0.164323,0.431409
-0.209895,0.459051
-0.218282,0.549856
-0.2278,0.507247
-0.31986,0.585644
-0.15228,0.593205
-0.25851,0.631955
-0.265896,0.623928
-0.33318,0.603656
-0.378305,0.607465
-0.460966,0.594732
-0.528854,0.598054
-0.546036,0.554546
-0.553423,0.546519
-0.500912,0.550737
-0.613924,0.557867
-0.582136,0.614591
-0.529625,0.618809
-0.566994,0.605105
-0.559607,0.613132
-0.559607,0.613132
-0.499106,0.601784
-0.491116,0.586218
-0.596741,0.601375
-0.559004,0.589539
-0.611514,0.585321
-0.709754,0.608505
-0.709754,0.608505
-0.649252,0.597157
-0.664025,0.581103
-0.731913,0.584424
-0.7393,0.576397
-0.757558,0.530546
-0.770164,0.508107
-0.835886,0.505043
-0.823508,0.527302
-0.816121,0.535329
-0.765775,0.5239
-0.701841,0.53669
-0.695369,0.553305
-0.703027,0.544856
-0.688483,0.56073
-0.695869,0.552703
-0.637099,0.547004
-0.630213,0.554428
-0.623327,0.561853
-0.634933,0.540618
-0.640153,0.526206
-0.587293,0.543975
-0.666414,0.5183
-0.555245,0.568431
-0.539849,0.508481
-0.606277,0.505731
-0.611225,0.491741
-0.617941,0.454871
-0.597053,0.467695
-0.527797,0.50317
-0.484213,0.444857
-0.427476,0.41681
-0.518609,0.397389
-0.456343,0.377189
-0.463831,0.368811
-0.533437,0.485924
-0.549914,0.450302
-0.536838,0.4726
-0.637897,0.491123
-0.583458,0.493786
-0.48562,0.462156
-0.428085,0.51231
-0.421757,0.519023
-0.474617,0.501254
-0.652993,0.590972
-0.682469,0.667438
-0.64386,0.644928
-0.651037,0.627292
-0.56641,0.640058
-0.611443,0.622136
-0.516614,0.65616
-0.662591,0.629259
-0.630102,0.571247
-0.625187,0.585185
-0.632024,0.52477
-0.537864,0.495348
-0.539873,0.546161
-0.616796,0.543903
-0.644057,0.61562
-0.627891,0.633722
-0.653291,0.699282
-0.659231,0.740906
-0.651903,0.74912
-0.649323,0.702779
-0.647676,0.754349
-0.636102,0.76781
-0.640062,0.764139
-0.647334,0.757325
-0.627268,0.777186
-0.638347,0.766828
-0.634405,0.770478
-0.626601,0.777705
-0.623327,0.780837
-0.62386,0.780425
-0.62386,0.780425
-0.625632,0.779057
-0.625746,0.778967
-0.633247,0.771972
-0.593716,0.718633
-0.597999,0.714724
-0.585336,0.764375
-0.533084,0.760732
-0.53712,0.757009
-0.541099,0.753332
-0.544678,0.74997
-0.439853,0.742923
-0.43932,0.743334
-0.483613,0.754332
-0.484374,0.75374
-0.484489,0.75365
-0.432237,0.750007
-0.479884,0.757825
-0.479892,0.75782
-0.539879,0.754282
-0.535815,0.758027
-0.583858,0.765527
-0.635938,0.769304
-0.631588,0.773274
-0.6282,0.776496
-0.632007,0.772953
-0.631892,0.773043
-0.568546,0.770468
-0.568145,0.770783
-0.619079,0.784756
-0.618137,0.731485
-0.617718,0.731807
-0.613263,0.735851
-0.613054,0.736012
-0.613473,0.735691
-0.614645,0.788782
-0.570297,0.785562
-0.570182,0.785651
-0.570182,0.785651
-0.52397,0.779321
-0.52397,0.779321
-0.568222,0.782624
-0.583046,0.793473
-0.615062,0.788471
-0.467271,0.687977
-0.413533,0.664268
-0.413533,0.664268
-0.413114,0.66459
-0.358956,0.641202
-0.358537,0.641524
-0.411648,0.665716
-0.412067,0.665394
-0.506101,0.7422
-0.506311,0.74204
-0.586935,0.7959
-0.587013,0.795837
-0.58627,0.79641
-0.613238,0.789878
-0.613771,0.789467
-0.598544,0.797987
-0.602966,0.768847
-0.613424,0.763621
-0.613539,0.763532
-0.58987,0.801475
-0.601955,0.795369
-0.602487,0.794956
-0.578528,0.807009
-0.589927,0.80143
-0.443416,0.690675
-0.495781,0.725943
-0.495724,0.725988
-0.495855,0.725889
-0.494491,0.726112
-0.461927,0.730419
-0.462193,0.730213
-0.370133,0.653949
-0.382843,0.688737
-0.37061,0.653582
-0.42286,0.68894
-0.455787,0.684357
-0.455797,0.684349
-0.50799,0.719751
-0.560716,0.754741
-0.560773,0.754696
-0.561133,0.754418
-0.561399,0.754212
-0.561798,0.753902
-0.614452,0.788947
-0.614546,0.788876
-0.614489,0.78892
-0.614475,0.788931
-0.614266,0.789093
-0.614266,0.789093
-0.614266,0.789093
-0.614446,0.788954
-0.614769,0.788703
-0.614921,0.788586
-0.614806,0.788676
-0.564706,0.747059
-0.564782,0.747335
-0.564811,0.747313
-0.564954,0.747201
-0.564897,0.747246
-0.494033,0.646694
-0.423345,0.546004
-0.503783,0.56852
-0.503783,0.56852
-0.45345,0.527419
-0.483508,0.50887
-0.503902,0.568428
-0.46981,0.572603
-0.439688,0.591202
-0.419441,0.53153
-0.369061,0.490466
-0.335244,0.437148
-0.346918,0.439982
-0.460381,0.593247
-0.446843,0.599576
-0.444346,0.601349
-0.390522,0.573706
-0.370222,0.514075
-0.26944,0.431963
-0.269476,0.431935
-0.219167,0.390815
-0.273279,0.442869
-0.233444,0.416316
-0.183064,0.375251
-0.11777,0.282328
-0.201681,0.291401
-0.305856,0.360131
-0.273366,0.385216
-0.197727,0.373361
-0.124124,0.293451
-0.098191,0.163447
-0.007095,0.003211
-0.186822,0.059307
-0.181092,0.063397
-0.178973,0.115555
-0.165973,0.162984
-0.179356,0.055809
-0.199685,0.115417
-0.220029,0.175013
-0.150362,0.048118
-0.18332,0.008802
-0.288946,0.077859
-0.195467,-0.07588
-0.171865,-0.135635
-0.151543,-0.195249
-0.139418,-0.110584
-0.136705,-0.037501
-0.157049,0.022095
-0.101488,0.060677
-0.077929,0.088422
-0.075834,-0.003171
-0.18197,0.051621
-0.087282,0.053738
-0.053806,0.031709
0.05182,-0.037348
-0.000568,0.049561
-0.073746,0.14367
-0.019774,0.264958
0.12425,0.155451
0.09288,0.130411
0.072543,0.190013
0.055927,0.251772
0.077199,0.258816
0.09862,0.33321
0.024025,0.34643
-0.029298,0.366693
0.023415,0.348475
0.126107,0.16697
0.056721,0.263291
0.089988,0.295916
0.114979,0.321505
0.110708,0.393218
0.072835,0.447944
0.1357,0.418806
0.007152,0.542187
0.038475,0.554621
0.069998,0.555141
0.091488,0.508178
0.165805,0.426697
0.12424,0.462901
0.05483,0.468833
0.084431,0.534486
0.115958,0.492902
0.177297,0.459288
0.256518,0.365046
0.187178,0.395618
0.133441,0.344829
0.101914,0.386412
0.075827,0.376225
-0.030174,0.430239
0.002262,0.473962
-0.086879,0.546941
-0.123219,0.522113
-0.197536,0.603594
-0.186273,0.60528
-0.249324,0.621798
-0.196497,0.587281
-0.111268,0.600113
-0.047339,0.605879
0.026289,0.596698
0.086085,0.543253
0.085046,0.534756
0.026286,0.663347
-0.04787,0.706231
-0.000542,0.740043
-0.063971,0.716008
-0.137971,0.690843
-0.137971,0.690843
-0.137971,0.690843
-0.137971,0.690843
-0.21147,0.647407
-0.210431,0.655748
-0.252903,0.588999
-0.177737,0.569888
-0.189003,0.610198
-0.102833,0.656626
-0.058786,0.614714
-0.080086,0.607648
-0.091352,0.647958
-0.145219,0.674135
-0.166519,0.667069
-0.209662,0.770553
-0.230963,0.763487
-0.155803,0.744993
-0.134503,0.752059
-0.242222,0.80318
-0.338681,0.814608
-0.274366,0.770806
-0.339096,0.879609
-0.360396,0.872543
-0.310978,0.829648
-0.353579,0.815515
-0.220317,0.780071
-0.31671,0.794407
-0.31671,0.794407
-0.31671,0.794407
-0.424297,0.851344
-0.488197,0.830145
-0.488197,0.830145
-0.466897,0.837212
-0.530797,0.816013
-0.552097,0.808947
-0.530797,0.816013
-0.530797,0.816013
-0.552097,0.808947
-0.552097,0.808947
-0.552097,0.808947
-0.517085,0.822383
-0.520081,0.769589
-0.573397,0.80188
-0.543768,0.782236
-0.543768,0.782236
-0.573397,0.80188
-0.594698,0.794814
-0.594698,0.794814
-0.594698,0.794814
-0.573397,0.80188
-0.615998,0.787748
-0.615998,0.787748
-0.615998,0.787748
-0.615998,0.787748
-0.615998,0.787748
-0.615998,0.787748
-0.615998,0.787748
-0.615998,0.787748
-0.615998,0.787748
-0.615998,0.787748
-0.628593,0.765177
-0.628593,0.765177
-0.641189,0.742606
-0.641189,0.742606
-0.653766,0.712496
-0.651133,0.658119
-0.653766,0.712496
-0.64117,0.735067
-0.653747,0.704958
-0.606707,0.739092
-0.64117,0.735067
-0.64117,0.735067
-0.628593,0.765177
-0.641189,0.742606
-0.641189,0.742606
-0.641189,0.742606
-0.641189,0.742606
-0.641189,0.742606
-0.641189,0.742606
-0.641189,0.742606
-0.628593,0.765177
-0.628593,0.765177
-0.628593,0.765177
-0.613876,0.77174
-0.613876,0.77174
-0.613876,0.77174
-0.613876,0.77174
-0.613876,0.77174
-0.633085,0.742255
-0.645681,0.719684
-0.645755,0.718941
-0.647802,0.735691
-0.647802,0.735691
-0.660397,0.71312
-0.660397,0.71312
-0.672993,0.690549
-0.672993,0.690549
-0.685588,0.667978
-0.698184,0.645406
-0.704797,0.638492
-0.729988,0.59335
-0.71078,0.622835
-0.685588,0.667978
-0.698184,0.645406
-0.698184,0.645406
-0.633468,0.641912
-0.633468,0.641912
-0.626855,0.648826
-0.561508,0.636589
-0.548912,0.65916
-0.536317,0.681731
-0.44404,0.598286
-0.397902,0.556563
-0.397902,0.556563
-0.450654,0.591371
-0.417057,0.585104
-0.417057,0.585104
-0.463195,0.626827
-0.449968,0.640656
-0.449968,0.640656
-0.409758,0.641304
-0.422985,0.627475
-0.506907,0.680988
-0.532674,0.702615
-0.564884,0.759116
-0.55827,0.766031
-0.551657,0.772945
-0.51394,0.789956
-0.55415,0.789308
-0.55415,0.789308
-0.59436,0.78866
-0.59436,0.78866
-0.588449,0.794625
-0.60553,0.787729
-0.580862,0.780285
-0.629224,0.773919
-0.622611,0.780834
-0.622611,0.780834
-0.615998,0.787748
-0.615998,0.787748
-0.615998,0.787748
-0.615998,0.787748
-0.615998,0.787748
-0.615998,0.787748
-0.615998,0.787748
-0.615998,0.787748
-0.615998,0.787748
-0.615998,0.787748
-0.615998,0.787748
-0.615998,0.787748
-0.615998,0.787748
-0.615998,0.787748
-0.581901,0.791939
-0.581901,0.791939
-0.581901,0.791939
-0.55292,0.733435
-0.55292,0.733435
-0.55292,0.733435
-0.55292,0.733435
-0.55292,0.733435
-0.55292,0.733435
-0.494958,0.616429
-0.523939,0.674932
-0.523939,0.674932
-0.523939,0.674932
-0.558035,0.670741
-0.587017,0.729245
-0.587017,0.729245
-0.587017,0.729245
-0.587017,0.729245
-0.587017,0.729245
-0.624756,0.745579
-0.624756,0.745579
-0.570627,0.739259
-0.479886,0.64228
-0.525256,0.69077
-0.570627,0.739259
-0.570627,0.739259
-0.564573,0.748967
-0.510714,0.72197
-0.510714,0.72197
-0.551988,0.766168
-0.551988,0.766168
-0.562139,0.760751
-0.562139,0.760751
-0.562139,0.760751
-0.562139,0.760751
-0.508281,0.733754
-0.508281,0.733754
-0.508281,0.733754
-0.454422,0.706757
-0.508281,0.733754
-0.400564,0.679759
-0.454422,0.706757
-0.400556,0.680519
-0.508281,0.733754
-0.454422,0.706757
-0.435737,0.647216
-0.495132,0.693362
-0.446811,0.685513
-0.350167,0.669816
-0.398489,0.677664
-0.398489,0.677664
-0.398489,0.677664
-0.392952,0.658516
-0.298428,0.557097
-0.324686,0.6083
-0.314382,0.659322
-0.264648,0.617213
-0.177996,0.568717
-0.177368,0.532157
-0.190924,0.5733
-0.211075,0.566227
-0.253659,0.525338
-0.216366,0.401766
-0.223482,0.387143
-0.25447,0.405938
-0.268545,0.301464
-0.267241,0.368086
-0.330192,0.394363
-0.283906,0.359029
-0.225911,0.441111
-0.171767,0.405309
-0.165498,0.347024
-0.138416,0.451973
-0.230817,0.52516
-0.321914,0.66497
-0.375316,0.685681
-0.310328,0.667549
-0.291111,0.673251
-0.236405,0.719161
-0.267779,0.747644
-0.266851,0.748344
-0.276598,0.747869
-0.233438,0.535952
-0.224591,0.469848
-0.154102,0.357263
-0.155031,0.356563
-0.199769,0.407661
-0.08444,0.181043
-0.090614,0.152441
-0.125391,0.20908
0.017897,-0.014984
-0.047566,0.010137
0.014879,-0.170688
0.069133,-0.228461
0.019632,-0.176796
0.098518,-0.284763
0.111905,-0.228677
0.109903,-0.292339
0.107324,-0.288697
0.071123,-0.353475
0.028444,-0.421875
0.064149,-0.477814
-0.0465,-0.487007
-0.072283,-0.501801
-0.099244,-0.5033
-0.099244,-0.5033
-0.077317,-0.562863
-0.09135,-0.560403
-0.102551,-0.564952
-0.072704,-0.570099
-0.089206,-0.629657
-0.108025,-0.627968
0.070639,-0.861802
0.045275,-0.874286
0.064644,-0.813585
0.105601,-0.801536
0.101792,-0.748962
0.125208,-0.680567
0.138445,-0.682331
0.112712,-0.689478
0.110725,-0.696142
0.136829,-0.694332
0.130933,-0.636709
0.211681,-0.640137
0.224548,-0.636564
0.194188,-0.6959
0.196775,-0.566539
0.183908,-0.570113
0.20202,-0.574019
0.199103,-0.576056
0.155397,-0.641286
0.18248,-0.699814
0.193371,-0.698001
0.143891,-0.646219
0.190225,-0.768659
0.181636,-0.771555
0.167524,-0.775895
0.192356,-0.836246
0.190693,-0.836488
0.202469,-0.834065
0.165967,-0.84369
0.178032,-0.907831
0.208707,-0.899707
0.19584,-0.90328
0.206208,-0.900039
0.178812,-0.907429
0.195062,-0.970673
0.187925,-0.973721
0.144048,-0.924843
0.139525,-0.925788
0.132086,-0.927098
0.156428,-0.980378
0.155602,-0.980552
0.131752,-0.987536
0.087888,-0.97762
0.095338,-0.976394
0.070668,-0.97108
0.073171,-0.971846
0.022986,-0.937319
0.01428,-0.93865
-0.054742,-0.905331
0.000914,-0.942449
0.043475,-0.884808
0.046037,-0.884398
0.047293,-0.884292
0.068998,-0.822301
0.10888,-0.92637
0.107144,-0.992979
0.107144,-0.992979
0.096178,-0.927516
0.096886,-0.927128
0.095213,-0.927286
0.069595,-0.866506
0.070433,-0.866437
0.076209,-0.86537
0.095627,-0.927207
0.105338,-0.992776
0.086752,-0.996083
0.088006,-0.995957
0.104756,-0.935354
0.075833,-0.882035
0.10685,-0.93518
0.078534,-0.994705
0.044709,-0.950604
0.042616,-0.950779
0.044287,-0.950599
0.031886,-0.949607
0.045543,-0.950493
0.050141,-0.950034
0.037322,-0.949079
0.003499,-0.904999
0.029138,-0.90691
0.027046,-0.907105
0.026628,-0.907142
0.059827,-0.951318
0.060243,-0.951265
0.093234,-0.995471
0.094908,-0.995323
0.094488,-0.995344
0.061408,-0.9475
0.028747,-0.899619
0.028749,-0.89964
0.027599,-0.899758
0.028121,-0.899691
0.027101,-0.899804
0.024198,-0.821643
0.025951,-0.821478
0.025949,-0.821457
0.01067,-0.861781
0.078015,-0.932221
0.095825,-0.995256
0.097966,-0.995033
0.093471,-0.995468
0.093995,-0.995428
0.090634,-0.995355
0.098228,-0.995015
0.099299,-0.994904
0.061521,-0.973545
0.050377,-0.973333
0.061416,-0.973552
0.029747,-0.970004
0.030688,-0.969905
0.017466,-0.967874
-0.001987,-0.898494
0.018444,-0.959845
-0.008747,-0.947901
-0.034579,-0.935824
0.02508,-0.959177
-0.00245,-0.947272
-0.031129,-0.935484
-0.06525,-0.913759
-0.038034,-0.925692
-0.058322,-0.870961
-0.116015,-0.890344
-0.175335,-0.866946
-0.191003,-0.77082
-0.133192,-0.787431
-0.02548,-0.865934
-0.05574,-0.854311
-0.055883,-0.854326
-0.069799,-0.789152
-0.039409,-0.762105
-0.038454,-0.76203
-0.027784,-0.772554
-0.059902,-0.706165
-0.060908,-0.706267
0.082807,-0.600348
0.083229,-0.655254
-0.115775,-0.743752
-0.185034,-0.765653
-0.216303,-0.743753
-0.236158,-0.794178
-0.208628,-0.806084
-0.209203,-0.80614
-0.211215,-0.806342
-0.155435,-0.830084
-0.225346,-0.738974
-0.196954,-0.750795
-0.144034,-0.755151
-0.115555,-0.7538
-0.214886,-0.791313
-0.231756,-0.844885
-0.220521,-0.839018
-0.277306,-0.815377
-0.288541,-0.821244
-0.316933,-0.809424
-0.260148,-0.833065
-0.301379,-0.825036
-0.301379,-0.825036
-0.378586,-0.780271
-0.406978,-0.76845
-0.378586,-0.780271
-0.378586,-0.780271
-0.442954,-0.731715
-0.401174,-0.704238
-0.410198,-0.675958
-0.32704,-0.66563
-0.382913,-0.655883
-0.289624,-0.705731
-0.261231,-0.717551
-0.288426,-0.750498
-0.325661,-0.71065
-0.325823,-0.711939
-0.325823,-0.711939
-0.31824,-0.736854
-0.382608,-0.688298
-0.452468,-0.630463
-0.424076,-0.642284
-0.452623,-0.574701
-0.496782,-0.512249
-0.390987,-0.597837
-0.406392,-0.596507
-0.40023,-0.619598
-0.483986,-0.58596
-0.578597,-0.56645
-0.575401,-0.503237
-0.58488,-0.523888
-0.567952,-0.582161
-0.521677,-0.503325
-0.48443,-0.527563
-0.463328,-0.469986
-0.515389,-0.524128
-0.334091,-0.445094
-0.304876,-0.457937
-0.367159,-0.479275
-0.25449,-0.3695
-0.220606,-0.390599
-0.313269,-0.455821
-0.423341,-0.527781
-0.297455,-0.484141
-0.320262,-0.538645
-0.506056,-0.554228
-0.356602,-0.45839
-0.205358,-0.476448
-0.210616,-0.466106
-0.23375,-0.464627
-0.348654,-0.526825
-0.26281,-0.507547
-0.391048,-0.495136
-0.588202,-0.687068
-0.591091,-0.694008
-0.587809,-0.698696
-0.622441,-0.690355
-0.603563,-0.674736
-0.603563,-0.674736
-0.629066,-0.655975
-0.629066,-0.655975
-0.613425,-0.658415
-0.66732,-0.627834
-0.680072,-0.618453
-0.659896,-0.55517
-0.692823,-0.609073
-0.705575,-0.599692
-0.705575,-0.599692
-0.686799,-0.610935
-0.70095,-0.676079
-0.70095,-0.676079
-0.70095,-0.676079
-0.70095,-0.676079
-0.682175,-0.687322
-0.653782,-0.699142
-0.66077,-0.684932
-0.641994,-0.696174
-0.653782,-0.699142
-0.672558,-0.6879
-0.662941,-0.688478
-0.691333,-0.676657
-0.691333,-0.676657
-0.691333,-0.676657
-0.691333,-0.676657
-0.738501,-0.653594
-0.738501,-0.653594
-0.710109,-0.665415
-0.710109,-0.665415
-0.662546,-0.61898
-0.662546,-0.61898
-0.662546,-0.61898
-0.662546,-0.61898
-0.690938,-0.60716
-0.690938,-0.60716
-0.690938,-0.60716
-0.738501,-0.653594
-0.738501,-0.653594
-0.738501,-0.653594
-0.724147,-0.60081
-0.738501,-0.653594
-0.738501,-0.653594
-0.738501,-0.653594
-0.738501,-0.653594
-0.738501,-0.653594
-0.738501,-0.653594
-0.738501,-0.653594
-0.738501,-0.653594
-0.691826,-0.606407
-0.64515,-0.55922
-0.646528,-0.557457
-0.693203,-0.604644
-0.693203,-0.604644
-0.689431,-0.531749
-0.711431,-0.539427
-0.614192,-0.496128
-0.51833,-0.451065
-0.567516,-0.44894
-0.469144,-0.45319
-0.514362,-0.454904
-0.465175,-0.457029
-0.514362,-0.454904
-0.514362,-0.454904
-0.624601,-0.59531
-0.624601,-0.59531
-0.673787,-0.593185
-0.722973,-0.59106
-0.722973,-0.59106
-0.722973,-0.59106
-0.676298,-0.543873
-0.630999,-0.494923
-0.632377,-0.49316
-0.633754,-0.491397
-0.588456,-0.442447
-0.543158,-0.393496
-0.495105,-0.348072
-0.496482,-0.346309
-0.403131,-0.251934
-0.304846,-0.207536
-0.298314,-0.214571
-0.275471,-0.224722
-0.31837,-0.275418
-0.273071,-0.226468
-0.22284,-0.227494
-0.166689,-0.145131
-0.171622,-0.095156
-0.239141,-0.129283
-0.198865,-0.07798
-0.221078,-0.08469
-0.134589,-0.061735
-0.16988,-0.112044
-0.223087,-0.152196
-0.195479,-0.098367
-0.134516,-0.003077
-0.173437,0.004874
-0.285337,-0.148613
-0.201531,-0.063474
-0.259258,-0.099526
-0.299291,-0.188701
-0.275156,-0.202654
-0.228214,-0.088844
-0.389569,-0.214094
-0.355168,-0.217944
-0.36648,-0.156165
-0.365518,-0.208859
-0.366896,-0.207096
-0.343064,-0.149758
-0.344441,-0.147995
-0.43011,-0.24589
-0.43011,-0.24589
-0.416567,-0.197196
-0.451711,-0.192755
-0.401537,-0.149684
-0.361166,-0.10074
-0.356021,-0.048301
-0.39392,-0.040334
-0.460793,-0.132748
-0.378819,-0.153939
-0.32699,-0.112024
-0.32199,-0.05336
-0.340053,-0.097953
-0.306286,-0.100631
-0.382479,-0.207242
-0.498143,-0.284108
-0.462999,-0.288549
-0.362195,-0.130291
-0.459678,-0.219377
-0.410248,-0.175716
-0.372057,-0.128108
-0.468164,-0.218957
-0.422865,-0.170006
-0.389497,-0.093519
-0.402488,-0.040054
-0.431159,0.002737
-0.388913,0.074012
-0.413614,-0.002967
-0.383106,0.048161
-0.39029,0.075775
-0.379983,0.038848
-0.461696,0.061905
-0.500871,0.011269
-0.463667,0.049397
-0.47816,0.032776
-0.500309,-0.014516
-0.512048,-0.034664
-0.534022,-0.004872
-0.584924,-0.061184
-0.576858,0.059934
-0.55629,0.142201
-0.442915,0.193944
-0.380224,0.275637
-0.323829,0.397796
-0.323829,0.397796
-0.323829,0.397796
-0.295197,0.377228
-0.29037,0.376553
-0.246875,0.514149
-0.23969,0.486535
-0.23969,0.486535
-0.210021,0.541007
-0.244959,0.513967
-0.189453,0.623275
-0.181151,0.54148
-0.273728,0.33279
-0.366729,0.292889
-0.414575,0.198051
-0.389193,0.15932
-0.452763,0.152849
-0.447839,0.17956
-0.480224,0.085847
-0.513028,0.13115
-0.61332,-0.05862
-0.593899,-0.213804
-0.641733,-0.365341
-0.669486,-0.419994
-0.684093,-0.385808
-0.74407,-0.365789
-0.736885,-0.393403
-0.736885,-0.393403
-0.762268,-0.354672
-0.776228,-0.240616
-0.714198,-0.249495
-0.724271,-0.23232
-0.77973,-0.267285
-0.826352,-0.26284
-0.826352,-0.26284
-0.826352,-0.26284
-0.811983,-0.318068
-0.831316,-0.372206
-0.838501,-0.344592
-0.805756,-0.258699
-0.812941,-0.231085
-0.780354,-0.239534
-0.845923,-0.33802
-0.79059,-0.319725
-0.797775,-0.292111
-0.804959,-0.264497
-0.819328,-0.209269
-0.819328,-0.209269
-0.826513,-0.181655
-0.819328,-0.209269
-0.826513,-0.181655
-0.840882,-0.126427
-0.848066,-0.098813
-0.836656,-0.115398
-0.762011,0.0496
-0.762011,0.0496
-0.757688,0.070291
-0.798651,-0.003231
-0.80161,0.035412
-0.864127,0.044732
-0.871312,0.072346
-0.814362,0.072501
-0.901316,0.133128
-0.905541,0.122099
-0.88564,0.17634
-0.892825,0.203954
-0.900009,0.231568
-0.900009,0.231568
-0.900009,0.231568
-0.900009,0.231568
-0.900009,0.231568
-0.900009,0.231568
-0.900009,0.231568
-0.892019,0.231971
-0.892019,0.231971
-0.888261,0.231492
-0.888261,0.231492
-0.888845,0.22559
-0.834681,0.232079
-0.782396,0.15978
-0.782396,0.15978
-0.766005,0.217049
-0.76659,0.211146
-0.766429,0.21411
-0.765845,0.220013
-0.821177,0.201718
-0.889692,0.219713
-0.889692,0.219713
-0.889692,0.219713
-0.889532,0.222677
-0.946559,0.19263
-0.946559,0.19263
-0.946983,0.189691
-0.906878,0.225058
-0.844381,0.233873
-0.827897,0.256748
-0.827897,0.256748
-0.843957,0.236811
-0.86762,0.254547
-0.867196,0.257486
-0.905607,0.233873
-0.843107,0.28909
-0.842683,0.292028
-0.803849,0.31858
-0.842683,0.292028
-0.842683,0.292028
-0.799293,0.299937
-0.799293,0.299937
-0.760459,0.326488
-0.705078,0.344738
-0.6813,0.284433
-0.642466,0.310985
-0.680739,0.28936
-0.72331,0.21565
-0.72331,0.21565
-0.791737,0.254916
-0.769552,0.246056
-0.87993,0.219439
-0.816266,0.22568
-0.752603,0.231922
-0.752603,0.231922
-0.752603,0.231922
-0.689245,0.284555
-0.640198,0.336717
-0.660511,0.33479
-0.670103,0.335165
-0.645579,0.361246
-0.629519,0.370716
-0.668658,0.390556
-0.597521,0.327908
-0.639416,0.417482
-0.693182,0.364474
-0.721958,0.345934
-0.805893,0.30607
-0.801174,0.306916
-0.776651,0.332997
-0.741763,0.320698
-0.698296,0.280787
-0.702242,0.241937
-0.491361,0.275822
-0.588054,0.335965
-0.558811,0.362892
-0.538234,0.350123
-0.508992,0.37705
-0.556554,0.362391
-0.585796,0.335464
-0.555627,0.32232
-0.555627,0.32232
-0.584869,0.295393
-0.581394,0.305117
-0.521983,0.3189
-0.234825,0.290706
-0.234825,0.290706
-0.116003,0.318272
-0.124038,0.32591
-0.046307,0.327425
-0.221329,0.329768
-0.161918,0.343551
-0.105718,0.313642
-0.105718,0.313642
0.006683,0.253824
0.184916,0.295172
0.188127,0.338864
0.30004,0.326893
0.295805,0.377816
0.350392,0.442928
0.402357,0.463943
0.288072,0.432703
0.284286,0.484323
0.291732,0.477091
0.400635,0.421238
0.51872,0.495762
0.462807,0.478016
0.511074,0.503185
0.446987,0.494179
0.452298,0.395003
0.450231,0.34071
0.505672,0.499603
0.572479,0.505075
0.582201,0.547792
0.58119,0.546195
0.536812,0.50349
0.58444,0.527987
0.579021,0.533114
0.661016,0.611138
0.701006,0.690511
0.714867,0.678772
0.708777,0.688475
0.725875,0.66958
0.721588,0.674141
0.725945,0.666338
0.725337,0.671065
0.731344,0.665531
0.723949,0.673842
0.731984,0.666204
0.748661,0.646201
0.753018,0.638398
0.743767,0.65549
0.736424,0.665774
0.744459,0.658136
0.748816,0.650333
0.748816,0.650333
0.744459,0.658136
0.733486,0.667541
0.743202,0.658536
0.735148,0.670495
0.723416,0.682288
0.678337,0.634106
0.606337,0.645332
0.654232,0.657019
0.649895,0.660502
0.666436,0.641268
0.675209,0.603981
0.736459,0.634087
0.719438,0.653137
0.722817,0.649468
0.731583,0.640854
0.735596,0.638602
0.738071,0.63705
0.700575,0.64289
0.706714,0.63498
0.707846,0.609445
0.69099,0.680173
0.724788,0.678488
0.722248,0.680725
0.724183,0.678725
0.72109,0.682643
0.730061,0.672597
0.730061,0.672597
0.740798,0.659422
0.740798,0.659422
0.738862,0.661422
0.756121,0.63961
0.711595,0.588995
0.757278,0.637692
0.757278,0.637692
0.761481,0.631782
0.749204,0.647602
0.743065,0.655512
0.743065,0.655512
0.743065,0.655512
0.755343,0.639692
0.743065,0.655512
0.749204,0.647602
0.7565,0.637773
0.744223,0.653594
0.713529,0.693145
0.713529,0.693145
0.725807,0.677324
0.6845,0.625331
0.6845,0.625331
0.690639,0.617421
0.731945,0.669414
0.725807,0.677324
0.719668,0.685234
0.713529,0.693145
0.710027,0.641924
0.710027,0.641924
0.716165,0.634014
0.658673,0.635235
0.608632,0.587808
0.672263,0.578677
0.67775,0.63122
0.659194,0.57402
0.611138,0.527915
0.604999,0.535826
0.496609,0.459437
0.547937,0.501942
0.584254,0.4925
0.578115,0.500411
0.665856,0.533351
0.672496,0.526027
0.61653,0.497168
0.609794,0.504615
0.641743,0.493749
0.621528,0.62868
0.640085,0.68588
0.572656,0.661491
0.569384,0.665091
0.575927,0.657892
0.576686,0.656885
0.585409,0.653168
0.585409,0.653168
0.525945,0.626069
0.525945,0.626069
0.581379,0.657775
0.522673,0.629669
0.633541,0.69308
0.604186,0.636205
0.633541,0.69308
0.633541,0.69308
0.633541,0.69308
0.633541,0.69308
0.633541,0.69308
0.633541,0.69308
0.633541,0.69308
0.633541,0.69308
0.633541,0.69308
0.633541,0.69308
0.633541,0.69308
0.633541,0.69308
0.633541,0.69308
0.633541,0.69308
0.633541,0.69308
0.688975,0.724785
0.670488,0.667595
0.625437,0.618468
0.633243,0.581496
0.633166,0.533103
0.625359,0.570076
0.67041,0.619202
0.688897,0.676393
0.688897,0.676393
0.688897,0.676393
0.688975,0.724785
0.688975,0.724785
0.699299,0.698933
0.688975,0.724785
0.688975,0.724785
0.688975,0.724785
0.688975,0.724785
0.688975,0.724785
0.688975,0.724785
0.688975,0.724785
0.688975,0.724785
0.688975,0.724785
0.64078,0.67884
0.688975,0.724785
0.688975,0.724785
0.677171,0.732035
0.688975,0.724785
0.689738,0.677216
0.690502,0.629646
0.690502,0.629646
0.690502,0.629646
0.690502,0.629646
0.689738,0.677216
0.689738,0.677216
0.689738,0.677216
0.688975,0.724785
0.688975,0.724785
0.68097,0.670838
0.672965,0.616892
0.612819,0.509755
0.612355,0.560794
0.612355,0.560794
0.525012,0.46023
0.508537,0.403375
0.508537,0.403375
0.535023,0.440932
0.551497,0.497786
0.595169,0.548069
0.595169,0.548069
0.551497,0.497786
0.551497,0.497786
0.595169,0.548069
0.541486,0.517084
0.541486,0.517084
0.601632,0.624221
0.601632,0.624221
0.582922,0.567001
0.508081,0.338121
0.464409,0.287839
0.570462,0.445623
0.570462,0.445623
0.551752,0.388403
0.589173,0.502843
0.570462,0.445623
0.514992,0.414077
0.496282,0.356857
0.496282,0.356857
0.551752,0.388403
0.551752,0.388403
0.514332,0.273963
0.495621,0.216743
0.45195,0.16646
0.458201,0.102302
0.476911,0.159522
0.40207,-0.069358
0.439491,0.045082
0.377109,-0.06242
0.377109,-0.06242
0.352148,-0.055482
0.345897,0.008676
0.311943,0.026601
0.280731,0.097697
0.333395,0.136992
0.408279,0.116178
0.427558,0.108998
0.403391,0.117196
0.353167,0.011437
0.415548,0.11894
0.408995,0.063464
0.371799,0.014683
0.309417,-0.092819
0.240785,-0.136163
0.210059,-0.188961
0.178622,-0.183525
0.158154,-0.236333
0.158154,-0.236333
0.183115,-0.243271
0.147896,-0.236324
0.260425,-0.077037
0.279135,-0.019817
0.397915,0.075311
0.429351,0.069875
0.429351,0.069875
0.336244,-0.090426
0.317539,-0.142126
0.38568,0.019592
0.37921,0.02361
0.37921,0.02361
0.298337,-0.080972
0.272665,-0.015799
0.204027,-0.064663
0.13171,-0.171951
0.191792,-0.120382
0.235464,-0.0701
0.317042,-0.029272
0.366686,0.129847
0.403887,0.184147
0.476408,0.356444
0.557281,0.461026
0.541484,0.528432
0.510977,0.608191
0.510977,0.608191
0.509095,0.671887
0.523212,0.663909
0.523212,0.663909
0.48433,0.669037
0.486309,0.713822
0.425262,0.670554
0.503026,0.660297
0.507816,0.715707
0.468934,0.720836
0.468934,0.720836
0.507816,0.715707
0.516853,0.682224
0.550608,0.576057
0.541571,0.60954
0.50269,0.614669
0.516806,0.606691
0.491383,0.465201
0.425222,0.433231
0.525139,0.359034
0.526712,0.264949
0.529275,0.315468
0.532663,0.348345
0.566251,0.398462
0.529933,0.454109
0.532496,0.504629
0.532496,0.504629
0.610259,0.494371
0.651704,0.539762
0.642729,0.628379
0.642729,0.628379
0.640166,0.57786
0.642729,0.628379
0.64533,0.582831
0.689013,0.628718
0.689013,0.628718
0.686412,0.674266
0.68946,0.670948
0.68946,0.670948
0.694157,0.610323
0.699283,0.711361
0.692023,0.721467
0.692023,0.721467
0.692023,0.721467
0.692023,0.721467
0.692023,0.721467
0.692023,0.721467
0.692023,0.721467
0.692023,0.721467
0.692023,0.721467
0.688975,0.724785
0.688975,0.724785
0.688975,0.724785
0.688975,0.724785
0.688975,0.724785
0.688975,0.724785
0.688975,0.724785
0.688975,0.724785
0.688975,0.724785
0.655781,0.732351
0.655781,0.732351
0.655781,0.732351
0.655781,0.732351
0.688975,0.724785
0.688975,0.724785
0.688975,0.724785
0.688975,0.724785
0.688975,0.724785
0.697806,0.710629
0.644019,0.675575
0.644019,0.675575
0.644019,0.675575
0.688975,0.724785
0.698731,0.706983
0.698731,0.706983
0.698731,0.706983
0.690654,0.723069
0.692334,0.721353
0.690654,0.723069
0.690654,0.723069
0.690654,0.723069
0.688975,0.724785
0.688975,0.724785
0.688975,0.724785
0.688975,0.724785
0.688975,0.724785
0.688975,0.724785
0.688975,0.724785
0.688975,0.724785
0.688975,0.724785
0.702627,0.646781
0.688975,0.724785
0.688975,0.724785
0.688975,0.724785
0.688975,0.724785
0.688975,0.724785
0.688975,0.724785
0.688975,0.724785
0.688975,0.724785
0.688975,0.724785
0.688975,0.724785
0.688975,0.724785
0.681684,0.730044
0.630182,0.688655
0.642982,0.73527
0.642982,0.73527
0.650273,0.730011
0.688975,0.724785
0.688975,0.724785
0.688975,0.724785
0.688975,0.724785
0.688975,0.724785
0.688975,0.724785
0.688975,0.724785
0.688975,0.724785
0.688975,0.724785
0.688975,0.724785
0.688975,0.724785
0.681664,0.671197
0.688975,0.724785
0.688975,0.724785
0.688975,0.724785
0.688975,0.724785
0.688975,0.724785
0.688975,0.724785
0.688975,0.724785
0.688975,0.724785
0.688975,0.724785
0.688975,0.724785
0.675122,0.668562
0.675122,0.668562
0.675122,0.668562
0.675122,0.668562
0.688975,0.724785
0.688975,0.724785
0.637512,0.683333
0.637512,0.683333
0.637512,0.683333
0.637512,0.683333
0.578639,0.658284
0.463597,0.605879
0.432569,0.549376
0.596319,0.645581
0.418356,0.606185
0.301076,0.527656
0.260584,0.565081
0.115459,0.518006
0.178642,0.482973
0.188789,0.472903
0.170341,0.543718
0.234207,0.592543
0.145226,0.572845
0.135694,0.615578
0.265339,0.715671
0.23321,0.734975
0.271995,0.717011
0.344846,0.747223
0.384993,0.783736
0.332243,0.756168
0.265858,0.588454
0.321269,0.619717
0.354107,0.612039
0.410349,0.638146
0.410136,0.686261
0.371351,0.704224
0.46628,0.713638
0.46628,0.713638
0.446887,0.722619
0.360863,0.679281
0.451935,0.691847
0.466093,0.722439
0.518323,0.705779
0.490026,0.748685
0.516476,0.751299
0.535868,0.742317
0.512586,0.676578
0.531979,0.667597
0.465226,0.574497
0.458507,0.583494
0.428505,0.526752
0.484649,0.554128
0.484649,0.554128
0.454647,0.497387
0.456299,0.569197
0.505693,0.616957
0.525086,0.607976
0.525086,0.607976
0.581229,0.635352
0.551228,0.57861
0.551228,0.57861
0.560185,0.572523
0.620188,0.686007
0.620188,0.686007
0.620188,0.686007
0.620188,0.686007
0.600796,0.694989
0.581403,0.70397
0.56201,0.712952
0.518775,0.630429
0.509954,0.610755
0.454671,0.578428
0.444281,0.499036
0.486948,0.433258
0.456946,0.376516
0.426945,0.319774
0.306938,0.092807
0.306938,0.092807
0.306938,0.092807
0.328955,0.043883
0.388959,0.157367
0.41896,0.214109
0.388959,0.157367
0.388959,0.157367
0.300235,-0.014145
0.240232,-0.127629
0.26529,-0.170139
0.261398,-0.123317
0.291399,-0.066575
0.343848,-0.006808
0.385338,0.049482
0.385338,0.049482
0.445341,0.162966
0.523858,0.333644
0.523858,0.333644
0.553859,0.390385
0.553859,0.390385
0.531412,0.38736
0.561414,0.444102
0.530979,0.295135
0.538533,0.348851
0.470975,0.181651
0.470975,0.181651
0.463421,0.127935
0.450803,0.113895
0.548362,0.337837
0.572867,0.34203
0.578364,0.394578
0.526138,0.334764
0.55614,0.391505
0.528756,0.388541
0.492501,0.423588
0.440836,0.416383
0.49682,0.317036
0.46831,0.177229
0.438309,0.120487
0.39646,0.059279
0.409118,0.059005
0.426462,0.116021
0.390751,0.056478
0.396248,0.109027
0.347451,0.050893
0.389201,0.220448
0.31639,-0.000859
0.216348,-0.101116
0.156344,-0.2146
0.096341,-0.328084
0.067596,-0.456144
0.097631,-0.463195
0.010766,-0.633943
-0.010696,-0.696648
-0.009531,-0.696877
0.020471,-0.640136
0.039724,-0.58285
0.002115,-0.639571
0.028977,-0.582306
-0.003316,-0.69736
0.021635,-0.640365
-0.04889,-0.751163
-0.017142,-0.694771
0.019723,-0.640646
-0.0189,-0.565022
-0.048614,-0.621836
-0.035797,-0.630189
-0.063762,-0.68734
-0.043287,-0.460925
-0.044452,-0.460695
-0.139048,-0.697483
-0.078891,-0.67952
-0.073619,-0.613651
-0.026339,-0.499331
-0.010352,-0.434786
0.032877,-0.452199
0.003252,-0.575531
0.00112,-0.641923
0.022965,-0.574897
0.058032,-0.518768
0.0931,-0.462628
0.03117,-0.576032
0.056392,-0.517119
0.053252,-0.516597
0.020167,-0.571314
0.006943,-0.569791
0.01201,-0.570393
0.044571,-0.514053
0.062751,-0.454245
0.011737,-0.513393
0.009751,-0.514828
0.00882,-0.609607
0.033701,-0.550433
0.051406,-0.561821
0.001106,-0.592305
-0.110063,-0.669667
-0.137502,-0.728439
-0.138084,-0.728319
-0.198253,-0.701522
-0.195694,-0.701924
-0.15003,-0.759624
-0.135159,-0.679747
-0.135295,-0.576883
-0.082838,-0.561797
-0.022378,-0.588652
0.003958,-0.529766
0.028394,-0.573335
-0.071675,-0.665407
-0.071677,-0.665418
-0.124427,-0.680456
-0.045085,-0.607979
-0.114682,-0.702602
-0.089955,-0.746229
-0.062807,-0.687398
-0.128973,-0.782605
-0.089375,-0.746352
-0.141712,-0.759963
-0.169007,-0.818768
-0.168425,-0.818885
-0.16828,-0.818914
-0.168715,-0.818824
-0.169297,-0.818704
-0.143698,-0.86251
-0.13475,-0.796649
-0.133588,-0.796889
-0.09468,-0.755487
-0.097917,-0.809531
-0.070768,-0.750698
-0.018464,-0.672362
-0.007142,-0.689703
-0.023845,-0.655739
-0.10166,-0.738539
-0.11119,-0.804285
-0.013276,-0.713732
-0.013276,-0.713732
0.020106,-0.655681
0.006782,-0.59615
0.007363,-0.59627
-0.063692,-0.627929
-0.117488,-0.567694
-0.119232,-0.567334
-0.083123,-0.551623
-0.090313,-0.492686
-0.103055,-0.433272
-0.005889,-0.468701
-0.105953,-0.407071
-0.170345,-0.329644
-0.157022,-0.389178
-0.133768,-0.281621
-0.133186,-0.281739
-0.066049,-0.26705
-0.087673,-0.103283
-0.123524,-0.151456
-0.06164,-0.254635
-0.017172,-0.177135
0.02149,-0.35547
0.124167,-0.142336
0.111655,-0.164965
0.088983,-0.272643
0.080939,-0.251194
0.130132,-0.170124
0.13156,-0.146528
0.139082,-0.072764
0.208454,0.030205
0.145647,0.008729
0.079954,-0.161395
0.116386,-0.113341
0.109743,-0.017259
0.172242,0.008087
0.12322,0.129261
0.070015,0.012367
0.032295,0.017584
0.066935,0.030572
0.058084,-0.00369
0.058084,-0.00369
0.019548,-0.117638
-0.01627,-0.13341
-0.101162,-0.108965
-0.097875,-0.041498
-0.066011,-0.15766
-0.082621,-0.222218
-0.09246,-0.160316
-0.091951,-0.16042
-0.166118,-0.118544
-0.128248,-0.291105
-0.129131,-0.115427
-0.1747,-0.135402
-0.130544,0.016763
-0.119526,-0.110523
-0.082962,-0.149568
-0.128131,-0.090678
-0.134394,-0.087426
-0.178722,-0.245767
-0.20106,-0.441737
-0.20643,-0.573289
-0.182794,-0.649252
-0.177923,-0.650653
-0.16226,-0.585914
-0.156225,-0.587549
-0.141987,-0.455405
-0.129009,-0.456441
-0.132929,-0.521962
-0.101605,-0.325369
-0.085827,-0.260655
-0.072966,-0.385226
-0.072821,-0.385256
-0.087931,-0.326549
-0.095217,-0.392588
-0.054062,-0.264706
-0.047139,-0.198593
-0.052982,-0.26405
-0.08317,-0.393855
-0.051845,-0.264378
-0.058913,-0.33046
-0.090528,-0.459879
-0.079186,-0.461364
-0.094849,-0.526103
-0.078968,-0.461408
-0.071318,-0.395443
-0.079622,-0.394158
-0.083442,-0.393312
-0.071673,-0.394829
-0.063515,-0.396084
-0.063224,-0.396143
-0.086308,-0.379134
-0.070355,-0.314455
-0.086453,-0.379106
-0.087035,-0.378987
-0.039321,-0.184919
-0.038957,-0.184992
-0.050218,-0.250695
-0.050218,-0.250695
-0.036707,-0.11098
-0.034046,-0.186058
-0.017116,-0.121544
-0.002776,0.064163
-0.016655,0.063581
0.040343,0.054856
0.026239,-0.010166
0.027216,-0.010333
0.045686,-0.060944
-0.002423,0.007387
0.011374,0.034553
0.022029,-0.078037
-0.073281,-0.301165
-0.104896,-0.430585
-0.105332,-0.430496
-0.137707,-0.559795
-0.137853,-0.559766
-0.153515,-0.624504
-0.135267,-0.67808
-0.181962,-0.75449
-0.18189,-0.754505
-0.145059,-0.70294
-0.14535,-0.70288
-0.15989,-0.767814
-0.175264,-0.832626
-0.184707,-0.746812
-0.183294,-0.747065
-0.199102,-0.811775
-0.185415,-0.746692
-0.185759,-0.746646
-0.144629,-0.703058
-0.183641,-0.747034
-0.145898,-0.702846
-0.120937,-0.723884
-0.150406,-0.853675
-0.161974,-0.919147
-0.159221,-0.919641
-0.225162,-0.891431
-0.226141,-0.891278
-0.221755,-0.892059
-0.220296,-0.892338
-0.171112,-0.985078
-0.173303,-0.984677
-0.173765,-0.984588
-0.17306,-0.984722
-0.173344,-0.984693
-0.17345,-0.984689
-0.171576,-0.985004
-0.170163,-0.985258
-0.167656,-0.985723
-0.197022,-0.954997
-0.19773,-0.954877
-0.196702,-0.955036
-0.168713,-0.985518
-0.165461,-0.986104
-0.156501,-0.919995
-0.158692,-0.919594
-0.171187,-0.985075
-0.165922,-0.986008
-0.166557,-0.985902
-0.166413,-0.985943
-0.168461,-0.985583
-0.168709,-0.985559
-0.169662,-0.985404
-0.170122,-0.985308
-0.168392,-0.985617
-0.214194,-0.888281
-0.213171,-0.88847
-0.166217,-0.986039
-0.165973,-0.986083
-0.192678,-0.963793
-0.166523,-0.985992
-0.167304,-0.98586
-0.169062,-0.985495
-0.169221,-0.985467
-0.174062,-0.920904
-0.174595,-0.920792
-0.174337,-0.920902
-0.169324,-0.985489
-0.16791,-0.985734
-0.169395,-0.985464
-0.167638,-0.985798
-0.167247,-0.985863
-0.166656,-0.985963
-0.167833,-0.98576
-0.168613,-0.985625
-0.164368,-0.986356
-0.164368,-0.986356
-0.16366,-0.986475
-0.163697,-0.986469
-0.164015,-0.986417
-0.162989,-0.986589
-0.163819,-0.986447
-0.162794,-0.986621
-0.161616,-0.986822
-0.161068,-0.986918
-0.161385,-0.986866
-0.162642,-0.986653
-0.162094,-0.98675
-0.146423,-0.922046
-0.161154,-0.986911
-0.161313,-0.986886
-0.161118,-0.98692
-0.092236,-0.893286
-0.071623,-0.796862
-0.068377,-0.643449
-0.144364,-0.722329
-0.148339,-0.554142
-0.147624,-0.554258
-0.165513,-0.497187
-0.140444,-0.488057
-0.098118,-0.616863
-0.080468,-0.673895
-0.181761,-0.761867
-0.182079,-0.761815
-0.188801,-0.649148
-0.225514,-0.7108
-0.192413,-0.659332
-0.218515,-0.601895
-0.201554,-0.696576
-0.168745,-0.682821
-0.215933,-0.583633
-0.159769,-0.619433
-0.115458,-0.402817
-0.069435,-0.497751
-0.080699,-0.517379
-0.054736,-0.452325
-0.102386,-0.536919
-0.013651,-0.558925
0.031245,-0.555177
-0.001405,-0.568958
0.031324,-0.555189
0.087488,-0.59099
0.143692,-0.626796
0.199763,-0.661996
0.202191,-0.553305
0.333781,-0.670688
0.318117,-0.682802
0.247147,-0.734363
0.279956,-0.720609
0.16731,-0.648957
0.172156,-0.710288
0.221951,-0.694866
0.198983,-0.708842
0.231792,-0.695087
0.214863,-0.698981
0.143946,-0.701581
0.079285,-0.782781
0.105021,-0.731407
0.086709,-0.720672
0.096711,-0.731425
0.105235,-0.788818
0.040765,-0.754991
0.00634,-0.756033
-0.001338,-0.832082
0.006968,-0.830109
-9.5e-05,-0.842516
-0.02359,-0.910388
-0.023431,-0.910414
-0.056183,-0.926395
-0.064647,-0.928342
-0.09037,-0.927476
-0.090211,-0.927502
-0.098733,-0.927223
-0.098574,-0.927249
-0.115718,-0.92889
-0.124081,-0.928636
-0.11087,-0.984033
-0.111028,-0.984007
-0.11955,-0.983727
-0.136218,-0.985446
-0.136059,-0.985473
-0.136218,-0.985446
-0.153283,-0.9871
-0.16236,-0.986729
-0.134117,-0.929359
-0.134276,-0.929332
-0.132712,-0.929549
-0.160637,-0.986971
-0.176613,-0.928447
-0.176613,-0.928447
-0.192748,-0.869897
-0.194788,-0.869602
-0.163313,-0.986572
-0.163392,-0.986558
-0.163551,-0.986532
-0.16371,-0.986506
-0.164028,-0.986454
-0.164186,-0.986427
-0.164107,-0.986441
-0.164266,-0.986414
-0.164266,-0.986414
-0.164504,-0.986375
-0.191428,-0.960884
-0.171769,-0.958187
-0.17015,-0.93808
-0.15057,-0.93537
-0.130832,-0.932687
-0.130911,-0.932673
-0.091593,-0.92728
-0.133701,-0.878741
-0.153519,-0.881411
-0.10135,-0.967671
-0.078857,-0.95418
-0.042412,-0.959574
-0.022226,-0.968145
-0.023264,-0.838838
-0.033345,-0.904733
-0.026529,-0.901959
-0.02647,-0.901968
-0.028091,-0.901742
-0.023271,-0.898969
-0.023351,-0.898956
-0.018196,-0.895948
-0.071128,-0.970472
-0.118721,-0.981886
-0.115498,-0.916133
-0.104869,-0.790131
-0.096409,-0.724009
-0.038017,-0.66167
-0.038525,-0.721784
-0.016248,-0.599082
-0.017929,-0.598846
-0.027581,-0.604614
-0.007473,-0.541793
0.034562,-0.416411
0.034562,-0.416411
0.036263,-0.416651
0.05643,-0.35384
0.085017,-0.224902
0.086718,-0.225142
0.016757,-0.350396
0.016757,-0.350396
-0.016069,-0.472426
0.000697,-0.409135
0.047751,-0.217145
0.077259,-0.161964
0.042714,-0.289659
0.052761,-0.292736
0.151818,0.021572
0.131571,-0.041226
0.120763,-0.10576
0.078727,-0.231142
0.016678,-0.350381
-0.033777,-0.541891
-0.053791,-0.535748
-0.062097,-0.532917
-0.078863,-0.596207
-0.090724,-0.66185
-0.070403,-0.530085
-0.055184,-0.397601
-0.083965,-0.595488
-0.122753,-0.790303
-0.122753,-0.790303
-0.121966,-0.858275
-0.133493,-0.73569
-0.114873,-0.603685
-0.125033,-0.669568
-0.100568,-0.538934
-0.083649,-0.406689
-0.027478,-0.299484
-0.036218,-0.349519
-0.036218,-0.349519
0.009148,-0.207616
0.031375,-0.146721
0.041536,-0.080838
0.094908,0.108927
0.090265,0.111499
0.064099,-0.018895
0.007617,-0.094314
0.024892,-0.154053
-0.003362,-0.095207
-0.048152,0.031108
-0.017188,0.100835
0.06007,0.281197
0.022865,0.287825
-0.043275,0.139104
-0.07568,0.146715
-0.072808,0.213851
-0.152576,0.491504
-0.191149,0.42977
-0.191149,0.42977
-0.16888,0.415327
-0.16888,0.415327
-0.271272,0.459089
-0.327753,0.383671
-0.300543,0.446181
-0.385078,0.520199
-0.365204,0.534309
-0.437505,0.491325
-0.489933,0.462452
-0.232353,0.414826
-0.204259,0.47681
-0.191058,0.496575
-0.164089,0.511113
-0.175836,0.466846
-0.262679,0.497078
-0.348748,0.459321
-0.409144,0.484979
-0.229523,0.47648
-0.170858,0.466844
-0.190731,0.452734
-0.231254,0.492502
-0.232029,0.56049
-0.259305,0.575919
-0.185979,0.618742
-0.290425,0.725427
-0.176206,0.692795
-0.282923,0.708916
-0.363968,0.788452
-0.303572,0.762794
-0.236232,0.682766
-0.275357,0.706659
-0.129423,0.603881
-0.189819,0.629539
-0.110946,0.633866
-0.131595,0.687744
-0.151469,0.673634
-0.158134,0.755081
-0.171335,0.735316
-0.251605,0.746864
-0.251605,0.746864
-0.318674,0.778177
-0.2988,0.792287
-0.359196,0.817944
-0.359196,0.817944
-0.359196,0.817944
-0.299575,0.860275
-0.246041,0.863336
-0.192506,0.866398
-0.17872,0.84124
-0.185059,0.792755
-0.165185,0.806865
-0.111651,0.809927
-0.125438,0.835085
-0.166546,0.919776
-0.166546,0.919776
-0.166546,0.919776
-0.173408,0.948496
-0.139747,0.937448
-0.167219,0.88286
-0.173408,0.948496
-0.173408,0.948496
-0.207068,0.959544
-0.207068,0.959544
-0.207068,0.959544
-0.207068,0.959544
-0.240728,0.970592
-0.240728,0.970592
-0.199397,0.936919
-0.207598,0.85052
-0.207598,0.85052
-0.298462,0.83147
-0.356063,0.855614
-0.290261,0.917868
-0.290261,0.917868
-0.290261,0.917868
-0.265495,0.94423
-0.240728,0.970592
-0.201231,0.927259
-0.240728,0.970592
-0.240728,0.970592
-0.240728,0.970592
-0.240728,0.970592
-0.240728,0.970592
-0.199579,0.934517
-0.199579,0.934517
-0.199579,0.934517
-0.199579,0.934517
-0.15843,0.898441
-0.15843,0.898441
-0.15843,0.898441
-0.15843,0.898441
-0.183683,0.868025
-0.183683,0.868025
-0.183683,0.868025
-0.183683,0.868025
-0.183683,0.868025
-0.183683,0.868025
-0.15843,0.898441
-0.159037,0.90949
-0.159037,0.90949
-0.118494,0.884463
-0.200186,0.945565
-0.200186,0.945565
-0.200186,0.945565
-0.188247,0.88011
-0.188247,0.88011
-0.188247,0.88011
-0.188247,0.88011
-0.188247,0.88011
-0.22879,0.905137
-0.240728,0.970592
-0.240728,0.970592
-0.265985,0.936367
-0.265985,0.936367
-0.240728,0.970592
-0.177576,0.931855
-0.177576,0.931855
-0.196592,0.966347
-0.201861,0.968274
-0.201861,0.968274
-0.223929,0.970397
-0.229221,0.968602
-0.229221,0.968602
-0.229221,0.968602
-0.223929,0.970397
-0.170782,0.920273
-0.170782,0.920273
-0.170782,0.920273
-0.134434,0.870345
-0.151233,0.870541
-0.187581,0.920469
-0.150166,0.87239
-0.150166,0.87239
-0.186514,0.922318
-0.165899,0.874434
-0.165899,0.874434
-0.165899,0.874434
-0.203314,0.922513
-0.165899,0.874434
-0.165899,0.874434
-0.165899,0.874434
-0.165899,0.874434
-0.165899,0.874434
-0.128484,0.826355
-0.165899,0.874434
-0.203314,0.922513
-0.203314,0.922513
-0.128484,0.826355
-0.091069,0.778276
-0.053655,0.730197
-0.091069,0.778276
-0.053655,0.730197
-0.053655,0.730197
-0.091069,0.778276
-0.053655,0.730197
-0.091069,0.778276
-0.053655,0.730197
-0.053655,0.730197
-0.053655,0.730197
-0.053655,0.730197
-0.091069,0.778276
-0.165899,0.874434
-0.186936,0.863752
-0.186936,0.863752
-0.231935,0.850025
-0.27401,0.828661
-0.262284,0.764827
-0.289586,0.819849
-0.252973,0.839343
-0.24816,0.900333
-0.24816,0.900333
-0.275462,0.955354
-0.293717,0.914694
-0.304642,0.910954
-0.304642,0.910954
-0.278153,0.954301
-0.250144,0.886054
-0.271182,0.875372
-0.29919,0.943619
-0.309134,0.88319
-0.313272,0.847735
-0.283561,0.926273
-0.276921,0.949386
-0.272772,0.956408
-0.272772,0.956408
-0.267228,0.958041
-0.267228,0.958041
-0.267228,0.958041
-0.282803,0.949228
-0.329529,0.922792
-0.329529,0.922792
-0.329529,0.922792
-0.257527,0.902276
-0.268452,0.898536
-0.301962,0.942802
-0.286387,0.951614
-0.262577,0.963113
-0.262577,0.963113
-0.233866,0.904623
-0.201459,0.846831
-0.195997,0.848701
-0.201459,0.846831
-0.262577,0.963113
-0.26804,0.961243
-0.273502,0.959373
-0.278964,0.957503
-0.273502,0.959373
-0.273502,0.959373
-0.273502,0.959373
-0.26804,0.961243
-0.2276,0.936658
-0.185761,0.847051
-0.191223,0.845181
-0.233143,0.935025
-0.210166,0.930085
-0.166954,0.906316
-0.13028,0.905933
-0.184335,0.925725
-0.184335,0.925725
-0.184335,0.925725
-0.178873,0.927595
-0.26804,0.961243
-0.273502,0.959373
-0.26804,0.961243
-0.257115,0.964983
-0.246191,0.968723
-0.251653,0.966853
-0.246191,0.968723
-0.240728,0.970592
-0.240728,0.970592
-0.240728,0.970592
-0.240728,0.970592
-0.240728,0.970592
-0.240728,0.970592
-0.200301,0.930422
-0.200301,0.930422
-0.200301,0.930422
-0.200301,0.930422
-0.200301,0.930422
-0.200301,0.930422
-0.200301,0.930422
-0.172648,0.92501
-0.172648,0.92501
-0.13222,0.884839
-0.117342,0.914186
-0.077146,0.890558
-0.012894,0.869956
0.027069,0.862871
0.066914,0.792034
0.066914,0.792034
0.134762,0.762994
0.134762,0.762994
0.107109,0.768406
-0.010757,0.847442
-0.036041,0.813796
0.001785,0.829226
0.001785,0.829226
0.029438,0.823814
0.084778,0.740061
0.063324,0.695127
0.143481,0.650722
0.261699,0.618895
0.329547,0.589856
0.249191,0.564183
0.254361,0.586559
0.226708,0.591971
0.292187,0.601989
0.191916,0.635124
0.297357,0.624365
0.256727,0.699861
0.176336,0.747117
0.19699,0.647413
0.116599,0.694669
0.19699,0.647413
0.317577,0.576529
0.19699,0.647413
-0.003987,0.765553
0.031778,0.678653
-0.026091,0.723571
-0.110912,0.707555
-0.083045,0.763827
-0.065372,0.742537
-0.035763,0.684783
-0.031332,0.748055
-0.031332,0.748055
-0.031332,0.748055
0.007139,0.618508
0.069891,0.621204
0.115431,0.656186
0.165193,0.617623
0.046558,0.711298
0.076167,0.653545
0.123886,0.508573
0.183105,0.393065
0.056854,0.533717
-0.018278,0.534881
0.011331,0.477127
0.007612,0.509364
0.055365,0.393054
0.144193,0.219793
0.173802,0.162039
0.173802,0.162039
0.233021,0.046531
0.233144,0.097228
0.278476,0.039553
0.353417,-0.075875
0.338996,0.033204
0.291184,0.127492
0.235591,0.152149
0.246333,0.122322
0.309789,0.053294
0.342797,0.10638
0.294748,0.217455
0.315905,0.154465
0.338319,-0.035616
0.363817,-0.075765
0.414324,-0.174376
0.497502,-0.193192
0.546863,-0.228545
0.521153,-0.170067
0.503308,-0.11249
0.473421,-0.068461
0.528899,0.057333
0.520033,0.094785
0.531857,0.09414
0.495168,0.047243
0.497004,0.105156
0.470703,0.011078
0.451625,0.063363
0.426657,0.155878
0.46674,0.071912
0.513524,0.088869
0.558061,-0.09201
0.547699,-0.131293
0.539889,-0.127723
0.49657,-0.014241
0.487852,-0.044277
0.487852,-0.044277
0.52518,-0.062548
0.523926,0.034999
0.515987,-0.002322
0.518454,-0.000417
0.495417,0.019114
0.393743,0.10188
0.404786,0.076862
0.42802,0.157277
0.419067,0.21892
0.514947,0.002828
0.418888,0.025103
0.454807,-0.094094
0.477844,-0.113624
0.465627,-0.154329
0.41312,-0.014408
0.411909,-0.01539
0.41869,-0.100144
0.395249,-0.139706
0.414901,-0.089826
0.434706,-0.191987
0.424854,-0.255959
0.430231,-0.294072
0.356724,-0.308267
0.359682,-0.370474
0.310101,-0.328168
0.335464,-0.221566
0.330687,-0.182955
0.358516,-0.255634
0.371848,-0.314022
0.418423,-0.280898
0.477827,-0.362411
0.452814,-0.408898
0.411112,-0.39567
0.462256,-0.436813
0.498007,-0.421359
0.548844,-0.462742
0.603315,-0.57969
0.612773,-0.541148
0.57863,-0.49445
0.579228,-0.518972
0.577417,-0.520451
0.579217,-0.518958
0.557782,-0.388895
0.575734,-0.434657
0.535692,-0.381438
0.494175,-0.380285
0.453269,-0.378649
0.453881,-0.378165
0.53391,-0.433744
0.534551,-0.484086
0.52359,-0.523868
0.445954,-0.436945
0.405619,-0.383985
0.324337,-0.278547
0.230412,-0.202001
0.266631,-0.215763
0.266631,-0.215763
0.309967,-0.327649
0.308463,-0.328889
0.388226,-0.435547
0.382801,-0.378581
0.462271,-0.485497
0.450686,-0.504303
0.413075,-0.449133
0.362961,-0.438632
0.413999,-0.448416
0.514274,-0.613221
0.526077,-0.589083
0.526091,-0.589101
0.527302,-0.588119
0.528513,-0.587138
0.528361,-0.58726
0.541139,-0.562315
0.543249,-0.560585
0.51241,-0.485221
0.583882,-0.613295
0.543846,-0.560084
0.572459,-0.637126
0.546884,-0.644244
0.501104,-0.64397
0.500504,-0.644467
0.541439,-0.69693
0.497459,-0.695164
0.530918,-0.720018
0.530918,-0.720018
0.504892,-0.727507
0.461754,-0.727282
0.463102,-0.72616
0.442462,-0.690359
0.334615,-0.495561
0.327881,-0.539973
0.371168,-0.540074
0.371768,-0.539576
0.32848,-0.539476
0.476776,-0.627728
0.517708,-0.680104
0.434685,-0.626546
0.414539,-0.609759
0.378294,-0.502978
0.322453,-0.39065
0.342567,-0.451833
0.366023,-0.459819
0.426189,-0.504893
0.385854,-0.451933
0.377012,-0.496335
0.426935,-0.504184
0.447814,-0.49534
0.446468,-0.496548
0.486058,-0.550218
0.52722,-0.602372
0.567856,-0.655085
0.485542,-0.550623
0.486589,-0.549666
0.527223,-0.602375
0.488833,-0.547709
0.486809,-0.549515
0.411719,-0.511834
0.474676,-0.625677
0.497297,-0.686559
0.457112,-0.633473
0.456813,-0.633724
0.422016,-0.592454
0.436551,-0.58719
0.417791,-0.596068
0.43236,-0.574376
0.459342,-0.633248
0.522671,-0.746777
0.537783,-0.739479
0.537857,-0.739416
0.537857,-0.739416
0.555273,-0.731745
0.555124,-0.731871
0.554002,-0.73289
0.571436,-0.725203
0.554057,-0.732842
0.612106,-0.777882
0.629484,-0.770242
0.629335,-0.770368
0.646658,-0.762776
0.570811,-0.713776
0.571184,-0.713462
0.553742,-0.721099
0.517089,-0.665939
0.467124,-0.612133
0.49501,-0.604811
0.570959,-0.653725
0.610499,-0.7072
0.610541,-0.707165
0.610541,-0.707165
0.608999,-0.708398
0.565083,-0.70768
0.565102,-0.707664
0.601778,-0.762805
0.601806,-0.762781
0.601834,-0.762758
0.503927,-0.744631
0.590319,-0.747214
0.588834,-0.7484
0.587255,-0.749665
0.585695,-0.750914
0.585713,-0.750898
0.535568,-0.733365
0.588834,-0.7484
0.534843,-0.730992
0.495779,-0.677209
0.402371,-0.58758
0.493819,-0.66006
0.492654,-0.679711
0.494196,-0.678478
0.599076,-0.715777
0.5631,-0.659523
0.599099,-0.715757
0.597548,-0.716998
0.59909,-0.715765
0.601388,-0.713946
0.59986,-0.715167
0.600677,-0.71453
0.637428,-0.770182
0.634361,-0.772635
0.635092,-0.772071
0.635854,-0.771481
0.631229,-0.775181
0.6297,-0.776366
0.625103,-0.780042
0.622807,-0.781897
0.642933,-0.752873
0.630765,-0.769057
0.536392,-0.760949
0.53523,-0.761883
0.581628,-0.766551
0.57471,-0.772065
0.57471,-0.772065
0.6211,-0.776738
0.587536,-0.782421
0.589811,-0.780584
0.583692,-0.725629
0.618807,-0.778553
0.575366,-0.735709
0.575366,-0.735709
0.573843,-0.736927
0.585252,-0.721331
0.589069,-0.718299
0.632144,-0.761466
0.653444,-0.731498
0.675487,-0.700898
0.689577,-0.683191
0.668277,-0.71316
0.608766,-0.744444
0.551337,-0.718906
0.482735,-0.755358
0.494914,-0.739165
0.49752,-0.728922
0.513319,-0.687167
0.521639,-0.682597
0.520117,-0.683815
0.56633,-0.690074
0.555637,-0.644788
0.549567,-0.656134
0.556886,-0.672771
0.4939,-0.656391
0.507722,-0.658017
0.510015,-0.656202
0.507739,-0.65804
0.433326,-0.657233
0.479118,-0.691588
0.47232,-0.694941
0.464,-0.699511
0.442746,-0.720894
0.484149,-0.68817
0.433383,-0.641336
0.495497,-0.639299
0.503818,-0.634729
0.563615,-0.643119
0.584196,-0.701854
0.500829,-0.597829
0.457468,-0.573824
0.452857,-0.586067
0.407956,-0.563258
0.33034,-0.467188
0.331845,-0.465949
0.367417,-0.416683
0.415951,-0.461732
0.498903,-0.552066
0.512569,-0.529642
0.607466,-0.599883
0.607466,-0.599883
0.554649,-0.58137
0.523467,-0.625723
0.49022,-0.56055
0.487761,-0.585554
0.556382,-0.58351
0.534234,-0.589815
0.610441,-0.617757
0.678868,-0.61586
0.672602,-0.626067
0.678513,-0.614969
0.675533,-0.618351
0.721422,-0.551611
0.730081,-0.517162
0.720182,-0.534378
0.712731,-0.543189
0.70605,-0.551402
0.696343,-0.567041
0.647824,-0.558653
0.634495,-0.575751
0.687488,-0.616426
0.678964,-0.628349
0.631006,-0.563943
0.653645,-0.531491
0.630253,-0.564563
0.716191,-0.536447
0.780589,-0.553883
0.769563,-0.569177
0.780794,-0.552321
0.768793,-0.569775
0.722339,-0.634543
0.670232,-0.60144
0.690774,-0.572086
0.700647,-0.557691
0.678782,-0.589551
0.742285,-0.607041
0.71214,-0.539995
0.659582,-0.503867
0.724159,-0.522564
0.74662,-0.488851
0.735981,-0.50385
0.738139,-0.497975
0.726908,-0.514831
0.738139,-0.497975
0.715886,-0.530131
0.73873,-0.496117
0.749369,-0.481118
0.748986,-0.48142
0.748986,-0.48142
0.82364,-0.484159
0.846483,-0.450145
0.81567,-0.488159
0.810893,-0.49287
0.79642,-0.521178
0.743461,-0.485329
0.776644,-0.542485
0.764648,-0.559945
0.750207,-0.577494
0.715958,-0.62711
0.680746,-0.570528
0.668367,-0.588289
0.680746,-0.570528
0.621098,-0.542663
0.624325,-0.540563
0.624325,-0.540563
0.664297,-0.593841
0.698946,-0.542519
0.539642,-0.439687
0.551255,-0.42253
0.604247,-0.450111
0.526383,-0.429168
0.478348,-0.384146
0.519781,-0.418932
0.586224,-0.456882
0.427527,-0.415318
0.420463,-0.313152
0.374756,-0.265012
0.374756,-0.265012
0.304876,-0.235175
0.311573,-0.234361
0.380314,-0.248337
0.207599,-0.154265
0.208622,-0.128474
0.318277,-0.257126
0.236018,-0.107662
0.384638,-0.241483
0.449862,-0.258267
0.464521,-0.237095
0.468038,-0.233184
0.447242,-0.185832
0.460974,-0.206128
0.51174,-0.250353
0.512775,-0.267871
0.613522,-0.182409
0.553681,-0.140145
0.614117,-0.165999
0.550449,-0.11888
0.563117,-0.039432
0.624576,-0.039495
0.682432,-0.121475
0.682432,-0.121475
0.569561,-0.070392
0.636746,-0.114703
0.605905,-0.154066
0.608485,-0.09794
0.723209,-0.134302
0.578847,-0.13383
0.637472,-0.187485
0.63897,-0.210008
0.594033,-0.303052
0.545605,-0.301174
0.590669,-0.236807
0.583284,-0.23251
0.684319,-0.176175
0.733161,-0.101242
0.83083,0.08855
0.82802,0.119688
0.643068,0.033743
0.656498,-0.028494
0.653785,-0.017363
0.699453,0.088539
0.643919,-0.004955
0.643919,-0.004955
0.647596,-0.015851
0.647596,-0.015851
0.649094,-0.038374
0.697061,0.042242
0.702577,0.025899
0.700738,0.031347
0.751701,0.066917
0.80136,0.085179
0.826343,0.094921
0.82968,0.066951
0.879145,0.125044
0.812684,0.044879
0.875809,0.153015
0.873289,0.124313
0.896591,0.161164
0.89625,0.144089
0.946931,0.213574
0.943877,0.20763
0.942038,0.213078
0.939434,0.221182
0.946107,0.165241
0.945341,0.167896
0.946378,0.165212
0.944079,0.190499
0.947756,0.179603
0.947024,0.19947
0.946232,0.168347
0.946353,0.131434
0.892028,0.154336
0.920054,0.124087
0.91728,0.22312
0.909696,0.212554
0.921842,0.172655
0.930651,0.160727
0.929614,0.163411
0.958355,0.203987
0.956857,0.22651
0.956516,0.209435
0.956055,0.229274
0.955359,0.249033
0.957198,0.243585
0.953981,0.234642
0.954322,0.251717
0.952825,0.27424
0.949916,0.299614
0.953593,0.288718
0.958681,0.274971
0.914735,0.222105
0.964196,0.258627
0.967873,0.247731
0.870776,0.181586
0.861583,0.208826
0.900429,0.249421
0.892975,0.271611
0.842077,0.22427
0.842077,0.22427
0.787402,0.188223
0.787302,0.188621
0.789141,0.183174
0.734566,0.146728
0.738242,0.135833
0.740852,0.128691
0.796597,0.16185
0.851272,0.197897
0.868448,0.262025
0.868448,0.262025
0.9267,0.287574
0.963029,0.262779
0.965735,0.254374
0.965735,0.254374
0.962059,0.265269
0.962059,0.265269
0.948121,0.223026
0.948021,0.223425
0.963698,0.260618
0.963698,0.260618
0.965337,0.255966
0.965436,0.255568
0.967175,0.250518
0.965237,0.256365
0.910862,0.216585
0.909024,0.222033
0.907185,0.227481
0.962951,0.263604
0.961312,0.268256
0.935252,0.211496
0.966778,0.252112
0.966678,0.25251
0.899468,0.240808
0.893246,0.2562
0.820708,0.246833
0.832205,0.229156
0.779037,0.195282
0.836441,0.21981
0.836341,0.220208
0.888627,0.235625
0.888652,0.235526
0.876979,0.25375
0.877593,0.273303
0.877567,0.273402
0.868985,0.292821
0.857436,0.310547
0.861943,0.300106
0.861818,0.300603
0.810324,0.287431
0.888569,0.262472
0.888569,0.262472
0.872575,0.29039
0.868092,0.300732
0.872768,0.270104
0.90609,0.335223
0.890725,0.39886
0.886254,0.409152
0.878467,0.423824
0.878616,0.423226
0.876177,0.356086
0.871769,0.36613
0.823594,0.321595
0.81207,0.339221
0.835394,0.302874
0.832116,0.307104
0.834849,0.309465
0.834849,0.309465
0.849135,0.357684
0.845857,0.361914
0.85029,0.351772
0.853519,0.34774
0.841448,0.371958
0.837782,0.375516
0.837807,0.375416
0.766566,0.284143
0.766541,0.284243
0.729732,0.257551
0.660138,0.253757
0.669055,0.233273
0.5846,0.148066
0.527988,0.032552
0.49889,-0.008513
0.538053,0.029199
0.516716,-0.026439
0.492101,-0.077846
0.458812,-0.114463
0.38305,-0.220555
0.301577,-0.309953
0.41621,-0.197892
0.422239,-0.090336
0.403405,-0.030468
0.492822,0.052035
0.531668,0.101939
0.576731,0.14102
0.511493,0.217609
0.399465,0.018767
0.408281,-0.045387
0.371345,0.02554
0.357864,0.047356
0.22898,-0.026898
0.272298,0.017241
0.337018,0.009603
0.358665,-0.02416
0.267193,-0.031152
0.313087,-0.001273
0.32338,-0.027381
0.504429,0.014488
0.499996,0.024631
0.50803,-0.030493
0.509459,-0.092653
0.586521,0.003329
0.636415,0.027424
0.631385,0.03855
0.675731,0.077924
0.690892,0.045082
0.733344,0.089566
0.728928,0.104919
0.692016,0.053993
0.652283,-0.000658
0.656896,-0.002189
0.613229,-0.041683
0.613229,-0.041683
0.402698,-0.259889
0.407311,-0.26142
0.306155,-0.291401
0.218632,-0.37498
0.218632,-0.37498
0.136542,-0.347457
0.194384,-0.357011
0.280828,-0.277981
0.278493,-0.2773
0.231047,-0.3155
0.344438,-0.260254
0.299327,-0.299135
0.299808,-0.299331
0.167234,-0.417021
0.122122,-0.455902
0.078808,-0.495438
-0.006857,-0.5749
0.055724,-0.459664
0.120494,-0.455303
0.097766,-0.546046
0.054452,-0.585582
0.055583,-0.586028
0.14108,-0.50651
0.14042,-0.506286
0.139939,-0.506091
0.182771,-0.466359
0.096203,-0.545508
0.076053,-0.519916
0.077428,-0.520451
0.121164,-0.481034
0.163997,-0.441303
0.212152,-0.339083
0.25636,-0.299888
0.123786,-0.417577
0.123786,-0.417577
0.076465,-0.52006
0.027552,-0.411338
-0.090481,-0.406387
-0.090209,-0.316035
-0.110612,-0.382208
-0.10845,-0.426649
-0.180195,-0.292779
-0.228616,-0.286815
-0.195722,-0.189112
-0.256546,-0.113616
-0.257267,-0.146818
-0.29681,-0.139815
-0.256245,-0.149336
-0.236095,-0.174928
-0.298805,-0.098715
-0.353446,-0.037261
-0.358554,0.109363
-0.370772,0.168184
-0.39124,0.201416
-0.459435,0.222713
-0.438967,0.189481
-0.489314,0.103002
-0.489314,0.103002
-0.484624,0.274373
-0.487049,0.379093
-0.439276,0.467093
-0.492048,0.485334
-0.541706,0.39805
-0.488104,0.375049
-0.553078,0.302095
-0.563851,0.464741
-0.558616,0.512339
-0.611387,0.53058
-0.611387,0.53058
-0.611387,0.53058
-0.611387,0.53058
-0.611387,0.53058
-0.554195,0.43086
-0.596068,0.416335
-0.56316,0.473691
-0.579914,0.434008
-0.600736,0.418718
-0.600736,0.418718
-0.596189,0.467121
-0.583982,0.458401
-0.599302,0.572645
-0.599302,0.572645
-0.60397,0.575028
-0.60397,0.575028
-0.596431,0.568692
-0.596431,0.568692
-0.596431,0.568692
-0.608205,0.55094
-0.608205,0.55094
-0.611197,0.605679
-0.563169,0.613685
-0.519238,0.662326
-0.566161,0.668424
-0.56917,0.607653
-0.617005,0.483663
-0.617005,0.483663
-0.617005,0.483663
-0.617005,0.483663
-0.531657,0.471651
-0.531657,0.471651
-0.496936,0.42194
-0.554411,0.302407
-0.516438,0.47824
-0.507203,0.594306
-0.51943,0.532979
-0.516438,0.47824
-0.510455,0.368762
-0.507463,0.314022
-0.542184,0.363734
-0.583148,0.24264
-0.539781,0.192114
-0.545765,0.301592
-0.508382,0.360543
-0.511374,0.415282
-0.46399,0.408567
-0.420623,0.35804
-0.423615,0.41278
-0.426607,0.467519
-0.470999,0.419495
-0.470999,0.419495
-0.470999,0.419495
-0.514366,0.470021
-0.548757,0.356331
-0.551749,0.41107
-0.508382,0.360543
-0.508382,0.360543
-0.468007,0.364756
-0.427632,0.368968
-0.384265,0.318441
-0.384265,0.318441
-0.384265,0.318441
-0.384265,0.318441
-0.384265,0.318441
-0.387257,0.373181
-0.419844,0.380221
-0.422836,0.43496
-0.396,0.495348
-0.336345,0.506645
-0.341771,0.50134
-0.319014,0.438482
-0.317589,0.506031
-0.348082,0.497759
-0.348082,0.497759
-0.406718,0.524867
-0.376891,0.530515
-0.339615,0.472061
-0.387892,0.438126
-0.356717,0.325832
-0.321463,0.336785
-0.322984,0.337963
-0.28163,0.402754
-0.227402,0.408747
-0.27553,0.456593
-0.198922,0.532337
-0.198922,0.532337
-0.187395,0.59148
-0.192822,0.586176
-0.229152,0.568305
-0.265754,0.675294
-0.368418,0.712037
-0.262656,0.744895
-0.358007,0.763269
-0.245938,0.726795
-0.127776,0.725459
-0.182173,0.73943
-0.212001,0.733782
-0.292286,0.708186
-0.375742,0.718316
-0.380092,0.71993
-0.314802,0.71756
-0.275336,0.701825
-0.38531,0.695655
-0.404592,0.695505
-0.381098,0.668967
-0.472316,0.71939
-0.37553,0.760548
-0.446038,0.738642
-0.426204,0.728651
-0.312939,0.804018
-0.332221,0.803867
-0.326554,0.806219
-0.375848,0.78842
-0.408323,0.778774
-0.384368,0.802197
-0.368396,0.813
-0.3453,0.782545
-0.506501,0.754619
-0.542592,0.779901
-0.495987,0.746066
-0.506293,0.737616
-0.500626,0.739967
-0.470166,0.712248
-0.467387,0.713554
-0.4327,0.717295
-0.443006,0.708845
-0.466174,0.747963
-0.527684,0.714908
-0.543656,0.704106
-0.543656,0.704106
-0.48361,0.684987
-0.464023,0.720962
-0.422448,0.744066
-0.45525,0.700954
-0.396939,0.660799
-0.37527,0.608068
-0.441001,0.585133
-0.40242,0.601021
-0.432697,0.643297
-0.270645,0.632973
-0.252973,0.580091
-0.333951,0.604313
-0.368092,0.59335
-0.304177,0.555487
-0.289045,0.613916
-0.243862,0.620049
-0.135881,0.605407
-0.115583,0.66184
-0.266295,0.619135
-0.228686,0.566756
-0.228686,0.566756
-0.193431,0.577709
-0.231272,0.592384
-0.212454,0.596211
-0.16781,0.595453
-0.076213,0.546832
-0.135237,0.564479
-0.177217,0.578871
-0.255183,0.592915
-0.316715,0.634638
-0.345748,0.652726
-0.306507,0.596361
-0.441204,0.594098
-0.467135,0.538801
-0.426715,0.547758
-0.305457,0.574627
-0.187411,0.539334
-0.106572,0.557247
-0.165595,0.574894
-0.125176,0.58385
-0.044337,0.601763
0.010571,0.564379
-0.151107,0.528553
-0.077595,0.464566
-0.136618,0.482213
-0.15846,0.446607
-0.213368,0.483991
-0.229433,0.528228
-0.229963,0.51804
-0.169809,0.501713
-0.06676,0.498895
-0.062645,0.518633
0.003293,0.505821
0.126009,0.452625
-0.005845,0.506885
0.162588,0.476843
0.216576,0.475952
0.177545,0.544142
0.219401,0.522747
0.191038,0.400273
0.355193,0.356981
0.45891,0.322744
0.509609,0.258871
0.597241,0.304672
0.571976,0.301628
0.531784,0.311384
0.53396,0.316063
0.584499,0.283753
0.639749,0.295125
0.695634,0.293645
0.704024,0.287836
0.707803,0.242386
0.720563,0.231503
0.706074,0.277843
0.768857,0.254826
0.769954,0.146674
0.799037,0.095758
0.803285,0.113736
0.813064,-0.006664
0.802944,0.034602
0.807192,0.05258
0.762836,0.07675
0.748347,0.123091
0.758588,0.058773
0.679358,0.071255
0.688881,0.134193
0.700132,0.096762
0.590174,0.089574
0.540971,0.217068
0.484094,0.267475
0.427555,0.280794
0.558,0.371969
0.502042,0.328477
0.43684,0.328378
0.484237,0.39223
0.537655,0.412737
0.487695,0.321317
0.491312,0.387604
0.390139,0.325504
0.369967,0.378102
0.194891,0.311607
0.345214,0.228427
0.198036,0.104107
0.190295,0.109316
0.007085,0.097132
0.106528,0.194688
0.093769,0.205572
0.031546,0.225148
-0.023602,0.240099
0.140134,0.336281
0.255438,0.374299
0.336464,0.40607
0.268895,0.394816
0.15858,0.409887
0.289279,0.482002
0.430163,0.422968
0.44326,0.374997
0.320339,0.439122
0.31676,0.403423
0.44702,0.475501
0.344153,0.431916
0.283504,0.41253
0.355839,0.435379
0.350984,0.443491
0.355271,0.456897
0.369424,0.451964
0.355986,0.394371
0.472686,0.412726
0.528605,0.448947
0.591526,0.460771
0.41462,0.39279
0.307357,0.300008
0.307357,0.300008
0.311932,0.279668
0.425917,0.335825
0.425917,0.335825
0.369998,0.299604
0.256013,0.243447
0.311932,0.279668
0.370278,0.311832
0.430772,0.327712
0.435627,0.3196
0.382136,0.279323
0.432305,0.319676
0.428734,0.291564
0.434057,0.284824
0.367065,0.259475
0.374348,0.247307
0.264658,0.158581
0.220487,0.142284
0.334752,0.210669
0.509791,0.307163
0.637089,0.359247
0.639516,0.355191
0.641944,0.351135
0.583597,0.318971
0.644371,0.347079
0.639516,0.355191
0.599497,0.422706
0.599497,0.422706
0.533868,0.40271
0.519849,0.360983
0.519849,0.360983
0.524704,0.352871
0.620243,0.395418
0.590527,0.413705
0.527472,0.39743
0.532327,0.389318
0.559615,0.375087
0.503696,0.338867
0.440678,0.356449
0.56436,0.393055
0.50887,0.39918
0.504015,0.407293
0.392178,0.334851
0.392178,0.334851
0.392178,0.334851
0.55465,0.409279
0.552222,0.413335
0.542083,0.387213
0.53406,0.397246
0.584878,0.440866
0.696715,0.513308
0.696715,0.513308
0.68894,0.524052
0.68894,0.524052
0.630347,0.491175
0.574428,0.454955
0.623461,0.517499
0.621924,0.537136
0.682054,0.550376
0.742184,0.563617
0.798103,0.599837
0.795429,0.603181
0.790081,0.609869
0.792755,0.606525
0.790081,0.609869
0.750677,0.56481
0.742655,0.574842
0.77671,0.62659
0.779384,0.623246
0.77671,0.62659
0.779384,0.623246
0.771362,0.633278
0.768688,0.636622
0.77671,0.62659
0.782058,0.619901
0.797898,0.579843
0.797898,0.579843
0.795224,0.583187
0.803042,0.55316
0.81086,0.523134
0.813534,0.51979
0.81086,0.523134
0.818473,0.473112
0.811348,0.427488
0.814683,0.38692
0.77895,0.359254
0.74391,0.255936
0.790103,0.288659
0.759268,0.225696
0.54853,0.077887
0.418124,-0.027286
0.369243,-0.041448
0.470595,0.045082
0.447942,0.005134
0.470454,-0.060826
0.400244,0.00324
0.422235,0.080412
0.343787,0.069011
0.455854,0.194114
0.577785,0.266519
0.521116,0.294867
0.496357,0.29447
0.549707,0.334391
0.586409,0.401775
0.533277,0.366631
0.535951,0.363287
0.541081,0.351822
0.583953,0.409896
0.561466,0.374756
0.578931,0.418603
0.525581,0.378682
0.512163,0.392585
0.554877,0.440306
0.608227,0.480227
0.661577,0.520148
0.605553,0.483571
0.591914,0.405439
0.521359,0.305285
0.530474,0.309451
0.530474,0.309451
0.535604,0.297986
0.658915,0.354228
0.580948,0.322565
0.514665,0.308919
0.466445,0.257533
0.486823,0.256487
0.533151,0.309283
0.479801,0.269362
0.485149,0.262674
0.548977,0.284442
0.489062,0.255288
0.577165,0.337085
0.491062,0.260974
0.513555,0.320095
0.521141,0.300508
0.483399,0.230969
0.41536,0.117119
0.445999,0.093143
0.481644,0.130766
0.532538,0.178808
0.552718,0.244542
0.547369,0.25123
0.57316,0.244738
0.498669,0.243766
0.449227,0.19518
0.419398,0.149945
0.391215,0.165801
0.363762,0.118143
0.304059,0.092488
0.292778,0.133447
0.290104,0.136791
0.365415,0.132828
0.328566,0.165426
0.296971,0.12366
0.28002,0.16889
0.213736,0.155244
0.199709,0.168292
0.120403,0.081563
0.122108,-0.018625
0.187358,0.05721
0.18814,0.055277
0.274988,0.065872
0.280565,0.063665
0.388468,0.192797
0.362408,0.205846
0.21634,0.073309
0.148142,0.052952
0.107696,0.008268
0.299473,0.190222
0.256702,0.187345
0.210422,0.184649
0.154209,0.144882
0.171478,0.153237
0.226122,0.09887
0.214807,0.075048
0.272681,0.170516
0.272681,0.170516
0.276014,0.13831
0.191708,-0.005115
0.129533,-0.012198
0.067317,-0.144536
0.121326,-0.133477
0.111843,-0.115254
0.20493,0.017038
0.191285,0.09689
0.196091,0.138564
0.225564,0.186293
0.279697,0.185597
0.219835,0.267011
0.225696,0.28946
0.171991,0.253476
0.172413,0.304701
0.285475,0.345055
0.437534,0.478026
0.380047,0.493116
0.374699,0.499804
0.251961,0.477743
0.470378,0.517659
0.475727,0.510971
0.412452,0.479552
0.356047,0.517006
0.356047,0.517006
0.356047,0.517006
0.358722,0.513662
0.356047,0.517006
0.362199,0.487512
0.5015,0.53935
0.559406,0.559646
0.556732,0.56299
0.562081,0.556302
0.468509,0.58783
0.582163,0.615373
0.465835,0.591174
0.465835,0.591174
0.517313,0.611634
0.345875,0.551469
0.402702,0.56524
0.296393,0.519506
0.240524,0.524586
0.406334,0.580747
0.347745,0.550106
0.290918,0.536335
0.347745,0.550106
0.460487,0.597863
0.47377,0.563414
0.530597,0.577185
0.628293,0.64252
0.571466,0.628749
0.571466,0.628749
0.571466,0.628749
0.630967,0.639176
0.630967,0.639176
0.630967,0.639176
0.703185,0.596448
0.694717,0.622742
0.694717,0.622742
0.642139,0.58211
0.694717,0.622742
0.697391,0.619398
0.749969,0.66003
0.747295,0.663374
0.744621,0.666718
0.744621,0.666718
0.741947,0.670062
0.741947,0.670062
0.739273,0.673406
0.739273,0.673406
0.739273,0.673406
0.739273,0.673406
0.739273,0.673406
0.739273,0.673406
0.739273,0.673406
0.739273,0.673406
0.739273,0.673406
0.736412,0.676191
0.739273,0.673406
0.731478,0.679721
0.731478,0.679721
0.739273,0.673406
0.739273,0.673406
0.739273,0.673406
0.739273,0.673406
0.739273,0.673406
0.739273,0.673406
0.739273,0.673406
0.733999,0.62383
0.733999,0.62383
0.733999,0.62383
0.733999,0.62383
0.733999,0.62383
0.733999,0.62383
0.733999,0.62383
0.733999,0.62383
0.682119,0.620598
0.682119,0.620598
0.670649,0.520812
0.618769,0.51758
0.618769,0.51758
0.566889,0.514349
0.515009,0.511117
0.566889,0.514349
0.572163,0.563925
0.630239,0.617367
0.578359,0.614135
0.526479,0.610904
0.526479,0.610904
0.526479,0.610904
0.578359,0.614135
0.578359,0.614135
0.630239,0.617367
0.630239,0.617367
0.635513,0.666943
0.583633,0.663711
0.635513,0.666943
0.635513,0.666943
0.635513,0.666943
0.531753,0.66048
0.483004,0.616368
0.483004,0.616368
0.376113,0.650785
0.316551,0.596411
0.316551,0.596411
0.291721,0.490341
0.23865,0.486857
0.301598,0.500022
0.457237,0.509717
0.457237,0.509717
0.527455,0.568127
0.527455,0.568127
0.500584,0.525047
0.456387,0.572959
0.415575,0.57966
0.456387,0.572959
0.456387,0.572959
0.500584,0.525047
0.476586,0.422251
0.484269,0.473395
0.432962,0.430945
0.519396,0.5284
0.468089,0.485951
0.467516,0.525169
0.377125,0.508141
0.429004,0.511373
0.469817,0.504671
0.30412,0.342399
0.30412,0.342399
0.318061,0.292617
0.25224,0.339168
0.25224,0.339168
0.193875,0.37226
0.245755,0.375492
0.207816,0.322478
0.203395,0.313696
0.226849,0.249641
0.267823,0.280415
0.286185,0.239415
0.338065,0.242647
0.491641,0.297447
0.537036,0.337003
0.55745,0.413199
0.533453,0.310403
0.525996,0.323861
0.578847,0.349959
0.506622,0.207549
0.430744,0.101522
0.54892,0.288036
0.65528,0.460534
0.617342,0.40752
0.624798,0.394062
0.596159,0.372151
0.662078,0.326773
0.666593,0.32048
0.60028,0.102026
0.542914,0.082222
0.593056,0.10361
0.616083,0.183539
0.654022,0.236553
0.640434,0.264386
0.658485,0.196603
0.70388,0.236159
0.747804,0.264735
0.727451,0.181611
0.713772,0.264447
0.731539,0.252302
0.731539,0.252302
0.697635,0.252785
0.761819,0.369079
0.746907,0.395995
0.698433,0.368347
0.705889,0.354889
0.66461,0.313394
0.674944,0.258682
0.667488,0.27214
0.693594,0.340162
0.693594,0.340162
0.70105,0.326704
0.674433,0.270983
0.643749,0.175163
0.674433,0.270983
0.752267,0.364029
0.764238,0.344278
0.756782,0.357736
0.753904,0.398991
0.705492,0.405432
0.694617,0.415423
0.661055,0.360859
0.657124,0.369693
0.612802,0.374361
0.541213,0.228375
0.612268,0.328669
0.64583,0.383234
0.612268,0.328669
0.650345,0.376941
0.691363,0.418048
0.724926,0.472612
0.695658,0.417155
0.695658,0.417155
0.703114,0.403697
0.732161,0.464554
0.775564,0.545517
0.772038,0.550141
0.779494,0.536683
0.775968,0.541306
0.775968,0.541306
0.775968,0.541306
0.761056,0.568222
0.7536,0.58168
0.746979,0.594186
0.739523,0.607644
0.740357,0.606692
0.731482,0.556292
0.713915,0.498543
0.7121,0.448726
0.711678,0.449198
0.712513,0.448246
0.682495,0.519604
0.668229,0.466717
0.669648,0.530575
0.697558,0.570976
0.691552,0.635301
0.691974,0.634829
0.703728,0.690564
0.703728,0.690564
0.703728,0.690564
0.659768,0.645739
0.67838,0.636212
0.703306,0.691036
0.684694,0.700563
0.685528,0.699611
0.657527,0.710328
0.656693,0.71128
0.598599,0.735089
0.615767,0.654546
0.59632,0.665025
0.571617,0.635116
0.627186,0.677321
0.628021,0.676369
0.543086,0.581382
0.471824,0.542003
0.48756,0.572629
0.545026,0.450984
0.520927,0.420887
0.524392,0.419386
0.477711,0.366124
0.497775,0.453473
0.526611,0.441804
0.540715,0.43953
0.488269,0.394944
0.522633,0.508296
0.591687,0.547751
0.575057,0.597249
0.614018,0.649797
0.586017,0.660513
0.545769,0.681804
0.503784,0.702629
0.504627,0.701685
0.50504,0.701205
0.50504,0.701205
0.513172,0.63399
0.515585,0.700591
0.544843,0.68845
0.545678,0.687498
0.517677,0.698215
0.485171,0.644707
0.574905,0.741193
0.571309,0.744719
0.559837,0.751979
0.583621,0.742167
0.628143,0.727986
0.62639,0.710874
0.654391,0.700158
0.62639,0.710874
0.669623,0.688617
0.636778,0.704291
0.608777,0.715008
0.608777,0.715008
0.58395,0.722672
0.614455,0.709099
0.584785,0.72172
0.526615,0.675879
0.527036,0.675407
0.497788,0.687556
0.513061,0.685524
0.532009,0.749616
0.561679,0.736995
0.553102,0.673022
0.566664,0.663385
0.662161,0.691872
0.675733,0.682244
0.67532,0.682724
0.731753,0.660826
0.731753,0.660826
0.628786,0.576481
0.679774,0.619431
0.679774,0.619431
0.704577,0.670583
0.744311,0.658601
0.751719,0.634414
0.752132,0.633934
0.771073,0.54975
0.762687,0.575079
0.768575,0.624319
0.76878,0.624078
0.71033,0.60747
0.768937,0.6239
0.76775,0.62528
0.767286,0.62582
0.767186,0.625942
0.76708,0.626061
0.774589,0.60175
0.766255,0.62702
0.766154,0.627143
0.766567,0.626663
0.766412,0.626843
0.766103,0.627203
0.75761,0.652649
0.757506,0.652769
0.738903,0.663043
0.738179,0.663882
0.73326,0.664408
0.742235,0.639433
0.741409,0.640393
0.741617,0.640154
0.757815,0.652409
0.757403,0.652889
0.757197,0.65313
0.757095,0.65325
0.756682,0.65373
0.756475,0.653969
0.756682,0.65373
0.756373,0.654091
0.756218,0.65427
0.756528,0.653911
0.756115,0.654391
0.75627,0.654211
0.756683,0.653731
0.75658,0.653851
0.756477,0.653971
0.756942,0.653432
0.756012,0.654511
0.758468,0.651361
0.758263,0.651602
0.758675,0.651122
0.703275,0.615261
0.703275,0.615261
0.705521,0.612348
0.705108,0.612828
0.706919,0.610429
0.705753,0.639688
0.648073,0.634373
0.626812,0.638722
0.570968,0.630976
0.680274,0.649525
0.540594,0.646925
0.567201,0.598192
0.570303,0.594293
0.569682,0.595012
0.569682,0.595012
0.592725,0.616983
0.615872,0.605298
0.504188,0.589809
0.499226,0.596169
0.566314,0.643064
0.566571,0.642764
0.511246,0.634421
0.46222,0.615128
0.378647,0.577325
0.448146,0.488143
0.388361,0.472696
0.44535,0.472808
0.381178,0.47314
0.328834,0.447907
0.187219,0.522055
0.139909,0.49447
0.238268,0.458069
0.22438,0.359893
0.199433,0.254135
0.080893,0.232831
0.17187,0.176483
0.117777,0.213645
0.017824,0.142489
-0.010973,0.069959
-0.04827,0.123181
-0.045649,0.163386
0.01536,0.180267
-0.027362,0.224653
0.017171,0.168784
-0.035776,0.165077
-0.103924,0.149959
-0.112027,0.091129
-0.068941,0.046325
-0.031644,-0.006897
-0.104393,-0.007621
-0.137558,0.085296
-0.134242,0.231302
0.01433,0.194051
0.027036,0.246661
-0.0286,0.238676
-0.07455,0.261736
-0.021805,0.238645
-0.146195,0.143504
-0.146195,0.143504
-0.103948,0.097258
-0.09165,0.123309
-0.132264,0.099148
-0.274957,0.181434
-0.081428,0.253029
-0.080074,0.257333
-0.082686,0.244902
-0.006311,0.297483
0.044105,0.292757
-0.055058,0.273213
0.091687,0.27295
0.265902,0.269578
0.146427,0.184347
0.076841,0.22269
0.077894,0.283189
0.15216,0.309979
0.104172,0.253185
0.096114,0.275434
0.152434,0.28504
0.136688,0.178528
0.161022,0.187047
0.259795,0.151154
-0.008091,0.156346
0.078795,0.226609
0.039903,0.254235
-0.082944,0.306004
0.001515,0.275513
-0.052257,0.254032
0.012405,0.344457
-0.026795,0.259594
-0.063408,0.276117
-0.210864,0.359461
-0.188827,0.290086
-0.147898,0.056401
-0.213196,0.097433
-0.178921,0.05803
-0.219501,0.099209
-0.228793,0.116471
-0.161324,0.163508
-0.18449,0.1901
-0.231299,0.23509
-0.230819,0.266026
-0.449492,0.247719
-0.389457,0.238918
-0.442485,0.21535
-0.349607,0.165832
-0.346449,0.126693
-0.352143,0.114733
-0.387337,0.193646
-0.396602,0.196688
-0.33884,0.275683
-0.45241,0.287346
-0.352712,0.441654
-0.245717,0.43237
-0.088124,0.45914
-0.139677,0.457034
-0.185159,0.419368
-0.290718,0.415223
-0.241628,0.432649
-0.277276,0.398466
-0.432189,0.418382
-0.548584,0.58193
-0.49354,0.515141
-0.49842,0.393412
-0.529148,0.40849
-0.565255,0.450093
-0.506986,0.56109
-0.539284,0.567425
-0.555756,0.476527
-0.579001,0.496813
-0.578832,0.487249
-0.566662,0.518806
-0.627299,0.490442
-0.579684,0.465554
-0.570398,0.435593
-0.553356,0.470067
-0.608646,0.489617
-0.624614,0.581994
-0.610008,0.61501
-0.560953,0.710197
-0.539496,0.711793
-0.508652,0.722602
-0.488162,0.73477
-0.429466,0.796617
-0.355158,0.769465
-0.410646,0.852933
-0.391625,0.853071
-0.353104,0.84824
-0.350668,0.849698
-0.351848,0.800521
-0.351848,0.800521
-0.275603,0.768085
-0.192263,0.862443
-0.165935,0.866956
-0.168371,0.865497
-0.226306,0.860894
-0.139715,0.847621
-0.125992,0.845108
-0.168905,0.841915
-0.190361,0.840318
-0.221969,0.840228
-0.225902,0.900647
-0.201714,0.844937
-0.13968,0.843505
-0.053753,0.845127
-0.063396,0.834531
-0.094329,0.748449
-0.05472,0.793875
-0.055402,0.744331
0.00947,0.648075
-0.028672,0.652562
0.000778,0.563959
-0.017557,0.469246
0.051695,0.55226
0.055214,0.506979
0.076269,0.604858
-0.059241,0.505475
-0.089373,0.544534
-0.031533,0.540265
-0.013881,0.585434
-0.045714,0.772897
-0.000879,0.779665
-0.015129,0.787207
0.005071,0.858562
-0.087095,0.899054
-0.112462,0.896328
-0.142639,0.827627
-0.18934,0.844215
-0.173207,0.781952
-0.219517,0.775514
-0.220991,0.775843
-0.216181,0.841819
-0.201083,0.761705
-0.173855,0.831066
-0.235889,0.832498
-0.235889,0.832498
-0.146219,0.846035
-0.123801,0.849419
-0.146219,0.846035
-0.123801,0.849419
-0.101384,0.852804
-0.202852,0.810896
-0.1356,0.821049
-0.158017,0.817664
-0.17085,0.771442
-0.14041,0.755072
-0.117992,0.758456
-0.117992,0.758456
-0.117992,0.758456
-0.060324,0.811447
-0.087552,0.742086
-0.065135,0.74547
-0.065135,0.74547
-0.082742,0.808062
-0.087552,0.742086
-0.172412,0.794526
-0.096511,0.728473
-0.056486,0.669265
-0.092187,0.69037
-0.098882,0.756619
-0.125624,0.791338
-0.152366,0.826056
-0.058371,0.80149
-0.103206,0.794722
-0.068136,0.810656
-0.132319,0.857586
-0.159061,0.892305
-0.10272,0.898801
-0.053561,0.867467
-0.125138,0.895417
-0.163934,0.93032
-0.119099,0.937088
-0.131153,0.937273
-0.109329,0.944586
-0.109329,0.944586
-0.075406,0.947698
-0.052439,0.95117
-0.074857,0.947786
-0.060618,0.901076
-0.060618,0.901076
-0.166864,0.832588
-0.166271,0.828659
-0.116365,0.890651
-0.149146,0.883698
-0.161127,0.862242
-0.196715,0.923367
-0.219132,0.919983
-0.198506,0.867964
-0.280294,0.814885
-0.232371,0.776369
-0.19536,0.734197
-0.243283,0.772713
-0.243283,0.772713
-0.251166,0.812255
-0.251166,0.812255
-0.237271,0.80591
-0.302732,0.85116
-0.280315,0.854544
-0.339045,0.85412
-0.34671,0.897486
-0.335204,0.897213
-0.314326,0.845554
-0.329816,0.839978
-0.352233,0.836594
-0.381579,0.835401
-0.410925,0.834209
-0.476638,0.8791
-0.448129,0.880648
-0.448129,0.880648
-0.448129,0.880648
-0.448129,0.880648
-0.448129,0.880648
-0.419619,0.882196
-0.419619,0.882196
-0.419619,0.882196
-0.419619,0.882196
-0.419619,0.882196
-0.448129,0.880648
-0.419619,0.882196
-0.419619,0.882196
-0.448129,0.880648
-0.448129,0.880648
-0.448129,0.880648
-0.393666,0.821115
-0.393666,0.821115
-0.393666,0.821115
-0.393666,0.821115
-0.35194,0.764064
-0.362263,0.829174
-0.302208,0.838782
-0.320537,0.772123
-0.364676,0.766546
-0.393186,0.764998
-0.36164,0.773058
-0.356047,0.842198
-0.397773,0.899249
-0.397773,0.899249
-0.397773,0.899249
-0.413546,0.895219
-0.429319,0.891189
-0.460865,0.88313
-0.460865,0.88313
-0.460865,0.88313
-0.460865,0.88313
-0.460865,0.88313
-0.460865,0.88313
-0.420092,0.825792
-0.420092,0.825792
-0.366562,0.825675
-0.350789,0.829705
-0.341563,0.764308
-0.357336,0.760278
-0.338132,0.695703
-0.377488,0.75341
-0.377488,0.75341
-0.415245,0.757556
-0.403851,0.758747
-0.410866,0.760395
-0.335867,0.576294
-0.301641,0.44953
-0.276641,0.388163
-0.255242,0.43365
-0.234614,0.48077
-0.280241,0.495017
-0.280241,0.495017
-0.267635,0.498189
-0.342634,0.68229
-0.389033,0.69817
-0.410172,0.76039
-0.410172,0.76039
-0.426639,0.756365
-0.401639,0.694998
-0.426639,0.756365
-0.401639,0.694998
-0.401639,0.694998
-0.426639,0.756365
-0.387631,0.751074
-0.426639,0.756365
-0.451638,0.817733
-0.451638,0.817733
-0.451638,0.817733
-0.451638,0.817733
-0.450631,0.818257
-0.425632,0.756889
-0.425632,0.756889
-0.450631,0.818257
-0.450631,0.818257
-0.450631,0.818257
-0.467576,0.79471
-0.430619,0.791237
-0.447563,0.767691
-0.447563,0.767691
-0.447563,0.767691
-0.464508,0.744145
-0.464508,0.744145
-0.438765,0.756661
-0.388153,0.633908
-0.414772,0.69477
-0.426841,0.708153
-0.393155,0.707034
-0.476493,0.780134
-0.459549,0.80368
-0.409265,0.876861
-0.375579,0.875741
-0.449292,0.823837
-0.476638,0.8791
-0.483393,0.874259
-0.483393,0.874259
-0.483393,0.874259
-0.476638,0.8791
-0.476638,0.8791
-0.476638,0.8791
-0.476638,0.8791
-0.427512,0.847273
-0.427512,0.847273
-0.427512,0.847273
-0.476638,0.8791
-0.476638,0.8791
-0.476638,0.8791
-0.476638,0.8791
-0.476638,0.8791
-0.476638,0.8791
-0.476638,0.8791
-0.476638,0.8791
-0.476638,0.8791
-0.476638,0.8791
-0.476638,0.8791
-0.476638,0.8791
-0.476638,0.8791
-0.476638,0.8791
-0.476638,0.8791
-0.476638,0.8791
-0.476638,0.8791
-0.476638,0.8791
-0.476638,0.8791
-0.476638,0.8791
-0.476638,0.8791
-0.476638,0.8791
-0.476638,0.8791
-0.476638,0.8791
-0.44415,0.820891
-0.329963,0.676008
-0.329963,0.676008
-0.411662,0.762682
-0.411662,0.762682
-0.411662,0.762682
-0.362444,0.732884
-0.362444,0.732884
-0.370051,0.679936
-0.320834,0.650138
-0.320834,0.650138
-0.288345,0.591929
-0.328441,0.59719
-0.313226,0.703087
-0.411662,0.762682
-0.411662,0.762682
-0.36326,0.740725
-0.395748,0.798934
-0.395748,0.798934
-0.395748,0.798934
-0.395748,0.798934
-0.36326,0.740725
-0.36326,0.740725
-0.36326,0.740725
-0.325306,0.736406
-0.347347,0.776978
-0.36326,0.740725
-0.369695,0.754139
-0.379173,0.704472
-0.379173,0.704472
-0.379173,0.704472
-0.379173,0.704472
-0.379173,0.704472
-0.379173,0.704472
-0.411662,0.762682
-0.396438,0.801504
-0.339798,0.785413
-0.352251,0.802623
-0.337027,0.841446
-0.337027,0.841446
-0.337027,0.841446
-0.287821,0.813135
-0.23712,0.775898
-0.22909,0.778688
-0.278297,0.806999
-0.287225,0.803704
-0.321264,0.803417
-0.229131,0.772559
-0.236839,0.7668
-0.196835,0.741656
-0.226114,0.771106
-0.282432,0.784229
-0.267087,0.78404
-0.258396,0.787976
-0.328584,0.805266
-0.354763,0.830185
-0.314759,0.80504
-0.293778,0.816061
-0.238358,0.802434
-0.175231,0.794565
-0.279582,0.830042
-0.300316,0.788691
-0.295734,0.790018
-0.195728,0.752573
-0.143434,0.734514
-0.127677,0.715225
-0.214173,0.757293
-0.278273,0.737296
-0.263908,0.677148
-0.306843,0.627238
-0.315771,0.623942
-0.324699,0.620647
-0.19983,0.379074
-0.22467,0.440874
-0.22467,0.440874
-0.141052,0.364045
-0.099824,0.341629
-0.106068,0.443718
0.08834,0.158699
0.19557,0.157983
0.174836,0.116632
0.100146,0.196756
-0.020901,0.283138
0.073734,0.307501
0.074403,0.174951
0.169827,0.136178
0.195726,-0.076275
0.156126,-0.070399
0.267339,-0.229128
0.178844,-0.173023
0.069139,-0.114984
-0.032529,0.025878
-0.032529,0.025878
0.09409,-0.200579
-0.032529,0.025878
-0.059506,0.086616
-0.034555,0.001021
-0.061533,0.061758
-0.115489,0.183234
-0.188152,0.288216
-0.140306,0.249436
-0.107218,0.106002
-0.107218,0.106002
-0.152904,0.150246
-0.152904,0.150246
-0.206859,0.271722
-0.193686,0.196828
-0.345698,0.475842
-0.247642,0.318304
-0.328576,0.500517
-0.314771,0.514673
-0.287793,0.453935
-0.341749,0.575411
-0.272584,0.505852
-0.22337,0.477214
-0.277326,0.59869
-0.277326,0.59869
-0.380496,0.748803
-0.362692,0.801984
-0.366959,0.866046
-0.366959,0.866046
-0.279163,0.818488
-0.231585,0.828595
-0.189399,0.819773
-0.082289,0.758454
-0.118867,0.645089
-0.088008,0.670222
0.056607,0.557807
0.02308,0.558826
0.081958,0.581979
0.16088,0.634609
0.217117,0.636914
0.217117,0.636914
0.26136,0.586776
0.249976,0.549498
0.249976,0.549498
0.229878,0.54651
0.276967,0.454551
0.262301,0.485081
0.305363,0.558426
0.408489,0.580985
0.448912,0.523381
0.580204,0.502195
0.574186,0.530846
0.656969,0.511936
0.643265,0.528872
0.660584,0.513268
0.592301,0.473254
0.639161,0.460913
0.610337,0.442784
0.690881,0.410751
0.631281,0.391722
0.653857,0.522416
0.709471,0.545728
0.704266,0.575383
0.677069,0.624161
0.685042,0.615596
0.686643,0.587621
0.68197,0.591141
0.660408,0.613871
0.657767,0.593023
0.657894,0.593264
0.674273,0.578813
0.710259,0.550924
0.688851,0.592917
0.682121,0.598457
0.654426,0.648312
0.656889,0.738719
0.656461,0.740465
0.663847,0.733954
0.67426,0.726004
0.669331,0.728028
0.687334,0.712173
0.682182,0.714418
0.687314,0.708603
0.671668,0.72045
0.663009,0.728252
0.656465,0.734619
0.637755,0.754345
0.661189,0.73412
0.673964,0.723289
0.649487,0.74618
0.644943,0.750954
0.660263,0.736942
0.653719,0.743309
0.648664,0.74749
0.650407,0.744401
0.641748,0.752203
0.645863,0.749175
0.620839,0.765634
0.587264,0.722841
0.603941,0.712281
0.589457,0.661384
0.586387,0.669767
0.576254,0.67396
0.572138,0.676988
0.580902,0.732942
0.537726,0.756352
0.55609,0.746103
0.55746,0.685956
0.562004,0.681182
0.534552,0.700979
0.533078,0.697371
0.551033,0.807532
0.519465,0.830358
0.525055,0.830938
0.463549,0.798003
0.473683,0.79381
0.530074,0.833353
0.538208,0.830752
0.558831,0.818979
0.568965,0.814786
0.575196,0.810323
0.606286,0.758036
0.606286,0.758036
0.604598,0.757725
0.61083,0.753262
0.608714,0.754697
0.607898,0.721912
0.598055,0.764092
0.581214,0.809157
0.589445,0.803101
0.601863,0.78555
0.627009,0.748543
0.627322,0.746639
0.613333,0.764038
0.633619,0.718148
0.623318,0.734264
0.614658,0.742066
0.607998,0.748275
0.595223,0.759105
0.586564,0.766907
0.586564,0.766907
0.567603,0.790826
0.525015,0.739549
0.559372,0.796882
0.563488,0.793854
0.549745,0.833377
0.557617,0.792844
0.561732,0.789816
0.569604,0.749282
0.577835,0.743226
0.57372,0.746254
0.581591,0.705721
0.569604,0.749282
0.581591,0.705721
0.589463,0.665188
0.621669,0.572009
0.617553,0.575037
0.571558,0.551254
0.547583,0.638377
0.392678,0.650484
0.338451,0.632757
0.437032,0.710337
0.529791,0.773946
0.587338,0.788669
0.591453,0.785641
0.601032,0.762106
0.603148,0.760671
0.619233,0.746543
0.632393,0.721862
0.593024,0.671352
0.578545,0.6829
0.560735,0.712492
0.56685,0.707871
0.50398,0.707685
0.508096,0.704657
0.559378,0.729922
0.572028,0.704096
0.578375,0.683178
0.578375,0.683178
0.577171,0.700856
0.452654,0.683925
0.404572,0.651951
0.242526,0.589766
0.226466,0.535348
0.174563,0.510822
0.176403,0.50955
0.051669,0.436744
-0.022841,0.367611
-0.092943,0.492924
-0.14789,0.470729
-0.150262,0.472354
-0.257112,0.425633
-0.255369,0.424231
-0.41368,0.35251
-0.521831,0.306717
-0.353706,0.370052
-0.345475,0.363995
-0.293812,0.389442
-0.297927,0.39247
-0.297927,0.39247
-0.352874,0.370275
-0.568546,0.278466
-0.5136,0.300661
-0.517715,0.303689
-0.413936,0.352701
-0.468883,0.330506
-0.426283,0.361785
-0.428399,0.36322
-0.47923,0.337997
-0.580893,0.28755
-0.47923,0.337997
-0.428399,0.36322
-0.267673,0.432834
-0.318505,0.40761
-0.216842,0.458057
-0.275904,0.43889
-0.275904,0.43889
-0.174242,0.489336
-0.174242,0.489336
-0.12341,0.514559
-0.072579,0.539783
-0.12341,0.514559
-0.24629,0.405528
-0.352068,0.35811
-0.4029,0.332887
-0.393515,0.324118
-0.444346,0.298894
-0.546009,0.248448
-0.596841,0.223225
-0.485793,0.264902
-0.495178,0.273671
-0.568922,0.273913
-0.670584,0.223466
-0.670584,0.223466
-0.608935,0.237764
-0.532498,0.292385
-0.594147,0.278087
-0.579151,0.256589
-0.579151,0.256589
-0.52832,0.281813
-0.603702,0.226506
-0.603702,0.226506
-0.551817,0.251044
-0.429273,0.228092
-0.4951,0.224367
-0.480104,0.202869
-0.520077,0.19933
-0.52151,0.201486
-0.52151,0.201486
-0.572341,0.176263
-0.520455,0.200801
-0.57228,0.176864
-0.454099,0.194548
-0.500719,0.169062
-0.489921,0.190146
-0.425785,0.142622
-0.379928,0.094261
-0.315847,0.106705
-0.471031,0.13736
-0.427332,0.123051
-0.271185,0.192407
-0.246578,0.212538
-0.346736,0.161334
-0.413176,0.160663
-0.413176,0.160663
-0.474723,0.238556
-0.526608,0.214018
-0.63038,0.164942
-0.615917,0.133914
-0.554398,0.178638
-0.554398,0.178638
-0.436164,0.196685
-0.606284,0.1541
-0.714886,0.15624
-0.648537,0.149749
-0.648537,0.149749
-0.648537,0.149749
-0.539619,0.098806
-0.530879,0.090143
-0.653891,0.123364
-0.684053,0.186239
-0.795946,0.145418
-0.733888,0.06701
-0.746131,0.122066
-0.743072,0.120797
-0.719983,0.149502
-0.675563,0.177826
-0.612871,0.20704
-0.612871,0.20704
-0.669534,0.233771
-0.717012,0.206715
-0.826586,0.150629
-0.826586,0.150629
-0.826586,0.150629
-0.850273,0.12174
-0.906935,0.148471
-0.906935,0.148471
-0.906935,0.148471
-0.906935,0.148471
-0.906935,0.148471
-0.850881,0.168717
-0.83307,0.136084
-0.906935,0.148471
-0.870347,0.17857
-0.906935,0.148471
-0.906935,0.148471
-0.906935,0.148471
-0.862515,0.176796
-0.862515,0.176796
-0.793113,0.167049
-0.793113,0.167049
-0.793077,0.160565
-0.8533,0.137685
-0.859814,0.160947
-0.859849,0.16743
-0.859849,0.16743
-0.770938,0.211114
-0.771009,0.22408
-0.859884,0.173913
-0.862515,0.176796
-0.818095,0.20512
-0.773675,0.233445
-0.594942,0.163153
-0.49015,0.16912
-0.490945,0.168047
-0.41621,0.092861
-0.539678,0.028564
-0.62409,0.065027
-0.683668,0.088458
-0.69346,0.06778
-0.812615,0.114641
-0.857035,0.086316
-0.797458,0.062886
-0.857035,0.086316
-0.857035,0.086316
-0.794421,0.098923
-0.665473,0.07274
-0.685058,0.031383
-0.612651,0.064667
-0.675266,0.052061
-0.744636,0.054813
-0.685058,0.031383
-0.682021,0.067419
-0.619406,0.080026
-0.682021,0.067419
-0.556792,0.092632
-0.678352,-0.010055
-0.583089,-0.047211
-0.579984,-0.066831
-0.614988,-0.078661
-0.674565,-0.05523
-0.656133,-0.106907
-0.691137,-0.118737
-0.63156,-0.142168
-0.63156,-0.142168
-0.544371,-0.164822
-0.355854,-0.182364
-0.264983,-0.174642
-0.24089,-0.137681
-0.243927,-0.173718
-0.377017,-0.103672
-0.422919,-0.056279
-0.485488,-0.040798
-0.613288,0.069174
-0.648292,0.057344
-0.648292,0.057344
-0.588246,-0.072399
-0.504095,-0.13109
-0.55885,0.038578
-0.629401,0.053785
-0.629401,0.053785
-0.675089,0.025942
-0.718629,-0.002684
-0.718629,-0.002684
-0.724356,-0.020366
-0.783933,0.003064
-0.767895,-0.048992
-0.767895,-0.048992
-0.71415,-0.070261
-0.71415,-0.070261
-0.798302,-0.01157
-0.679147,-0.058431
-0.738724,-0.035001
-0.798302,-0.01157
-0.779561,-0.044668
-0.698528,-0.039961
-0.598114,-0.053724
-0.538536,-0.077155
-0.519795,-0.110254
-0.557918,-0.058685
-0.419381,-0.124017
-0.490979,-0.101016
-0.490495,-0.110902
-0.636877,-0.070164
-0.696455,-0.046734
-0.696455,-0.046734
-0.636902,-0.070443
-0.610641,-0.029197
-0.578298,-0.082638
-0.477165,-0.076863
-0.595955,-0.031992
-0.641821,0.015426
-0.647704,-0.050498
-0.588077,-0.073371
-0.588102,-0.07365
-0.709763,-0.019372
-0.648412,-0.03452
-0.614452,-0.078823
-0.751593,-0.027957
-0.692016,-0.051388
-0.709665,-0.018256
-0.732635,-0.042443
-0.731736,-0.053762
-0.608873,-0.074832
-0.644583,-0.038533
-0.588281,-0.053551
-0.647568,-0.017348
-0.653224,-0.037842
-0.659019,-0.053768
-0.659019,-0.053768
-0.595094,-0.067881
-0.601819,-0.080104
-0.514444,-0.15351
-0.454867,-0.176941
-0.490559,-0.188578
-0.489371,-0.187125
-0.408302,-0.200594
-0.538094,-0.151049
-0.478516,-0.174479
-0.497521,-0.160066
-0.37882,-0.207393
-0.320431,-0.232277
-0.37882,-0.207393
-0.497521,-0.160066
-0.375862,-0.230488
-0.43544,-0.207057
-0.235199,-0.315323
-0.32171,-0.244964
-0.356215,-0.255148
-0.415247,-0.220018
-0.337853,-0.259315
-0.430746,-0.244616
-0.547524,-0.194848
-0.606939,-0.106266
-0.608127,-0.107719
-0.54855,-0.131149
-0.490161,-0.156033
-0.622655,-0.117159
-0.622655,-0.117159
-0.612036,-0.071906
-0.508313,-0.103541
-0.456477,-0.076751
-0.450565,-0.112621
-0.450565,-0.112621
-0.176153,-0.125313
0.073423,-0.246986
0.307583,-0.345803
0.18136,-0.325588
0.238154,-0.295284
0.200526,-0.298541
0.208485,-0.27982
0.208724,-0.210895
0.200378,-0.161393
0.223238,-0.186666
0.301454,-0.17966
0.366981,-0.255482
0.147938,-0.131718
0.123097,-0.052393
0.11572,-0.127561
-0.060373,-0.111155
-0.175257,-0.057783
-0.078144,-0.045341
-0.140936,-0.016115
-0.213682,0.002731
-0.339356,0.203309
-0.395039,0.232022
-0.38029,0.347783
-0.38029,0.347783
-0.298769,0.310858
-0.333513,0.300691
-0.319261,0.325081
-0.25633,0.339586
-0.289842,0.364261
-0.337456,0.319742
-0.373056,0.367812
-0.383351,0.253378
-0.44174,0.278262
-0.3317,0.362029
-0.320747,0.391024
-0.306273,0.415923
-0.348976,0.387036
-0.362883,0.42358
-0.344701,0.43108
-0.264836,0.443793
-0.320699,0.442298
-0.317239,0.447114
-0.464023,0.522539
-0.467483,0.517724
-0.581368,0.521385
-0.631399,0.550836
-0.693088,0.576652
-0.692402,0.561305
-0.66337,0.610403
-0.631674,0.621962
-0.63823,0.616133
-0.61446,0.614594
-0.629473,0.622791
-0.608401,0.653168
-0.523282,0.548923
-0.501291,0.388768
-0.512556,0.434148
-0.489477,0.454043
-0.441257,0.479668
-0.436709,0.495979
-0.380288,0.531054
-0.367044,0.424832
-0.402246,0.279405
-0.36267,0.282908
-0.363425,0.100931
-0.376692,0.020359
-0.370844,-0.007185
-0.331269,-0.003682
-0.290991,-0.239195
-0.323358,-0.279697
-0.326101,-0.410553
-0.354288,-0.414891
-0.365676,-0.414055
-0.245783,-0.302728
-0.264055,-0.378809
-0.312298,-0.366592
-0.223553,-0.487391
-0.222305,-0.543415
-0.150572,-0.576716
-0.17876,-0.581054
-0.154328,-0.628248
-0.193904,-0.63175
-0.195152,-0.575726
-0.192655,-0.687774
-0.200074,-0.728079
-0.120923,-0.721074
-0.120923,-0.721074
-0.120923,-0.721074
-0.081347,-0.717572
-0.174741,-0.685766
-0.048595,-0.634954
-0.007415,-0.53884
0.032161,-0.535338
4e-06,-0.498535
-0.063918,-0.605507
-0.13565,-0.572207
-0.119732,-0.482233
-0.072084,-0.61387
-0.11166,-0.617372
-0.079503,-0.654175
-0.241552,-0.667671
-0.241552,-0.667671
-0.22731,-0.706481
-0.22731,-0.706481
-0.349188,-0.597054
-0.349188,-0.597054
-0.442582,-0.565247
-0.442582,-0.565247
-0.42834,-0.604058
-0.42834,-0.604058
-0.421516,-0.683174
-0.381941,-0.679672
-0.496544,-0.578711
-0.523286,-0.526164
-0.510786,-0.539901
-0.460374,-0.560486
-0.499949,-0.563988
-0.45556,-0.67007
-0.45556,-0.67007
-0.495135,-0.673572
-0.540243,-0.69368
-0.529849,-0.532166
-0.582065,-0.59707
-0.589569,-0.546531
-0.561084,-0.624152
-0.546842,-0.662963
-0.513043,-0.605512
-0.5326,-0.701773
-0.540103,-0.651234
-0.5326,-0.701773
-0.544633,-0.657766
-0.544633,-0.657766
-0.549125,-0.769607
-0.53842,-0.773841
-0.53842,-0.773841
-0.538535,-0.774199
-0.54924,-0.769965
-0.551565,-0.775519
-0.551565,-0.775519
-0.551565,-0.775519
-0.550141,-0.771801
-0.564499,-0.733348
-0.564499,-0.733348
-0.564499,-0.733348
-0.563075,-0.72963
-0.534822,-0.706524
-0.521888,-0.748694
-0.535742,-0.731793
-0.535742,-0.731793
-0.522808,-0.773964
-0.508954,-0.790865
-0.508954,-0.790865
-0.495058,-0.729305
-0.495058,-0.729305
-0.495058,-0.729305
-0.481163,-0.667745
-0.453371,-0.544626
-0.467267,-0.606186
-0.495058,-0.729305
-0.492224,-0.656637
-0.491811,-0.584316
-0.494853,-0.556198
-0.506119,-0.718196
-0.506119,-0.718196
-0.513098,-0.66708
-0.513098,-0.66708
-0.531728,-0.708627
-0.547523,-0.677505
-0.563318,-0.646383
-0.556339,-0.6975
-0.556339,-0.6975
-0.556339,-0.6975
-0.572134,-0.666379
-0.55444,-0.790182
-0.55444,-0.790182
-0.57653,-0.7226
-0.592325,-0.691479
-0.628082,-0.655534
-0.628082,-0.655534
-0.643877,-0.624413
-0.659672,-0.593291
-0.644339,-0.640873
-0.602748,-0.729736
-0.602748,-0.729736
-0.597416,-0.750697
-0.60321,-0.746196
-0.607879,-0.740537
-0.561428,-0.786623
-0.5382,-0.720903
-0.565635,-0.764504
-0.57578,-0.717359
-0.560918,-0.701203
-0.556105,-0.727386
-0.556105,-0.727386
-0.556105,-0.727386
-0.545642,-0.737547
-0.565836,-0.732743
-0.597425,-0.670499
-0.597425,-0.670499
-0.581631,-0.701621
-0.545642,-0.737547
-0.529847,-0.768668
-0.514052,-0.79979
-0.45787,-0.84052
-0.478064,-0.835716
-0.478064,-0.835716
-0.45787,-0.84052
-0.442075,-0.871642
-0.462269,-0.866838
-0.482462,-0.862033
-0.4861,-0.798074
-0.449578,-0.796982
-0.442788,-0.803108
-0.441493,-0.803945
-0.396659,-0.756556
-0.396659,-0.756556
-0.441493,-0.803945
-0.423723,-0.808862
-0.442476,-0.814871
-0.442476,-0.814871
-0.442476,-0.814871
-0.50508,-0.857342
-0.52285,-0.852425
-0.52285,-0.852425
-0.52285,-0.852425
-0.52285,-0.852425
-0.52285,-0.852425
-0.52285,-0.852425
-0.496584,-0.856151
-0.470319,-0.859877
-0.470319,-0.859877
-0.470319,-0.859877
-0.470319,-0.859877
-0.470319,-0.859877
-0.496584,-0.856151
-0.496584,-0.856151
-0.496584,-0.856151
-0.419934,-0.826462
-0.419934,-0.826462
-0.393669,-0.830188
-0.419934,-0.826462
-0.419934,-0.826462
-0.393669,-0.830188
-0.393669,-0.830188
-0.393669,-0.830188
-0.393669,-0.830188
-0.430019,-0.818875
-0.415306,-0.747364
-0.411204,-0.746878
-0.396756,-0.78504
-0.396756,-0.78504
-0.423022,-0.781314
-0.423022,-0.781314
-0.472466,-0.819009
-0.472466,-0.819009
-0.472466,-0.819009
-0.472466,-0.819009
-0.472466,-0.819009
-0.472466,-0.819009
-0.52285,-0.852425
-0.52285,-0.852425
-0.52285,-0.852425
-0.52285,-0.852425
-0.523953,-0.851718
-0.524508,-0.85137
-0.52346,-0.791989
-0.524015,-0.791641
-0.522364,-0.792706
-0.503464,-0.857875
-0.504566,-0.857169
-0.526165,-0.850316
-0.526165,-0.850316
-0.526165,-0.850316
-0.525063,-0.851022
-0.52396,-0.851729
-0.52396,-0.851729
-0.52396,-0.851729
-0.473117,-0.829261
-0.480736,-0.82284
-0.480736,-0.82284
-0.480736,-0.82284
-0.473117,-0.829261
-0.473117,-0.829261
-0.523405,-0.852077
-0.52285,-0.852425
-0.52285,-0.852425
-0.538741,-0.82306
-0.538741,-0.82306
-0.538741,-0.82306
-0.538079,-0.765836
-0.538079,-0.765836
-0.538079,-0.765836
-0.559177,-0.745249
-0.559177,-0.745249
-0.574719,-0.711928
-0.574719,-0.711928
-0.563507,-0.664997
-0.563507,-0.664997
-0.501015,-0.712987
-0.500352,-0.655763
-0.405788,-0.627876
-0.307465,-0.555054
-0.270401,-0.502205
-0.317334,-0.480288
-0.317334,-0.480288
-0.354398,-0.533137
-0.344511,-0.600654
-0.403826,-0.634098
-0.475237,-0.809869
-0.475237,-0.809869
-0.475237,-0.809869
-0.475237,-0.809869
-0.475237,-0.809869
-0.52285,-0.852425
-0.52285,-0.852425
-0.52285,-0.852425
-0.52285,-0.852425
-0.52285,-0.852425
-0.52285,-0.852425
-0.52285,-0.852425
-0.52285,-0.852425
-0.52285,-0.852425
-0.52285,-0.852425
-0.52285,-0.852425
-0.52285,-0.852425
-0.52285,-0.852425
-0.52285,-0.852425
-0.52285,-0.852425
-0.52285,-0.852425
-0.52285,-0.852425
-0.52285,-0.852425
-0.52285,-0.852425
-0.52285,-0.852425
-0.52285,-0.852425
-0.52285,-0.852425
-0.52285,-0.852425
-0.52285,-0.852425
-0.497703,-0.856438
-0.497703,-0.856438
-0.472556,-0.860451
-0.447408,-0.864464
-0.472556,-0.860451
-0.472556,-0.860451
-0.472556,-0.860451
-0.472556,-0.860451
-0.497703,-0.856438
-0.497703,-0.856438
-0.447408,-0.864464
-0.447408,-0.864464
-0.447408,-0.864464
-0.457978,-0.81796
-0.432831,-0.821973
-0.453969,-0.728965
-0.439305,-0.777605
-0.439305,-0.777605
-0.371967,-0.876504
-0.371967,-0.876504
-0.333839,-0.821963
-0.384133,-0.813936
-0.40928,-0.809923
-0.40928,-0.809923
-0.40928,-0.809923
-0.419911,-0.810335
-0.467856,-0.744167
-0.467856,-0.744167
-0.445058,-0.806322
-0.394764,-0.814348
-0.419911,-0.810335
-0.422261,-0.868477
-0.422261,-0.868477
-0.422261,-0.868477
-0.397114,-0.872491
-0.371967,-0.876504
-0.422261,-0.868477
-0.371967,-0.876504
-0.371967,-0.876504
-0.447408,-0.864464
-0.42527,-0.869049
-0.42527,-0.869049
-0.42527,-0.869049
-0.428192,-0.816284
-0.45334,-0.812271
-0.478487,-0.808258
-0.403045,-0.820297
-0.434124,-0.764091
-0.377898,-0.82431
-0.377898,-0.82431
-0.370795,-0.82759
-0.377898,-0.82431
-0.377898,-0.82431
-0.371967,-0.876504
-0.321673,-0.88453
-0.296526,-0.888543
-0.271378,-0.892556
-0.246231,-0.89657
-0.246231,-0.89657
-0.359113,-0.867193
-0.359113,-0.867193
-0.371967,-0.876504
-0.397114,-0.872491
-0.34682,-0.880517
-0.362375,-0.847283
-0.34682,-0.880517
-0.281139,-0.826858
-0.295952,-0.818439
-0.214885,-0.703096
-0.189738,-0.707109
-0.153442,-0.474502
-0.153442,-0.474502
-0.167338,-0.215723
-0.151848,-0.135892
-0.151848,-0.135892
-0.060138,-0.230549
-0.076138,-0.247372
-0.08911,-0.247861
-0.092287,-0.309112
-0.118196,-0.305154
-0.128718,-0.239512
-0.115533,-0.371887
-0.112848,-0.327368
-0.125433,-0.405975
-0.149705,-0.412133
-0.191864,-0.252347
-0.3158,-0.330193
-0.292945,-0.166802
-0.31278,-0.27145
-0.345849,-0.290423
-0.332986,-0.228989
-0.316142,-0.167247
-0.237775,-0.009333
-0.257625,-0.004725
-0.257625,-0.004725
-0.241506,-0.027266
-0.233148,-0.179725
-0.270362,-0.218987
-0.303066,-0.3232
-0.291578,-0.393638
-0.252851,-0.375084
-0.251741,-0.27497
-0.234417,-0.238533
-0.247012,-0.320439
-0.309203,-0.213428
-0.250395,-0.202198
-0.20293,-0.137238
-0.236742,-0.129843
-0.301356,-0.224539
-0.352066,-0.239323
-0.413331,-0.082176
-0.511848,-0.210508
-0.660518,-0.258515
-0.683905,-0.182563
-0.677596,-0.184216
-0.697952,-0.125798
-0.716559,-0.066554
-0.630036,-0.175898
-0.609969,-0.205668
-0.609839,-0.188046
-0.570096,-0.17827
-0.605544,-0.187844
-0.654126,-0.217449
-0.651947,-0.176951
-0.657552,-0.115298
-0.618751,-0.099772
-0.631761,-0.147364
-0.586981,-0.279546
-0.636153,-0.164016
-0.667168,-0.222869
-0.700868,-0.231616
-0.693565,-0.187652
-0.671581,-0.042007
-0.640045,-0.038088
-0.678553,-0.097588
-0.616004,-0.012644
-0.628216,-0.066108
-0.620233,-0.143989
-0.488513,-0.081143
-0.601235,-0.161336
-0.567534,-0.152589
-0.431113,-0.295892
-0.389031,-0.309456
-0.387737,-0.312275
-0.447024,-0.323061
-0.387182,-0.294908
-0.422728,-0.237496
-0.562056,-0.259243
-0.562608,-0.258759
-0.610702,-0.301728
-0.494865,-0.257512
-0.452849,-0.321788
-0.354435,-0.299897
-0.420005,-0.295985
-0.515894,-0.438129
-0.403104,-0.443195
-0.467525,-0.367286
-0.515328,-0.303699
-0.502216,-0.319532
-0.328599,-0.254943
-0.34265,-0.234039
-0.341679,-0.282922
-0.464367,-0.317378
-0.451657,-0.330483
-0.46547,-0.26918
-0.400868,-0.254767
-0.447071,-0.343631
-0.445878,-0.30889
-0.448573,-0.310999
-0.397948,-0.320992
-0.35285,-0.275054
-0.267496,-0.236839
-0.274033,-0.227983
-0.200824,-0.188045
-0.293605,-0.191502
-0.442067,-0.301183
-0.325264,-0.243325
-0.496995,-0.339193
-0.496101,-0.340683
-0.378472,-0.278907
-0.378472,-0.278907
-0.34619,-0.189766
-0.350764,-0.184065
-0.352503,-0.178839
-0.438589,-0.210597
-0.412292,-0.174801
-0.386501,-0.246369
-0.349218,-0.329435
-0.413504,-0.408589
-0.463704,-0.448304
-0.450994,-0.40602
-0.437425,-0.427118
-0.493247,-0.463638
-0.54434,-0.501863
-0.503289,-0.450746
-0.463823,-0.390407
-0.408155,-0.357883
-0.468397,-0.384707
-0.356908,-0.315662
-0.186917,-0.214568
-0.240999,-0.256314
-0.298454,-0.285859
-0.265365,-0.235012
-0.270833,-0.227821
-0.219739,-0.189596
-0.235619,-0.162674
-0.059315,-0.072507
-0.058169,-0.075001
-0.006028,-0.034271
-0.055002,-0.076945
0.036841,0.004947
0.097533,0.03266
0.162045,0.050139
0.071718,0.052814
0.098871,0.02879
0.09857,0.027549
0.033908,0.010422
-0.023592,-0.020502
0.010391,0.028855
-0.088062,-0.039003
-0.196004,-0.070009
-0.223953,0.019075
-0.04555,0.046549
0.10773,0.155016
0.092865,0.181504
0.09401,0.17901
0.16977,0.267057
0.073338,0.194623
0.074037,0.271967
0.130905,0.255576
0.251039,0.312017
0.289564,0.368096
0.293868,0.359598
0.268128,0.379576
0.322329,0.344328
0.280028,0.350012
0.24453,0.265963
0.377859,0.311977
0.378715,0.310575
0.438957,0.337398
0.486911,0.384761
0.486283,0.3847
0.577568,0.431612
0.557063,0.39759
0.503607,0.446343
0.65016,0.468138
0.722126,0.496949
0.774346,0.455084
0.771417,0.461331
0.725672,0.445622
0.619969,0.398842
0.671489,0.396422
0.656925,0.455277
0.598436,0.535715
0.562347,0.533585
0.61879,0.519334
0.67119,0.512349
0.633164,0.513343
0.693602,0.487226
0.650792,0.483116
0.654783,0.501529
0.718651,0.478892
0.623252,0.482208
0.619486,0.490328
0.561427,0.510004
0.451402,0.534605
0.507855,0.519628
0.508415,0.518658
0.350703,0.537818
0.303883,0.510663
0.189807,0.46934
0.333746,0.45994
0.223745,0.358473
0.153906,0.274699
0.089612,0.299377
0.082746,0.331318
0.162767,0.437997
0.162767,0.437997
0.083384,0.390621
0.156149,0.44878
0.095968,0.433665
0.124775,0.55452
0.032305,0.519675
0.161853,0.522535
0.152279,0.52896
0.013508,0.550086
-0.091115,0.548665
-0.085294,0.498382
-0.041288,0.501278
-0.105087,0.554988
-0.011761,0.54456
-0.053438,0.587484
-0.116344,0.573096
-0.168858,0.57993
-0.214123,0.546236
-0.266353,0.552586
-0.157678,0.530594
-0.184389,0.481174
-0.212359,0.43462
-0.157518,0.374691
-0.102794,0.339148
-0.100763,0.373661
0.043276,0.448663
0.045211,0.420441
0.152371,0.505548
0.016556,0.506903
-0.117923,0.539563
-0.119408,0.502549
-0.064798,0.491394
-0.196554,0.50004
-0.197671,0.454229
-0.331476,0.515484
-0.222026,0.444399
-0.107374,0.33352
-0.162099,0.369063
-0.20688,0.335198
-0.223492,0.292773
-0.278216,0.328315
-0.33464,0.357862
-0.276546,0.380335
-0.211571,0.266597
-0.399682,0.401757
-0.328167,0.362939
-0.375844,0.393816
-0.36137,0.39965
-0.30863,0.392419
-0.30863,0.392419
-0.287702,0.412235
-0.246012,0.402807
-0.213737,0.411508
-0.280736,0.50521
-0.429942,0.620526
-0.462217,0.611826
-0.433363,0.633038
-0.506523,0.655789
-0.506523,0.655789
-0.557781,0.695434
-0.557781,0.695434
-0.450478,0.677472
-0.504129,0.686453
-0.471854,0.695154
-0.525505,0.704135
-0.557781,0.695434
-0.590056,0.686734
-0.638063,0.670064
-0.638063,0.670064
-0.605787,0.678765
-0.605787,0.678765
-0.432453,0.63382
-0.51327,0.705783
-0.416444,0.731885
-0.480995,0.714484
-0.337832,0.712654
-0.377369,0.743278
-0.419822,0.735679
-0.484373,0.718277
-0.450015,0.729034
-0.483515,0.768756
-0.575295,0.741711
-0.553198,0.751512
-0.51654,0.705174
-0.541277,0.762415
-0.553731,0.774373
-0.553731,0.774373
-0.474828,0.764057
-0.386437,0.803263
-0.407618,0.794349
-0.406702,0.795237
-0.428799,0.785435
-0.406702,0.795237
-0.429716,0.784548
-0.405785,0.796124
-0.405785,0.796124
-0.437745,0.828707
-0.395382,0.846535
-0.416563,0.837621
-0.437745,0.828707
-0.459842,0.818905
-0.448996,0.827438
-0.471094,0.817636
-0.478808,0.811151
-0.4483,0.796757
-0.427118,0.805671
-0.428035,0.804784
-0.31421,0.756068
-0.336312,0.845367
-0.369462,0.833626
-0.381431,0.830799
-0.369462,0.833626
-0.389842,0.854994
-0.366828,0.865684
-0.334601,0.88246
-0.315259,0.895521
-0.344737,0.881408
-0.355782,0.873546
-0.319076,0.819131
-0.284094,0.832647
-0.245665,0.710303
-0.197107,0.594932
-0.207236,0.587958
-0.182856,0.578945
-0.208509,0.635299
-0.19838,0.642273
-0.19838,0.642273
-0.176283,0.652075
-0.193173,0.735105
-0.174631,0.811062
-0.211337,0.865477
-0.245403,0.852848
-0.299728,0.82627
-0.255532,0.845873
-0.319993,0.818244
-0.302484,0.82953
-0.330385,0.71933
-0.416675,0.751125
-0.417475,0.81402
-0.383385,0.864341
-0.383385,0.864341
-0.405483,0.85454
-0.439549,0.841911
-0.467347,0.825168
-0.503253,0.816687
-0.49924,0.822804
-0.484835,0.834783
-0.469317,0.844774
-0.501544,0.827998
-0.501544,0.827998
-0.501544,0.827998
-0.521802,0.814049
-0.521802,0.814049
-0.593328,0.757375
-0.561412,0.770225
-0.571541,0.76325
-0.622323,0.710603
-0.607317,0.73931
-0.654913,0.688262
-0.639395,0.698253
-0.627745,0.697126
-0.598887,0.726123
-0.597351,0.718078
-0.565273,0.759135
-0.584003,0.737113
-0.604261,0.723164
-0.61825,0.705099
-0.621462,0.693067
-0.587214,0.725081
-0.578614,0.740129
-0.509861,0.774735
-0.51999,0.76776
-0.51139,0.782808
-0.540249,0.753811
-0.473573,0.742635
-0.424738,0.69731
-0.453596,0.668312
-0.493603,0.677122
-0.50052,0.68218
-0.600517,0.612565
-0.627899,0.571172
-0.619999,0.58284
-0.60917,0.593194
-0.648157,0.557223
-0.610698,0.601268
-0.600569,0.608242
-0.621733,0.624656
-0.639635,0.59118
-0.611604,0.631631
-0.591346,0.64558
-0.572616,0.667603
-0.636049,0.69548
-0.623536,0.72594
-0.613407,0.732914
-0.608018,0.735931
-0.613407,0.732914
-0.636877,0.706933
-0.61509,0.712809
-0.623691,0.697761
-0.623691,0.697761
-0.605662,0.716404
-0.573255,0.680746
-0.622245,0.622967
-0.693513,0.607819
-0.62928,0.574741
-0.550912,0.649704
-0.500847,0.609073
-0.546924,0.64596
-0.436019,0.719084
-0.476442,0.710953
-0.479459,0.706194
-0.491187,0.681016
-0.499639,0.759252
-0.524459,0.730834
-0.481405,0.782829
-0.441899,0.835423
-0.476793,0.830058
-0.425587,0.870259
-0.372374,0.831374
-0.3867,0.838612
-0.445301,0.874481
-0.38324,0.82815
-0.442374,0.875628
-0.442374,0.875628
-0.43961,0.877011
-0.431567,0.8332
-0.428225,0.836499
-0.423485,0.840457
-0.420143,0.843756
-0.403976,0.852804
-0.380957,0.793537
-0.379559,0.794196
-0.2643,0.634509
-0.278916,0.628272
-0.237864,0.590825
-0.232475,0.593841
-0.180364,0.561925
-0.243664,0.660256
-0.261447,0.635265
-0.339224,0.727109
-0.339224,0.727109
-0.3371,0.728742
-0.311495,0.770074
-0.294254,0.777944
-0.294254,0.777944
-0.306187,0.769002
-0.266698,0.715989
-0.241907,0.652651
-0.225027,0.589018
-0.262142,0.637152
-0.25006,0.667297
-0.227882,0.62378
-0.253492,0.632943
-0.34837,0.675605
-0.357094,0.746174
-0.357094,0.746174
-0.32768,0.771639
-0.425189,0.839785
-0.431593,0.832322
-0.414122,0.846438
-0.452346,0.874531
-0.382624,0.84425
-0.367917,0.856983
-0.179592,0.692205
-0.179592,0.692205
-0.216503,0.741149
-0.302988,0.844073
-0.283348,0.849388
-0.246966,0.822794
-0.251272,0.822025
-0.338411,0.89661
-0.399947,0.916001
-0.400378,0.855255
-0.400378,0.855255
-0.405893,0.853366
-0.364632,0.841371
-0.364632,0.841371
-0.364632,0.841371
-0.37993,0.827659
-0.337958,0.839889
-0.353256,0.826178
-0.296697,0.827893
-0.296978,0.864414
-0.296978,0.864414
-0.338239,0.87641
-0.379499,0.888405
-0.379499,0.888405
-0.338667,0.877038
-0.379928,0.889034
-0.423021,0.870695
-0.348286,0.880813
-0.377341,0.881794
-0.377341,0.881794
-0.377341,0.881794
-0.289065,0.847185
-0.289065,0.847185
-0.317185,0.879504
-0.317185,0.879504
-0.317185,0.879504
-0.317185,0.879504
-0.326634,0.824063
-0.379636,0.786193
-0.379636,0.786193
-0.370772,0.841367
-0.370772,0.841367
-0.370772,0.841367
-0.370772,0.841367
-0.325348,0.820535
-0.369486,0.83784
-0.414911,0.858672
-0.414911,0.858672
-0.406047,0.913846
-0.406047,0.913846
-0.405461,0.914112
-0.405461,0.914112
-0.405461,0.914112
-0.405461,0.914112
-0.405461,0.914112
-0.405461,0.914112
-0.405461,0.914112
-0.405461,0.914112
-0.405461,0.914112
-0.405461,0.914112
-0.401038,0.915711
-0.401038,0.915711
-0.401038,0.915711
-0.392833,0.918148
-0.392833,0.918148
-0.341748,0.87434
-0.290663,0.830531
-0.28624,0.83213
-0.294445,0.829693
-0.28624,0.83213
-0.278034,0.834568
-0.18703,0.792387
-0.15678,0.742105
-0.118323,0.694261
-0.177614,0.735632
-0.177614,0.735632
-0.175838,0.673964
-0.039333,0.610693
0.003546,0.564447
-0.041027,0.437046
-0.082213,0.656939
-0.079591,0.682094
-0.114264,0.730777
-0.205268,0.772958
-0.159766,0.751868
-0.151561,0.754305
-0.14513,0.81841
-0.269406,0.885601
-0.283656,0.825703
-0.283813,0.826232
-0.333339,0.845839
-0.320952,0.849231
-0.277414,0.865103
-0.277414,0.865103
-0.289644,0.861183
-0.37682,0.922907
-0.37682,0.922907
-0.385026,0.92047
-0.400782,0.88991
-0.378066,0.82576
-0.378066,0.82576
-0.346799,0.860604
-0.350823,0.85912
-0.350823,0.85912
-0.354848,0.857637
-0.354848,0.857637
-0.348644,0.805358
-0.337158,0.80816
-0.321182,0.741862
-0.321182,0.741862
-0.275733,0.803671
-0.206635,0.853169
-0.250514,0.849607
-0.239028,0.852409
-0.294137,0.872007
-0.284123,0.812334
-0.269564,0.81632
-0.292536,0.810718
-0.304022,0.807917
-0.304022,0.807917
-0.334213,0.745744
-0.325231,0.68225
-0.313745,0.685051
-0.311241,0.751346
-0.308737,0.817641
-0.238461,0.869472
-0.218471,0.803766
-0.255973,0.928837
-0.206684,0.902649
-0.191031,0.911803
-0.182618,0.913419
-0.171132,0.91622
-0.12722,0.915949
-0.183468,0.913928
-0.220657,0.920932
-0.209171,0.923733
-0.24636,0.930737
-0.203942,0.928005
-0.241131,0.935009
-0.195187,0.946214
-0.198975,0.944701
-0.176718,0.949976
-0.164517,0.953105
-0.163801,0.953432
-0.126945,0.89026
-0.109535,0.835422
-0.082583,0.835457
-0.109535,0.835422
-0.119076,0.780549
-0.073162,0.757917
-0.073162,0.757917
-0.088628,0.760683
-0.067238,0.700277
-0.078724,0.697476
-0.111553,0.600144
-0.129732,0.637629
-0.16416,0.663062
-0.120531,0.654743
-0.085177,0.620701
-0.112186,0.59297
-0.133576,0.653376
-0.006889,0.602249
0.01725,0.634506
-0.005722,0.628904
-0.0082,0.60534
0.014772,0.610943
-0.0209,0.730822
-0.053776,0.788426
-0.028398,0.73264
-0.042541,0.792254
-0.066409,0.829096
-0.080551,0.88871
-0.139482,0.868139
-0.124625,0.921032
-0.141979,0.917344
-0.153465,0.914543
-0.148779,0.911732
-0.140059,0.913451
-0.117087,0.919053
-0.140059,0.913451
-0.144636,0.979759
-0.144636,0.979759
-0.1334,0.983587
-0.12468,0.985305
-0.107326,0.988994
-0.101708,0.990908
-0.089972,0.992682
-0.09559,0.990768
-0.107326,0.988994
-0.102849,0.989767
-0.096981,0.990654
-0.079627,0.994343
-0.079627,0.994343
-0.081018,0.994228
-0.073737,0.933436
-0.073737,0.933436
-0.079645,0.93281
-0.079645,0.93281
-0.082599,0.932498
-0.076691,0.933123
-0.076691,0.933123
-0.079645,0.93281
-0.079645,0.93281
-0.099498,0.866249
-0.096544,0.866561
-0.096544,0.866561
-0.119302,0.737456
-0.123248,0.611455
-0.096495,0.804331
-0.086593,0.868727
-0.086593,0.868727
-0.089547,0.868414
-0.093541,0.804643
-0.086593,0.868727
-0.103444,0.740247
-0.075731,0.800733
-0.075731,0.800733
-0.075731,0.800733
-0.083639,0.86904
-0.063835,0.997832
-0.063835,0.997832
-0.059032,0.916656
-0.059032,0.916656
-0.089107,0.874416
-0.030438,0.958773
-0.036345,0.958147
-0.036352,0.958213
-0.068276,0.997462
-0.066796,0.997585
-0.066796,0.997585
-0.068276,0.997462
-0.068276,0.997462
-0.070868,0.99726
-0.047544,0.990917
-0.026433,0.984315
-0.029387,0.984002
-0.01198,0.977116
0.007651,0.97039
0.004697,0.970078
0.010598,0.970769
0.00985,0.970781
-0.011256,0.977338
0.012068,0.970995
-0.031989,0.983904
-0.003359,0.932468
0.018855,0.926027
0.057003,0.916608
0.051095,0.915983
0.094592,0.846404
0.107347,0.818303
0.06957,0.827746
0.098802,0.822029
0.122858,0.815822
0.090102,0.850623
0.052809,0.795435
0.037003,0.756965
0.09684,0.654453
0.120209,0.622145
0.151992,0.507414
0.17459,0.524215
0.17459,0.524215
0.197175,0.517802
0.145055,0.511886
0.115692,0.563181
0.147476,0.448446
0.119052,0.436195
0.110223,0.544542
0.08012,0.595784
0.08012,0.595784
0.081601,0.595891
0.138308,0.503467
0.191543,0.539239
0.199804,0.494463
0.181191,0.544396
0.225903,0.593926
0.26959,0.580994
0.407774,0.624562
0.453658,0.483715
0.557259,0.196972
0.53537,0.20242
0.600833,0.12785
0.55438,0.102224
0.563011,0.057473
0.593362,0.055916
0.571519,0.062382
0.581328,0.072884
0.58408,-0.054988
0.606109,-0.061442
0.647696,-0.251575
0.605328,-0.156046
0.614857,-0.029816
0.592828,-0.023362
0.615042,-0.029804
0.555675,0.07272
0.525571,0.123962
0.570093,-0.038404
0.601257,-0.11077
0.587674,-0.149079
0.611621,-0.133973
0.688777,-0.155043
0.688777,-0.155043
0.727141,-0.25106
0.63683,-0.097334
0.596732,-0.003774
0.604992,-0.04855
0.566628,0.047468
0.544784,0.053934
0.574888,0.002692
0.566628,0.047468
0.453946,0.129813
0.453946,0.129813
0.482846,0.208889
0.565424,0.177785
0.598466,-0.001317
0.543449,0.117009
0.535188,0.161785
0.561892,0.178428
0.561892,0.178428
0.437609,0.246362
0.519749,0.120091
0.388731,0.218679
0.325333,0.389141
0.301633,0.392222
0.330524,0.404984
0.273507,0.43949
0.317062,0.359315
0.353085,0.268385
0.334945,0.35704
0.369237,0.26694
0.374428,0.282783
0.479661,0.384517
0.487922,0.339741
0.485841,0.374725
0.472419,0.4405
0.361704,0.56043
0.320109,0.612981
0.262971,0.654847
0.409857,0.452117
0.429609,0.406032
0.398726,0.422613
0.403917,0.438456
0.42057,0.416147
0.401957,0.46608
0.401957,0.46608
0.382245,0.435247
0.324328,0.442451
0.279074,0.480938
0.262553,0.570489
0.398316,0.299455
0.40697,0.252609
0.368017,0.273944
0.305092,0.445033
0.288046,0.469412
0.222648,0.556053
0.217764,0.461455
0.169047,0.56263
0.139945,0.675809
0.180928,0.639253
0.175737,0.62341
0.187228,0.622101
0.175737,0.62341
0.182858,0.574787
0.20065,0.556325
0.260858,0.453842
0.270739,0.563103
0.247756,0.565721
0.29643,0.387859
0.262787,0.501756
0.238982,0.648227
0.29565,0.608399
0.258425,0.708264
0.258425,0.708264
0.254886,0.77092
0.28499,0.719678
0.333706,0.618503
0.333706,0.618503
0.382423,0.517329
0.370931,0.518638
0.393914,0.516019
0.431139,0.416154
0.468477,0.411235
0.535806,0.260128
0.535806,0.260128
0.495305,0.253571
0.513918,0.203638
0.511054,0.204629
0.548279,0.104764
0.529667,0.154697
0.477675,0.149449
0.477675,0.149449
0.477675,0.149449
0.477675,0.149449
0.459062,0.199382
0.515395,-0.060885
0.515395,-0.060885
0.551007,-0.237477
0.57913,-0.311081
0.625392,-0.340111
0.527073,-0.219232
0.506398,-0.238666
0.458752,-0.273828
0.474113,-0.263383
0.528681,-0.449107
0.513943,-0.322449
0.497723,-0.269237
0.493945,-0.333598
0.527975,-0.205992
0.492468,-0.233442
0.504608,-0.225729
0.503749,-0.162071
0.477393,0.07259
0.475337,0.138789
0.437549,0.188647
0.389209,0.281548
0.336337,0.315657
0.332288,0.506111
0.332288,0.506111
0.295922,0.542319
0.315097,0.542394
0.282179,0.712161
0.282179,0.712161
0.276814,0.647118
0.276814,0.647118
0.28132,0.775818
0.278989,0.838958
0.278989,0.838958
0.293386,0.783718
0.349523,0.690796
0.306162,0.618122
0.257521,0.619106
0.244074,0.675282
0.279645,0.558934
0.272295,0.392326
0.257898,0.447566
0.278694,0.557998
0.326384,0.556077
0.331757,0.576505
0.331757,0.576505
0.268176,0.595367
0.268176,0.595367
0.295069,0.483015
0.349974,0.468149
0.349974,0.468149
0.349501,0.46771
0.322607,0.580062
0.269284,0.617248
0.310742,0.658558
0.364529,0.433854
0.321797,0.484866
0.351082,0.49003
0.310742,0.658558
0.310742,0.658558
0.270393,0.639129
0.230043,0.6197
0.283839,0.582953
0.240443,0.645212
0.203141,0.544095
0.21784,0.620958
0.219083,0.56604
0.211537,0.622179
0.258189,0.640387
0.258885,0.519078
0.258885,0.519078
0.287022,0.351808
0.287022,0.351808
0.271298,0.427716
0.259094,0.428974
0.277812,0.43167
0.316213,0.439369
0.382204,0.213407
0.368757,0.269583
0.385105,0.2124
0.437649,0.042614
0.477999,0.062043
0.540697,-0.079296
0.567201,-0.108031
0.513414,0.116673
0.527359,0.060978
0.541196,-0.078814
0.526091,-0.076549
0.50044,-0.019115
0.522264,-0.203966
0.524215,-0.262765
0.595818,-0.394002
0.55722,-0.27991
0.578829,-0.270587
0.58323,-0.340889
0.565217,-0.21708
0.525684,-0.290081
0.570282,-0.284232
0.544381,-0.227037
0.495992,-0.148745
0.374593,-0.054406
0.321639,0.071304
0.284783,0.13096
0.324933,0.289471
0.31643,0.250183
0.330438,0.198028
0.36724,0.170005
0.375392,0.230784
0.315678,0.262769
0.277325,0.320979
0.247908,0.297706
0.298058,0.344761
0.267085,0.305506
0.316732,0.250281
0.328936,0.249023
0.353368,0.345686
0.313163,0.44339
0.329877,0.467439
0.359318,0.325864
0.388019,0.186678
0.434377,0.095561
0.398073,0.124066
0.397788,0.029468
0.401997,0.034533
0.447637,-0.009119
0.421987,0.048315
0.388237,0.093766
0.367294,0.156747
0.331488,0.185734
0.366554,0.139394
0.366554,0.139394
0.392205,0.08196
0.384617,-0.02257
0.354714,0.038402
0.357219,0.041046
0.296546,0.084171
0.303413,0.15327
0.273055,0.205157
0.298705,0.147723
0.247793,0.293194
0.375422,0.228291
0.233204,0.503673
0.324146,0.466154
0.326048,0.437523
0.388215,0.425956
0.342862,0.424386
0.272862,0.474031
0.348066,0.455021
0.398461,0.427558
0.479213,0.348208
0.455464,0.452118
0.479213,0.348208
0.448734,0.414101
0.478856,0.409607
0.420825,0.486458
0.34454,0.657994
0.381392,0.691517
0.415315,0.779975
0.33366,0.752767
0.273062,0.783908
0.280462,0.781913
0.234209,0.803705
0.282667,0.759099
0.243624,0.718685
0.232667,0.659789
0.195062,0.718408
0.127469,0.749036
0.208042,0.777911
0.257317,0.824536
0.209675,0.707487
0.145526,0.605317
0.068177,0.581899
0.09473,0.631023
0.136353,0.667149
0.171305,0.654196
0.149703,0.587769
0.152301,0.67558
0.0927,0.610828
0.184287,0.658076
0.147175,0.546446
0.077041,0.511657
0.047635,0.524873
0.053952,0.653875
-0.010803,0.619134
-0.010803,0.619134
0.017793,0.552129
0.021624,0.603752
0.033632,0.476483
-0.006732,0.417001
0.038189,0.531649
0.008672,0.55076
0.014168,0.484295
-0.020707,0.433651
-0.002397,0.556399
0.024156,0.605523
0.064243,0.589889
0.081949,0.653641
0.08961,0.653389
0.091136,0.7159
0.068675,0.720142
0.038936,0.675066
0.012384,0.625942
-0.004714,0.69279
-0.019172,0.681102
-0.068446,0.634477
-0.10184,0.58418
0.009289,0.67115
0.022565,0.637781
0.038271,0.664685
0.02438,0.60456
-0.005742,0.609054
-0.030455,0.484778
-0.013097,0.419673
0.006047,0.54141
-0.044949,0.622901
-0.083701,0.567548
-0.042494,0.575913
0.005876,0.511781
0.023154,0.392044
0.054424,0.391921
0.106538,0.397474
0.113702,0.324977
0.083987,0.367984
0.0495,0.496214
0.056663,0.423717
0.081477,0.526657
0.045244,0.478506
-0.051167,0.442646
-0.060092,0.527305
0.043606,0.464451
0.033559,0.308124
-0.03417,0.286282
-0.068386,0.334926
-0.054803,0.383183
-0.0645,0.448036
-0.105502,0.510947
-0.054589,0.604277
-0.102897,0.625601
-0.088697,0.681222
-0.124524,0.637618
-0.097426,0.680863
-0.129766,0.802431
-0.129766,0.802431
-0.15984,0.759135
-0.182997,0.65084
-0.121128,0.73763
-0.059258,0.82442
-0.07663,0.889083
-0.082489,0.954031
-0.086327,0.953936
-0.055391,0.997276
-0.051553,0.997371
-0.055452,0.996816
-0.055452,0.996816
-0.051615,0.996911
-0.051615,0.996911
-0.01323,0.945744
-0.023608,0.942733
-0.048563,0.994287
-0.052339,0.994652
-0.060014,0.994462
-0.033936,0.954757
-0.028218,0.955735
-0.022463,0.955933
-0.022463,0.955933
-0.002181,0.916921
0.004298,0.919378
-0.02366,0.958199
-0.02366,0.958199
-0.017881,0.958178
-0.019822,0.958294
-0.053473,0.997379
-0.053473,0.997379
-0.045798,0.997569
-0.041961,0.997664
-0.049636,0.997474
-0.057311,0.997284
-0.053473,0.997379
-0.059228,0.997181
-0.063066,0.997086
-0.063066,0.997086
-0.028914,0.870458
0.009076,0.743924
-0.017401,0.870743
-0.009726,0.870932
-0.013564,0.870837
-0.022965,0.934342
-0.022965,0.934342
-0.008228,0.934363
-0.013791,0.997962
-0.010571,0.997963
-0.049363,0.973153
-0.058653,0.973056
-0.029145,0.997847
-0.025308,0.997942
-0.029959,0.997996
-0.02996,0.998015
-0.026122,0.99811
-0.026122,0.99811
-0.048496,0.934173
-0.053136,0.934022
-0.053136,0.934022
-0.060811,0.933832
-0.002389,0.965902
0.033499,0.936205
0.033499,0.936205
0.014719,0.968554
0.033963,0.951747
0.002805,0.968243
0.034856,0.938451
-0.001032,0.968148
0.034455,0.938425
0.002605,0.968233
0.038991,0.953035
0.020075,0.96862
0.026949,0.968748
0.041306,0.902282
0.041306,0.902282
0.032386,0.902746
0.028549,0.902651
0.019274,0.968558
0.005807,0.935803
-0.001868,0.935613
-0.009543,0.935423
-0.005706,0.935518
-0.005706,0.935518
-0.005706,0.935518
-0.013076,0.857338
-0.020148,0.920171
-0.023985,0.920076
0.026406,0.932699
0.030243,0.932794
0.022568,0.932604
0.005406,0.935772
0.023991,0.873224
0.053484,0.747937
0.0349,0.810485
0.031062,0.81039
0.012478,0.872939
0.00864,0.872844
0.044432,0.843962
0.076206,0.816186
0.076206,0.816186
0.036577,0.844974
0.051323,0.78233
0.043648,0.78214
0.047486,0.782235
0.022784,0.747178
0.000362,0.809631
0.001229,0.861495
-0.017355,0.924043
-0.013517,0.924138
-0.040644,0.934633
-0.044482,0.934538
-0.059228,0.997181
-0.062061,0.997038
-0.062061,0.997038
-0.069736,0.996848
-0.061056,0.99699
-0.040636,0.991422
-0.001316,0.964556
0.040837,0.937833
0.005354,0.964794
0.026369,0.958793
0.022532,0.958699
0.001106,0.964314
0.011326,0.942873
0.05075,0.915435
0.046912,0.91534
0.089763,0.887612
0.089763,0.887612
0.114143,0.860751
0.170515,0.772609
0.166677,0.772514
0.187462,0.711904
0.187462,0.711904
0.187462,0.711904
0.183625,0.71181
0.169032,0.67759
0.11266,0.765732
0.120092,0.799576
0.04529,0.853404
0.04529,0.853404
-0.011081,0.941546
-0.011081,0.941546
-0.011081,0.941546
-0.011081,0.941546
0.016208,0.863145
-0.011081,0.941546
-0.011081,0.941546
-0.011081,0.941546
0.024505,0.914014
0.024505,0.914014
0.060091,0.886481
0.060091,0.886481
-0.011081,0.941546
-0.046667,0.969079
-0.092373,0.994143
-0.108067,0.980587
-0.159695,0.948537
-0.108067,0.980587
-0.108067,0.980587
-0.108067,0.980587
-0.108067,0.980587
-0.108067,0.980587
-0.108067,0.980587
-0.136297,0.935041
-0.090956,0.889047
-0.110483,0.951066
-0.082254,0.996611
-0.082254,0.996611
-0.082254,0.996611
-0.082254,0.996611
-0.082254,0.996611
-0.082254,0.996611
-0.082254,0.996611
-0.082254,0.996611
-0.082254,0.996611
-0.082254,0.996611
-0.082254,0.996611
-0.047084,0.971107
-0.047084,0.971107
-0.047084,0.971107
-0.047084,0.971107
-0.047084,0.971107
-0.051994,0.94458
-0.051994,0.94458
0.008526,0.840516
-0.021734,0.892548
-0.021734,0.892548
-0.021734,0.892548
-0.021734,0.892548
0.008526,0.840516
0.008526,0.840516
0.008526,0.840516
-0.021734,0.892548
-0.021734,0.892548
0.008526,0.840516
-8.8e-05,0.775956
0.030172,0.723924
0.030172,0.723924
-8.8e-05,0.775956
0.031449,0.648902
0.009596,0.559648
0.107712,0.543135
0.107712,0.543135
0.051248,0.676698
0.045916,0.722221
0.096386,0.608579
0.093466,0.532737
0.123725,0.480705
0.146855,0.494937
0.126645,0.556547
0.079206,0.665264
0.069156,0.655686
0.038896,0.707718
0.079316,0.584498
0.069266,0.574919
0.049056,0.636529
0.049056,0.636529
0.069266,0.574919
0.039006,0.626951
0.039006,0.626951
0.018796,0.688561
0.018796,0.688561
-0.001414,0.750171
-0.001414,0.750171
-0.001414,0.750171
0.018796,0.688561
-0.001414,0.750171
0.03158,0.687126
-0.00884,0.810346
-0.00884,0.810346
0.013662,0.750281
0.000879,0.751716
-0.019331,0.813326
-0.041834,0.873391
-0.041834,0.873391
-0.02233,0.848466
-0.030806,0.919075
-0.030806,0.919075
-0.010596,0.857465
0.009614,0.795855
-0.010596,0.857465
0.022052,0.873841
0.001842,0.935451
-0.01604,0.938975
-0.01604,0.938975
-0.082254,0.996611
-0.101384,0.988545
-0.074269,0.932585
-0.082254,0.996611
-0.082254,0.996611
-0.082254,0.996611
-0.082254,0.996611
-0.082254,0.996611
-0.082254,0.996611
-0.082254,0.996611
-0.082254,0.996611
-0.082254,0.996611
-0.082254,0.996611
-0.112326,0.957531
-0.078129,0.91328
-0.048057,0.95236
-0.082254,0.996611
-0.060505,0.936008
-0.112385,0.957874
-0.087465,0.949538
-0.057334,0.988276
-0.057334,0.988276
-0.057334,0.988276
-0.082254,0.996611
-0.082254,0.996611
-0.053363,0.984064
-0.068054,0.922432
-0.068054,0.922432
-0.053363,0.984064
-0.082254,0.996611
-0.082254,0.996611
-0.082254,0.996611
-0.082254,0.996611
-0.082254,0.996611
-0.082254,0.996611
-0.082254,0.996611
-0.082254,0.996611
-0.05013,0.947649
-0.05013,0.947649
0.01432,0.850109
-0.017803,0.899071
-0.017803,0.899071
-0.023323,0.833557
0.009004,0.784979
0.04133,0.736401
0.041533,0.736786
0.054378,0.546767
0.086704,0.498189
0.095147,0.508602
0.127473,0.460024
0.057301,0.491667
0.089627,0.443089
0.1598,0.411447
0.181087,0.231841
0.197444,0.168195
0.229771,0.119617
0.181087,0.231841
0.240221,0.069171
0.207894,0.117749
0.283586,0.151621
0.310393,0.037529
0.380566,0.005887
0.386085,0.071401
0.391605,0.136915
0.348239,0.054465
0.326404,-0.026766
0.342762,-0.090412
0.375088,-0.13899
0.359465,-0.15341
0.374633,-0.160429
0.438097,-0.200958
0.427647,-0.150512
0.417998,-0.077979
0.366607,-0.099685
0.377444,-0.228845
0.392179,-0.280702
0.414056,-0.278835
0.392179,-0.280702
0.397698,-0.215188
0.484228,-0.310477
0.435932,-0.276967
0.50749,-0.377239
0.523459,-0.36217
0.491133,-0.313592
0.343704,-0.045894
0.387926,-0.231405
0.360263,-0.255788
0.430048,-0.208715
0.414749,-0.152842
0.340785,-0.123545
0.388693,-0.07834
0.462657,-0.107637
0.398004,-0.010481
0.391588,-0.018882
0.440417,-0.148629
0.440417,-0.148629
0.459537,-0.211931
0.481603,-0.19205
0.33594,0.065908
0.340402,0.139195
0.296832,0.134676
0.275879,0.14494
0.420879,0.002688
0.405867,-0.056682
0.371537,-0.111268
0.48175,-0.205671
0.456349,-0.27076
0.421887,-0.288233
0.384447,-0.122912
0.419053,-0.105317
0.435022,-0.090249
0.476892,-0.248213
0.612507,-0.277527
0.554548,-0.180493
0.611481,-0.118345
0.579155,-0.069767
0.61345,-0.113734
0.605555,-0.123688
0.622014,-0.101887
0.653238,-0.167899
0.566373,-0.16057
0.531565,-0.254936
0.552954,-0.303727
0.583147,-0.285757
0.477179,-0.295873
0.57419,-0.298204
0.627803,-0.283961
0.527068,-0.213542
0.557127,-0.26223
0.589454,-0.310808
0.636904,-0.364468
0.611272,-0.316012
0.699503,-0.384424
0.680216,-0.40713
0.654584,-0.358675
0.68691,-0.407253
0.68691,-0.407253
0.73731,-0.449437
0.769637,-0.498015
0.769637,-0.498015
0.77928,-0.486662
0.788924,-0.475309
0.788924,-0.475309
0.774489,-0.415121
0.774489,-0.415121
0.718097,-0.419575
0.644431,-0.34326
0.677287,-0.326014
0.733679,-0.32156
0.759312,-0.370016
0.740025,-0.392722
0.749668,-0.381369
0.749668,-0.381369
0.749668,-0.381369
0.749668,-0.381369
0.759312,-0.370016
0.8403,-0.43156
0.8403,-0.43156
0.808609,-0.382936
0.776918,-0.334312
0.735584,-0.297041
0.771012,-0.342416
0.744551,-0.358506
0.725705,-0.291498
0.783856,-0.324032
0.7935,-0.312679
0.7935,-0.312679
0.825191,-0.361303
0.857913,-0.407752
0.827056,-0.425703
0.837593,-0.414054
0.838625,-0.411878
0.804281,-0.434096
0.804281,-0.434096
0.695102,-0.360328
0.591456,-0.335136
0.591456,-0.335136
0.686161,-0.424886
0.64553,-0.373108
0.701892,-0.457775
0.701892,-0.457775
0.654766,-0.474055
0.704378,-0.461294
0.600955,-0.435542
0.497805,-0.409253
0.497805,-0.409253
0.651637,-0.420624
0.624847,-0.315131
0.623776,-0.317288
0.609181,-0.270816
0.629309,-0.365864
0.682847,-0.404914
0.683392,-0.403841
0.636852,-0.394561
0.508229,-0.371954
0.456616,-0.404599
0.559231,-0.431967
0.504263,-0.445013
0.48847,-0.505181
0.537546,-0.493498
0.377889,-0.491353
0.389782,-0.529625
0.202834,-0.624435
0.350063,-0.589386
0.495203,-0.553653
0.566531,-0.551902
0.70081,-0.507616
0.55358,-0.542665
0.491225,-0.521206
0.540574,-0.508987
0.535066,-0.503144
0.647042,-0.511846
0.701627,-0.506006
0.712355,-0.499987
0.750443,-0.487765
0.787131,-0.470555
0.783783,-0.459165
0.762847,-0.475534
0.817432,-0.469694
0.703214,-0.473488
0.758616,-0.466037
0.758889,-0.4655
0.756729,-0.471048
0.75168,-0.463161
0.751953,-0.462624
0.788899,-0.485784
0.696864,-0.397643
0.781647,-0.459995
0.803266,-0.442285
0.742597,-0.438954
0.742462,-0.439223
0.742734,-0.438686
0.742329,-0.439493
0.721258,-0.456131
0.721256,-0.45613
0.742739,-0.438688
0.660719,-0.452529
0.600045,-0.449195
0.583086,-0.448836
0.475356,-0.466118
0.644573,-0.450557
0.683633,-0.471604
0.634528,-0.502106
0.655599,-0.485467
0.651195,-0.513589
0.651332,-0.513321
0.73403,-0.498137
0.793886,-0.463746
0.73362,-0.459606
0.733825,-0.459204
0.672879,-0.456407
0.673014,-0.456138
0.69545,-0.476152
0.69545,-0.476152
0.695382,-0.476286
0.717684,-0.49657
0.755787,-0.480158
0.755172,-0.481365
0.730351,-0.499495
0.867977,-0.468529
0.867839,-0.468797
0.845034,-0.485957
0.844899,-0.486226
0.845034,-0.485957
0.843445,-0.486088
0.819032,-0.476355
0.794976,-0.465917
0.843718,-0.458494
0.843511,-0.458896
0.749476,-0.372265
0.77158,-0.433895
0.74343,-0.38606
0.718831,-0.403754
0.676617,-0.354132
0.644614,-0.438702
0.604909,-0.456655
0.58849,-0.485957
0.549845,-0.501833
0.579519,-0.456359
0.555863,-0.40894
0.438004,-0.477011
0.337194,-0.508232
0.304418,-0.487307
0.241493,-0.484682
0.265967,-0.467241
0.407274,-0.448386
0.481281,-0.413858
0.560958,-0.371741
0.615158,-0.409501
0.632381,-0.441482
0.627343,-0.506602
0.493068,-0.497725
0.48581,-0.417837
0.446599,-0.434817
0.513466,-0.466645
0.513458,-0.466662
0.395579,-0.516814
0.492364,-0.517836
0.453212,-0.534698
0.443541,-0.500359
0.443609,-0.500225
0.487481,-0.433089
0.461727,-0.35973
0.568441,-0.374595
0.568501,-0.374478
0.568501,-0.374478
0.536338,-0.376162
0.574195,-0.326058
0.513908,-0.339594
0.333108,-0.315604
0.354481,-0.334654
0.345372,-0.325778
0.370629,-0.260123
0.418706,-0.202828
0.400969,-0.201504
0.4094,-0.234577
0.258564,-0.057667
0.286699,-0.04766
0.175238,-0.114059
0.175886,-0.279184
0.153231,-0.258906
0.125041,-0.314457
0.243923,-0.255792
0.259258,-0.276935
0.259804,-0.218623
0.315275,-0.166575
0.183195,-0.221009
0.1208,-0.037051
0.116544,-0.028544
0.165102,0.074568
0.150372,0.154799
0.148539,0.129746
0.120662,0.178118
0.161656,0.22005
0.100242,0.303484
0.132947,0.444506
0.109433,0.467663
0.055556,0.363946
0.00353,0.393904
-0.008424,0.335855
0.041338,0.379285
-0.021021,0.264023
0.026386,0.239898
-0.021039,0.192193
-0.046752,0.148339
-0.065413,0.155342
-0.021822,0.267679
-0.094731,0.315762
-0.063721,0.225252
-0.151781,0.212452
-0.162753,0.130065
-0.141089,0.121181
-0.160659,0.145886
-0.175096,0.164881
-0.12005,0.23945
-0.121507,0.229655
-0.117958,0.317686
-0.032902,0.403093
-0.003002,0.345958
0.011038,0.267076
0.064323,0.440237
0.023761,0.312661
-0.195172,0.123376
-0.130837,0.217631
-0.130837,0.217631
-0.041112,0.247357
-0.041112,0.247357
-0.031132,0.309029
-0.096819,0.37093
-0.004117,0.417821
0.005755,0.403209
0.066313,0.49746
0.073785,0.434418
0.020884,0.592629
0.045678,0.653185
0.041878,0.558694
0.060641,0.717111
0.032274,0.764475
0.032274,0.764475
0.022376,0.874013
0.022376,0.874013
0.054543,0.92114
0.054543,0.92114
0.023199,0.951339
0.07181,0.937317
0.07181,0.937317
0.07181,0.937317
0.087988,0.875994
0.087988,0.875994
0.104699,0.815017
0.071257,0.792353
0.036101,0.757816
0.052546,0.696667
0.036101,0.757816
0.052546,0.696667
0.003212,0.880116
-0.027896,0.830871
-0.027896,0.830871
0.005547,0.853536
-0.025561,0.804291
-0.008715,0.851188
-0.003948,0.83224
-0.062881,0.837383
-0.062881,0.837383
-0.077143,0.835035
-0.018826,0.792955
0.010332,0.771915
0.025527,0.699564
0.104103,0.715408
0.061615,0.659402
0.075877,0.661749
0.01756,0.70383
0.073695,0.725247
0.026925,0.663688
0.083376,0.771005
0.066365,0.767406
0.038739,0.792748
0.069714,0.847657
0.098873,0.826617
0.100988,0.853604
0.130146,0.832564
0.135977,0.766844
0.106818,0.787884
0.150239,0.769192
0.150239,0.769192
0.11525,0.855952
0.15867,0.837259
0.129512,0.858299
0.129512,0.858299
0.148548,0.771872
0.119389,0.792913
0.176774,0.825531
0.062005,0.760294
0.005554,0.652977
0.010804,0.727214
0.008765,0.654317
0.057368,0.699537
0.059033,0.762096
0.118338,0.787676
0.151457,0.832495
0.147181,0.810252
0.120377,0.860573
0.120377,0.860573
0.120377,0.860573
0.089298,0.888651
0.057011,0.868948
0.024723,0.849245
0.024723,0.849245
-0.035791,0.775883
-0.068078,0.756179
-0.06687,0.803961
-0.095095,0.750302
-0.078657,0.775709
-0.08151,0.857446
-0.06101,0.848898
-0.028722,0.868601
0.027123,0.875467
-0.025879,0.864323
-0.025879,0.864323
-0.041711,0.939367
0.009963,0.951485
0.022864,0.978774
0.054938,0.998488
0.054938,0.998488
0.054938,0.998488
0.054938,0.998488
0.054938,0.998488
0.058491,0.9981
0.083445,0.951429
0.111738,0.90438
0.138238,0.853206
0.138238,0.853206
0.138238,0.853206
0.13781,0.853228
0.106867,0.896195
0.133581,0.845009
0.159439,0.793868
0.159546,0.793863
0.159332,0.793874
0.185725,0.742705
0.159653,0.793857
0.185725,0.742705
0.215754,0.698257
0.269983,0.599299
0.269473,0.63584
0.267387,0.632494
0.293459,0.581341
0.266531,0.632538
0.294902,0.584721
0.293401,0.587026
0.366224,0.550075
0.366331,0.55007
0.366364,0.507871
0.390638,0.495554
0.338206,0.555677
0.365262,0.506176
0.365262,0.506176
0.368686,0.46896
0.370644,0.430116
0.288503,0.578619
0.369945,0.475817
0.420505,0.412337
0.416625,0.40216
0.392907,0.416151
0.340165,0.476339
0.363455,0.46237
0.390169,0.411185
0.390061,0.41119
0.445073,0.269995
0.471358,0.218831
0.497644,0.167668
0.418252,0.321186
0.418466,0.321175
0.418359,0.321181
0.442419,0.308875
0.442205,0.308886
0.413373,0.398923
0.346445,0.47509
0.346091,0.475582
0.230508,0.576388
0.179787,0.639877
0.206448,0.588694
0.206341,0.588699
0.204062,0.62756
0.23268,0.537533
0.292274,0.57892
0.239737,0.680772
0.23735,0.719638
0.277505,0.77671
0.286492,0.768937
0.288717,0.730079
0.271557,0.740871
0.295831,0.728554
0.322331,0.67738
0.322331,0.67738
0.348831,0.626205
0.304816,0.688663
0.291034,0.660659
0.237277,0.725187
0.178237,0.790142
0.178237,0.790142
0.149157,0.84188
0.140891,0.843343
0.136711,0.843814
0.110211,0.894989
0.101945,0.896452
0.101945,0.896452
0.101945,0.896452
0.101945,0.896452
0.101945,0.896452
0.147992,0.786244
0.123292,0.770969
0.123292,0.770969
0.14284,0.711936
0.11454,0.82956
0.11454,0.82956
0.134088,0.770527
0.127136,0.762668
0.167475,0.641864
0.187022,0.582831
0.241356,0.406224
0.241356,0.406224
0.239854,0.405059
0.200759,0.523126
0.16473,0.643436
0.16473,0.643436
0.137398,0.570301
0.11785,0.629335
0.153802,0.576568
0.204845,0.480541
0.222891,0.420342
0.263876,0.449649
0.200823,0.523038
0.200823,0.523038
0.171781,0.652939
0.143681,0.701304
0.106087,0.820536
0.106087,0.820536
0.106087,0.820536
0.106087,0.820536
0.106087,0.820536
0.125635,0.761503
0.106087,0.820536
0.086539,0.879569
0.106087,0.820536
0.104585,0.819371
0.103084,0.818205
0.103084,0.818205
0.142824,0.748525
0.164519,0.739044
0.182565,0.678845
0.142824,0.748525
0.195934,0.701388
0.204259,0.669364
0.222306,0.609165
0.240352,0.548967
0.240352,0.548967
0.28374,0.530004
0.291037,0.631439
0.28374,0.530004
0.305435,0.520523
0.274731,0.69562
0.233645,0.766547
0.22002,0.722561
0.22002,0.722561
0.195645,0.840209
0.280149,0.721621
0.292023,0.737774
0.320901,0.675994
0.368867,0.571749
0.377456,0.677192
0.354085,0.691458
0.35717,0.694194
0.284703,0.806546
0.268882,0.812371
0.285126,0.807212
0.343009,0.755258
0.289498,0.7859
0.353645,0.657769
0.388797,0.64952
0.418129,0.603882
0.397271,0.558194
0.362979,0.623552
0.358452,0.625961
0.308332,0.750226
0.361098,0.699089
0.28474,0.736822
0.28474,0.736822
0.204313,0.888762
0.209702,0.943461
0.20127,0.963056
0.231723,0.936294
0.243441,0.933544
0.255158,0.930794
0.255158,0.930794
0.228214,0.946925
0.243441,0.933544
0.224824,0.834891
0.174938,0.891641
0.193062,0.955174
0.181345,0.957924
0.166118,0.971305
0.166118,0.971305
0.130966,0.979554
0.130966,0.979554
0.119249,0.982304
0.119249,0.982304
0.107823,0.935624
0.07238,0.993302
0.089152,0.948482
0.076106,0.81595
0.076106,0.81595
0.047617,0.86352
0.054139,0.929786
0.054139,0.929786
0.054139,0.929786
0.065857,0.927036
0.060662,0.996052
0.07238,0.993302
0.07238,0.993302
0.07238,0.993302
0.060662,0.996052
0.060662,0.996052
0.07238,0.993302
0.07238,0.993302
0.075575,0.927027
0.09901,0.921528
0.087293,0.924277
0.075575,0.927027
0.075575,0.927027
0.09901,0.921528
0.09901,0.921528
0.075575,0.927027
0.056325,0.863676
0.056325,0.863676
0.056325,0.863676
0.063858,0.929776
0.060662,0.996052
0.060662,0.996052
0.060662,0.996052
0.060662,0.996052
0.060662,0.996052
0.080051,0.959234
0.080051,0.959234
0.080051,0.959234
0.080051,0.959234
0.080051,0.959234
0.080051,0.959234
0.080051,0.959234
0.048945,0.998801
0.043988,0.998675
0.043988,0.998675
0.043988,0.998675
0.02459,0.937178
0.02459,0.937178
0.02459,0.937178
0.02459,0.937178
0.02459,0.937178
0.005192,0.87568
0.005192,0.87568
-0.014205,0.814182
-0.028975,0.835141
-0.043745,0.856099
-0.043745,0.856099
-0.077913,0.815559
-0.072611,0.749661
-0.106779,0.709122
-0.066964,0.61774
-0.003484,0.72003
0.030684,0.760569
0.02008,0.892364
0.021523,0.887596
0.044913,0.832279
0.044913,0.832279
0.039611,0.898176
0.03579,0.894478
0.03579,0.894478
0.03579,0.894478
0.03579,0.894478
0.068514,0.939786
0.068514,0.939786
0.067512,0.873165
0.091514,0.818563
0.071944,0.877578
0.092445,0.819359
0.119023,0.768308
0.119023,0.768308
0.118021,0.701688
0.139523,0.710089
0.113947,0.827761
0.145046,0.788159
0.203614,0.717623
0.203614,0.717623
0.224114,0.659404
0.217726,0.710733
0.167919,0.828808
0.184872,0.816147
0.22657,0.795163
0.164371,0.874366
0.138612,0.888664
0.192004,0.811097
0.216006,0.756495
0.221346,0.73119
0.22334,0.726686
0.184007,0.716164
0.208008,0.661562
0.239108,0.621961
0.272568,0.525254
0.267719,0.478959
0.256899,0.477707
0.304655,0.362016
0.373633,0.202768
0.342533,0.24237
0.346256,0.228621
0.304536,0.300133
0.310326,0.370437
0.231799,0.519403
0.231799,0.519403
0.332579,0.326827
0.376247,0.277485
0.300469,0.307031
0.442551,0.095761
0.442551,0.095761
0.510221,-0.008183
0.574505,-0.115955
0.602604,-0.217309
0.547503,-0.123105
0.523502,-0.068503
0.516403,-0.083503
0.552974,-0.147846
0.504971,-0.038641
0.528972,-0.093243
0.573306,-0.269012
0.597308,-0.323615
0.61764,-0.444781
0.58997,-0.456743
0.61764,-0.444781
0.541968,-0.347539
0.538299,-0.414103
0.538299,-0.414103
0.538299,-0.414103
0.514298,-0.359501
0.534631,-0.480668
0.558632,-0.53527
0.48001,-0.504635
0.428338,-0.461995
0.400668,-0.473957
0.377386,-0.419398
0.36933,-0.552484
0.356222,-0.568604
0.297213,-0.659092
0.292124,-0.658384
0.290021,-0.47481
0.314022,-0.529413
0.282684,-0.607939
0.223675,-0.698428
0.158896,-0.671908
0.177126,-0.609501
0.116697,-0.632717
0.112347,-0.582981
0.105457,-0.655735
0.142604,-0.577959
0.096719,-0.67252
0.030039,-0.686097
0.048269,-0.62369
0.10296,-0.43647
0.08473,-0.498877
0.08473,-0.498877
0.08473,-0.498877
0.12119,-0.374063
0.066499,-0.561284
0.066499,-0.561284
0.066499,-0.561284
0.08473,-0.498877
0.026647,-0.6139
0.044877,-0.551493
-0.02288,-0.643013
-0.018116,-0.724699
-0.006426,-0.735567
0.041728,-0.696966
0.041728,-0.696966
0.041728,-0.696966
0.059958,-0.634559
0.078188,-0.572152
0.089878,-0.583021
0.030113,-0.591559
0.089952,-0.488483
0.089952,-0.488483
0.079266,-0.36375
0.210559,-0.263004
0.294311,-0.172277
0.219689,-0.252453
0.141127,-0.293459
0.1644,-0.317501
0.17613,-0.364842
0.192822,-0.425687
0.252539,-0.35933
0.285188,-0.475353
0.362039,-0.368786
0.285269,-0.402162
0.249986,-0.431587
0.248728,-0.45403
0.231651,-0.549507
0.23299,-0.540858
0.215978,-0.544349
0.167707,-0.608027
0.197627,-0.556489
0.184719,-0.604536
0.183502,-0.663452
0.170595,-0.711499
0.123663,-0.766528
0.119493,-0.813957
0.111218,-0.81683
0.066611,-0.805568
0.036692,-0.857106
0.067238,-0.883346
0.054331,-0.931393
0.098865,-0.873144
0.071343,-0.927902
0.080081,-0.927284
0.055634,-0.873772
0.125429,-0.833733
0.125429,-0.833733
0.127054,-0.832859
0.121582,-0.937909
0.162826,-0.927403
0.189632,-0.923945
0.170994,-0.92831
0.179269,-0.925437
0.170531,-0.926055
0.107546,-0.910879
0.144781,-0.930164
0.161794,-0.926673
0.161794,-0.926673
0.170069,-0.9238
0.177728,-0.905904
0.228149,-0.880407
0.296199,-0.866443
0.313211,-0.862952
0.383827,-0.792329
0.398941,-0.802144
0.398941,-0.802144
0.398941,-0.802144
0.281701,-0.871652
0.299996,-0.839831
0.299996,-0.839831
0.292516,-0.820754
0.292516,-0.820754
0.299996,-0.839831
0.30128,-0.811502
0.267255,-0.818483
0.373179,-0.712548
0.373179,-0.712548
0.443794,-0.641925
0.477819,-0.634943
0.530139,-0.59614
0.530139,-0.59614
0.494832,-0.631452
0.544974,-0.606705
0.510949,-0.613687
0.441616,-0.655981
0.423321,-0.687801
0.354883,-0.744369
0.337871,-0.74786
0.32703,-0.807392
0.361054,-0.800411
0.369329,-0.797538
0.332738,-0.861179
0.34975,-0.857688
0.382492,-0.879036
0.382492,-0.879036
0.364197,-0.910857
0.398221,-0.903875
0.398221,-0.903875
0.367148,-0.866755
0.318929,-0.834528
0.318929,-0.834528
0.256269,-0.821287
0.273281,-0.817796
0.338512,-0.846532
0.338512,-0.846532
0.338512,-0.846532
0.355524,-0.843041
0.355524,-0.843041
0.355524,-0.843041
0.355524,-0.843041
0.401173,-0.859773
0.359856,-0.809566
0.359856,-0.809566
0.401173,-0.859773
0.31203,-0.808056
0.31203,-0.808056
0.354654,-0.819217
0.258483,-0.751959
0.305002,-0.792514
0.305002,-0.792514
0.256916,-0.758885
0.256916,-0.758885
0.256916,-0.758885
0.257656,-0.754778
0.401173,-0.859773
0.357162,-0.813621
0.405247,-0.84725
0.361236,-0.801098
0.361236,-0.801098
0.361236,-0.801098
0.361236,-0.801098
0.361236,-0.801098
0.361236,-0.801098
0.361236,-0.801098
0.405247,-0.84725
0.405247,-0.84725
0.405247,-0.84725
0.405247,-0.84725
0.407979,-0.845711
0.407979,-0.845711
0.275946,-0.707256
0.275946,-0.707256
0.278677,-0.705717
0.278677,-0.705717
0.322688,-0.751869
0.366699,-0.798021
0.323549,-0.748244
0.2804,-0.698468
0.320818,-0.749783
0.230215,-0.684411
0.186204,-0.638259
0.186204,-0.638259
0.203112,-0.623582
0.209285,-0.591487
0.209285,-0.591487
0.297307,-0.683791
0.324411,-0.74462
0.364829,-0.795935
0.449258,-0.893402
0.418757,-0.893118
0.449258,-0.893402
0.449258,-0.893402
0.449258,-0.893402
0.422779,-0.894907
0.407159,-0.8318
0.407159,-0.8318
0.396299,-0.896412
0.36982,-0.897917
0.340731,-0.898335
0.39369,-0.895325
0.422779,-0.894907
0.449258,-0.893402
0.449258,-0.893402
0.449258,-0.893402
0.449258,-0.893402
0.449258,-0.893402
0.449258,-0.893402
0.449258,-0.893402
0.449258,-0.893402
0.449258,-0.893402
0.449258,-0.893402
0.449258,-0.893402
0.404022,-0.877599
0.310489,-0.829939
0.310489,-0.829939
0.310489,-0.829939
0.310489,-0.829939
0.310489,-0.829939
0.304508,-0.798133
0.304508,-0.798133
0.401008,-0.861646
0.401008,-0.861646
0.401008,-0.861646
0.352758,-0.82989
0.352758,-0.82989
0.352758,-0.82989
0.401008,-0.861646
0.304508,-0.798133
0.352758,-0.82989
0.412364,-0.852306
0.412364,-0.852306
0.412364,-0.852306
0.401008,-0.861646
0.401008,-0.861646
0.449258,-0.893402
0.449258,-0.893402
0.403127,-0.898515
0.426193,-0.895958
0.426193,-0.895958
0.426193,-0.895958
0.426193,-0.895958
0.403127,-0.898515
0.426193,-0.895958
0.403127,-0.898515
0.426193,-0.895958
0.403127,-0.898515
0.449258,-0.893402
0.449258,-0.893402
0.449258,-0.893402
0.449258,-0.893402
0.449258,-0.893402
0.433503,-0.896946
0.449258,-0.893402
0.449258,-0.893402
0.449258,-0.893402
0.449258,-0.893402
0.41426,-0.890271
0.41426,-0.890271
0.41426,-0.890271
0.41426,-0.890271
0.449258,-0.893402
0.449258,-0.893402
0.449258,-0.893402
0.449258,-0.893402
0.449258,-0.893402
0.449258,-0.893402
0.449258,-0.893402
0.463617,-0.847791
0.449258,-0.893402
0.449258,-0.893402
0.449258,-0.893402
0.449258,-0.893402
0.449258,-0.893402
0.429669,-0.832017
0.429669,-0.832017
0.429669,-0.832017
0.425585,-0.833741
0.4215,-0.835465
0.4215,-0.835465
0.432919,-0.900298
0.432919,-0.900298
0.432919,-0.900298
0.432919,-0.900298
0.428835,-0.902022
0.428835,-0.902022
0.432919,-0.900298
0.42475,-0.903746
0.420665,-0.90547
0.426505,-0.789665
0.422421,-0.791389
0.39574,-0.912424
0.3749,-0.917654
0.399046,-0.847433
0.415802,-0.843927
0.411717,-0.845651
0.411717,-0.845651
0.415802,-0.843927
0.393608,-0.843782
0.428056,-0.838755
0.398826,-0.897824
0.386132,-0.899604
0.401762,-0.896664
0.397677,-0.898388
0.360797,-0.893734
0.361372,-0.893452
0.393452,-0.896856
0.394632,-0.845621
0.413205,-0.804109
0.389741,-0.803476
0.421949,-0.800379
0.417865,-0.802103
0.438892,-0.76099
0.36333,-0.779351
0.36333,-0.779351
0.410489,-0.81781
0.410489,-0.81781
0.405835,-0.848323
0.450981,-0.887711
0.44316,-0.896056
0.44316,-0.896056
0.44316,-0.896056
0.44316,-0.896056
0.44316,-0.896056
0.44316,-0.896056
0.44316,-0.896056
0.445174,-0.895126
0.441089,-0.89685
0.441089,-0.89685
0.441089,-0.89685
0.441089,-0.89685
0.441089,-0.89685
0.441089,-0.89685
0.445174,-0.895126
0.445174,-0.895126
0.445174,-0.895126
0.445174,-0.895126
0.445174,-0.895126
0.445174,-0.895126
0.449258,-0.893402
0.449258,-0.893402
0.449258,-0.893402
0.449258,-0.893402
0.415434,-0.891114
0.38161,-0.888827
0.313962,-0.884251
0.313962,-0.884251
0.280138,-0.881964
0.313962,-0.884251
0.313962,-0.884251
0.347786,-0.886539
0.347786,-0.886539
0.38161,-0.888827
0.38161,-0.888827
0.334784,-0.868875
0.368608,-0.871163
0.415434,-0.891114
0.375284,-0.883182
0.361008,-0.859414
0.414472,-0.855197
0.366372,-0.829141
0.353059,-0.84129
0.353059,-0.84129
0.334271,-0.78658
0.286171,-0.760524
0.325893,-0.789474
0.319796,-0.60798
0.319796,-0.60798
0.31345,-0.671372
0.309137,-0.795261
0.302792,-0.858653
0.359269,-0.881815
0.398992,-0.910765
0.422862,-0.90016
0.424125,-0.902083
0.424125,-0.902083
0.424125,-0.902083
0.424125,-0.902083
0.391358,-0.900491
0.408113,-0.894703
0.450674,-0.888823
0.45209,-0.884244
0.418646,-0.829318
0.418646,-0.829318
0.427023,-0.826424
0.470261,-0.873877
0.424573,-0.871735
0.470261,-0.873877
0.470261,-0.873877
0.450674,-0.888823
0.438181,-0.892284
0.438181,-0.892284
0.438181,-0.892284
0.39922,-0.84654
0.39922,-0.84654
0.39922,-0.84654
0.411862,-0.74159
0.386315,-0.680197
0.386315,-0.680197
0.386315,-0.680197
0.381675,-0.68215
0.411862,-0.74159
0.423712,-0.832009
0.423712,-0.832009
0.401136,-0.769774
0.355392,-0.752816
0.309648,-0.735858
0.352422,-0.753659
0.398166,-0.770616
0.404762,-0.835325
0.411359,-0.900033
0.392409,-0.903348
0.411359,-0.900033
0.392409,-0.903348
0.392409,-0.903348
0.36435,-0.84291
0.3454,-0.846226
0.32645,-0.849541
0.345279,-0.913034
0.307868,-0.922458
0.326818,-0.919143
0.326818,-0.919143
0.288918,-0.925774
0.279199,-0.926035
0.254064,-0.872109
0.273014,-0.868794
0.320633,-0.861902
0.311403,-0.864956
0.292488,-0.837719
0.292977,-0.840513
0.304358,-0.844883
0.396921,-0.851433
0.415871,-0.848118
0.40664,-0.851172
0.40664,-0.851172
0.415871,-0.848118
0.415871,-0.848118
0.434332,-0.842009
0.434332,-0.842009
0.430797,-0.899511
0.440028,-0.896456
0.440028,-0.896456
0.449258,-0.893402
0.449258,-0.893402
0.449258,-0.893402
0.414182,-0.837031
0.414182,-0.837031
0.38845,-0.838801
0.406363,-0.803592
0.406363,-0.803592
0.406363,-0.803592
0.38845,-0.838801
0.38845,-0.838801
0.336985,-0.842341
0.292565,-0.72783
0.314953,-0.787675
0.35003,-0.844046
0.324298,-0.845816
0.359374,-0.902186
0.359374,-0.902186
0.385106,-0.900416
0.364158,-0.90343
0.385106,-0.900416
0.397794,-0.896942
0.372062,-0.898712
0.34633,-0.900481
0.372062,-0.898712
0.372062,-0.898712
0.397794,-0.896942
0.372062,-0.898712
0.27416,-0.883483
0.248428,-0.885253
0.248428,-0.885253
0.299893,-0.881714
0.397794,-0.896942
0.361909,-0.897134
0.340279,-0.902068
0.398365,-0.901633
0.423526,-0.895172
0.423526,-0.895172
0.34633,-0.900481
0.34633,-0.900481
0.372062,-0.898712
0.310058,-0.845058
0.335791,-0.843288
0.372062,-0.898712
0.329879,-0.849674
0.296978,-0.748058
0.296978,-0.748058
0.212612,-0.649983
0.177117,-0.536311
0.177117,-0.536311
0.177117,-0.536311
0.050568,-0.389198
0.050568,-0.389198
-0.014753,-0.353986
-0.056936,-0.304949
-0.099119,-0.255911
-0.042299,-0.293334
-0.048898,-0.220543
0.02083,-0.330233
0.019659,-0.323661
0.009862,-0.373308
-0.023463,-0.396008
-0.107829,-0.297932
-0.150012,-0.248894
-0.193406,-0.201693
-0.216996,-0.244768
-0.306908,-0.172139
-0.257072,-0.194887
-0.308501,-0.152728
-0.313023,-0.161473
-0.253583,-0.08717
-0.159334,-0.164342
-0.106664,-0.177481
-0.06033,-0.047254
-0.011394,-0.005908
-0.095759,0.092168
-0.053577,0.04313
-0.096158,-0.001534
-0.080714,0.041875
-0.093518,-0.019425
-0.035891,-0.025054
-0.120257,0.073022
-0.104812,0.116431
-0.016695,0.103918
-0.106002,0.191542
-0.041192,0.084772
-0.141401,0.045736
-0.099218,-0.003302
-0.117303,-0.02882
-0.159486,0.020218
-0.011332,0.125073
-0.042519,0.03894
-0.085,0.088664
0.11462,-0.020668
0.096697,0.014183
0.176296,-0.106419
0.207185,-0.0196
0.361982,-0.062005
0.386537,-0.118864
0.3594,-0.120119
0.373111,-0.094966
0.365311,-0.100407
0.380756,-0.056998
0.302742,-0.105231
0.370253,-0.089955
0.412436,-0.138993
0.370253,-0.089955
0.370253,-0.089955
0.412436,-0.138993
0.423554,-0.045957
0.4386,-0.096251
0.481182,-0.051586
0.497992,0.083121
0.536376,0.119701
0.582756,0.078747
0.540573,0.127785
0.498391,0.176823
0.435908,0.243991
0.435908,0.243991
0.409362,0.200286
0.409362,0.200286
0.446498,0.348941
0.315799,0.316789
0.373426,0.31116
0.634824,0.375464
0.634824,0.375464
0.567909,0.320883
0.618685,0.359221
0.518875,0.413887
0.535286,0.454891
0.535286,0.454891
0.535286,0.454891
0.651508,0.441229
0.67566,0.452656
0.652475,0.438824
0.593881,0.446858
0.592914,0.449263
0.593881,0.446858
0.651508,0.441229
0.680256,0.38991
0.714698,0.37045
0.744084,0.414947
0.629927,0.347076
0.574553,0.308937
0.518211,0.273203
0.459507,0.237731
0.402198,0.204402
0.573157,0.306795
0.689379,0.293133
0.631103,0.262209
0.575705,0.219206
0.514552,0.20036
0.632357,0.226604
0.574082,0.19568
0.688699,0.262339
0.746007,0.295668
0.746975,0.293263
0.760253,0.238822
0.817562,0.272151
0.862052,0.35871
0.91936,0.39204
0.921294,0.38723
0.924195,0.380015
0.923228,0.38242
0.921294,0.38723
0.887625,0.340426
0.88956,0.335616
0.925163,0.37761
0.923228,0.38242
0.92613,0.375205
0.927097,0.3728
0.929031,0.36799
0.928064,0.370395
0.870974,0.346888
0.870974,0.346888
0.833793,0.365899
0.874842,0.337268
0.874842,0.337268
0.854934,0.294749
0.837201,0.357491
0.836694,0.358684
0.876776,0.332458
0.877743,0.330053
0.897652,0.372572
0.899586,0.367762
0.754428,0.26497
0.691606,0.237363
0.776047,0.313091
0.750406,0.266472
0.723798,0.222259
0.598326,0.172398
0.461313,0.188165
0.495421,0.171017
0.586785,0.238027
0.587752,0.235622
0.576212,0.301251
0.358862,0.364119
0.404508,0.409025
0.563165,0.33079
0.475328,0.439252
0.432078,0.459179
0.38239,0.546224
0.289453,0.525512
0.218257,0.569833
0.180108,0.59125
0.180108,0.59125
0.280598,0.549954
0.252032,0.501772
0.303586,0.492549
0.379883,0.449717
0.443498,0.447625
0.481646,0.426209
0.564262,0.31444
0.561162,0.285582
0.487965,0.357272
0.517379,0.362116
0.534594,0.375129
0.449318,0.456806
0.49998,0.33552
0.499786,0.300569
0.571106,0.241845
0.574206,0.270702
0.543035,0.280642
0.605915,0.316405
0.625545,0.372094
0.677809,0.334834
0.712858,0.28456
0.693228,0.22887
0.751691,0.249325
0.728961,0.164778
0.756348,0.139799
0.781025,0.155865
0.811706,0.194695
0.811901,0.229646
0.820043,0.275647
0.797747,0.274415
0.799682,0.245795
0.810538,0.193985
0.806854,0.26927
0.80666,0.234319
0.80666,0.234319
0.824494,0.171032
0.840387,0.136079
0.845229,0.117986
0.842034,0.141233
0.815426,0.09702
0.842034,0.141233
0.761843,0.168326
0.839812,0.235221
0.832834,0.246697
0.772136,0.292334
0.81654,0.178125
0.79691,0.122435
0.805644,0.096175
0.805644,0.096175
0.765877,0.01283
0.761189,0.056936
0.794737,-0.005463
0.807116,0.10286
0.775143,0.068254
0.764145,0.132979
0.790737,0.144482
0.811147,0.13098
0.805102,0.083465
0.795859,0.133406
0.804592,0.107146
0.80069,0.076386
0.855074,0.165523
0.855074,0.165523
0.861233,0.119434
0.86936,0.116648
0.864688,0.114411
0.853439,0.007671
0.860417,-0.003806
0.853439,0.007671
0.854023,-0.096472
0.842388,0.02453
0.837731,0.134056
0.77689,0.158856
0.781972,0.24336
0.781972,0.24336
0.785544,0.132151
0.774688,0.183961
0.777788,0.212819
0.788101,0.160166
0.817939,0.158297
0.824375,0.145979
0.82329,0.144296
0.83833,0.123027
0.842775,0.049179
0.850059,0.108578
0.84386,0.050862
0.847707,-0.059928
0.847707,-0.059928
0.854685,-0.071404
0.843829,-0.019594
0.844333,-0.089204
0.838677,-0.146078
0.839762,-0.144394
0.843404,-0.114695
0.842625,-0.045503
0.839525,-0.074361
0.850618,-0.196205
0.847519,-0.225062
0.848298,-0.294254
0.821875,-0.406962
0.790568,-0.473379
0.791111,-0.472537
0.79189,-0.541729
0.79189,-0.541729
0.79189,-0.541729
0.816534,-0.526228
0.816534,-0.526228
0.784633,-0.541732
0.777376,-0.541735
0.764101,-0.537336
0.764101,-0.537336
0.718924,-0.54844
0.764101,-0.537336
0.715824,-0.577298
0.670648,-0.588402
0.670648,-0.588402
0.705284,-0.587881
0.73992,-0.587359
0.708019,-0.602863
0.785097,-0.576255
0.795917,-0.581918
0.806458,-0.571335
0.712809,-0.580807
0.692222,-0.526453
0.692222,-0.526453
0.551293,-0.453273
0.491453,-0.472099
0.486436,-0.501263
0.525194,-0.503602
0.514654,-0.514185
0.580364,-0.490665
0.594407,-0.546117
0.53888,-0.567915
0.599988,-0.579724
0.610943,-0.575306
0.577425,-0.576456
0.657867,-0.620041
0.656641,-0.630847
0.711879,-0.647349
0.663978,-0.681741
0.758091,-0.625328
0.768631,-0.614745
0.758091,-0.625328
0.762059,-0.622401
0.7726,-0.611818
0.793299,-0.585975
0.799872,-0.578318
0.814701,-0.557168
0.814701,-0.557168
0.758407,-0.557612
0.814701,-0.557168
0.751488,-0.584509
0.700645,-0.544774
0.658968,-0.528456
0.668308,-0.516677
0.72221,-0.512981
0.637108,-0.537969
0.632375,-0.599854
0.608808,-0.620093
0.56339,-0.621786
0.466817,-0.639663
0.424266,-0.652156
0.385758,-0.692497
0.428789,-0.670673
0.407772,-0.610804
0.351434,-0.613604
0.363269,-0.644514
0.527826,-0.643273
0.507525,-0.670164
0.499863,-0.676277
0.566069,-0.665639
0.497305,-0.674215
0.604022,-0.592414
0.577443,-0.526023
0.571804,-0.506004
0.576474,-0.500114
0.601081,-0.528411
0.594457,-0.567563
0.525133,-0.581222
0.544205,-0.616266
0.595933,-0.602126
0.609899,-0.651004
0.549243,-0.610238
0.622201,-0.630071
0.631169,-0.623653
0.653774,-0.604926
0.648765,-0.624134
0.681673,-0.607613
0.677003,-0.613503
0.681673,-0.607613
0.670998,-0.610768
0.684674,-0.607685
0.684674,-0.607685
0.680004,-0.613574
0.713657,-0.586333
0.713657,-0.586333
0.649665,-0.560081
0.644071,-0.561211
0.658081,-0.543542
0.673525,-0.619168
0.673525,-0.619168
0.674449,-0.623928
0.729101,-0.661959
0.713243,-0.670107
0.692715,-0.684145
0.683376,-0.695923
0.708573,-0.675997
0.661604,-0.717798
0.660026,-0.725371
0.645092,-0.738279
0.660924,-0.730157
0.660924,-0.730157
0.61528,-0.691421
0.628045,-0.68159
0.628045,-0.68159
0.587996,-0.687069
0.572111,-0.649898
0.58612,-0.63223
0.571186,-0.645138
0.566517,-0.651028
0.615425,-0.67741
0.646216,-0.656353
0.639045,-0.665055
0.634375,-0.670945
0.681478,-0.716093
0.681478,-0.716093
0.67415,-0.71974
0.66095,-0.730131
0.66095,-0.730131
0.66095,-0.730131
0.655356,-0.73126
0.653141,-0.682182
0.642877,-0.689201
0.66095,-0.730131
0.675884,-0.717223
0.683055,-0.708521
0.701082,-0.697296
0.695488,-0.698425
0.675884,-0.717223
0.710421,-0.685517
0.725355,-0.672609
0.689338,-0.620438
0.717037,-0.597698
0.721707,-0.591809
0.731047,-0.58003
0.728878,-0.583107
0.739346,-0.56982
0.767365,-0.534483
0.766237,-0.535991
0.7163,-0.492467
0.698376,-0.507532
0.693706,-0.513421
0.745479,-0.553604
0.685618,-0.522475
0.685618,-0.522475
0.680949,-0.528365
0.78635,-0.604594
0.79102,-0.598704
0.792582,-0.599676
0.792582,-0.599676
0.700377,-0.611627
0.753484,-0.596818
0.748814,-0.602707
0.705047,-0.605738
0.748814,-0.602707
0.753484,-0.596818
0.758154,-0.590928
0.758154,-0.590928
0.758154,-0.590928
0.733663,-0.582878
0.728993,-0.588768
0.790413,-0.602753
0.804423,-0.585085
0.816264,-0.570493
0.818432,-0.567416
0.813763,-0.573306
0.818432,-0.567416
0.823102,-0.561527
0.832442,-0.549748
0.830274,-0.552825
0.788176,-0.565529
0.788176,-0.565529
0.790344,-0.562452
0.740736,-0.559801
0.683019,-0.537003
0.83652,-0.541601
0.838688,-0.538524
0.843358,-0.532635
0.843358,-0.532635
0.843358,-0.532635
0.84119,-0.535711
0.843358,-0.532635
0.845527,-0.529558
0.846452,-0.53208
0.846452,-0.53208
0.800654,-0.54281
0.846452,-0.53208
0.846452,-0.53208
0.84862,-0.529003
0.78856,-0.521451
0.78856,-0.521451
0.747997,-0.534808
0.747997,-0.534808
0.707434,-0.548165
0.771193,-0.528705
0.811756,-0.515347
0.808057,-0.54236
0.747296,-0.532248
0.747296,-0.532248
0.787859,-0.518891
0.727098,-0.508778
0.727098,-0.508778
0.666337,-0.498666
0.605576,-0.488554
0.605576,-0.488554
0.544815,-0.478442
0.423293,-0.458217
0.362532,-0.448105
0.255035,-0.448122
0.180248,-0.417768
0.241009,-0.42788
0.30177,-0.437992
0.30177,-0.437992
0.30177,-0.437992
0.30177,-0.437992
0.362532,-0.448105
0.34409,-0.462317
0.587134,-0.502767
0.587134,-0.502767
0.647895,-0.512879
0.666337,-0.498666
0.625021,-0.511715
0.644467,-0.534875
0.685782,-0.521827
0.625021,-0.511715
0.685782,-0.521827
0.685782,-0.521827
0.685782,-0.521827
0.685782,-0.521827
0.746543,-0.531939
0.705228,-0.544988
0.702661,-0.506151
0.5472,-0.469518
0.5472,-0.469518
0.493814,-0.429948
0.437862,-0.351542
0.469378,-0.427321
0.469378,-0.427321
0.457308,-0.374703
0.51326,-0.453109
0.498623,-0.361654
0.498623,-0.361654
0.520636,-0.423651
0.365712,-0.389048
0.448343,-0.362951
0.365712,-0.389048
0.384619,-0.410178
0.448095,-0.344721
0.443111,-0.278845
0.455181,-0.331463
0.36048,-0.304942
0.546628,-0.36226
0.544062,-0.323424
0.558698,-0.414879
0.517383,-0.427927
0.473501,-0.402139
0.470934,-0.363303
0.394697,-0.43186
0.392131,-0.393024
0.348249,-0.367236
0.265618,-0.393333
0.336127,-0.321335
0.348249,-0.367236
0.227195,-0.407455
0.183313,-0.381667
0.204637,-0.402405
0.410719,-0.277277
0.398649,-0.224659
0.551213,-0.211033
0.633674,-0.087288
0.638638,-0.067312
0.599889,-0.119197
0.559895,-0.162287
0.571016,-0.164884
0.612331,-0.151835
0.648673,-0.158619
0.582296,-0.264985
0.564527,-0.253817
0.61057,-0.097446
0.643162,-0.022989
0.731045,-0.066508
0.715197,-0.207233
0.761476,-0.174208
0.740185,-0.205002
0.791428,-0.152001
0.784326,-0.108633
0.745577,-0.160517
0.753107,-0.179378
0.799386,-0.146353
0.706828,-0.212402
0.806916,-0.165214
0.760637,-0.198238
0.765601,-0.178262
0.741316,-0.159518
0.704964,-0.152591
0.704964,-0.152591
0.746927,-0.137279
0.794851,-0.141821
0.746433,-0.111501
0.739399,-0.071469
0.739399,-0.071469
0.751464,-0.094861
0.686017,-0.061125
0.668988,-0.057708
0.703114,-0.067878
0.700976,-0.004533
0.654832,-0.04423
0.562206,-0.106942
0.508825,-0.096598
0.54509,-0.170112
0.696128,-0.101104
0.708261,-0.127833
0.708396,-0.134506
0.662049,-0.164194
0.661982,-0.160858
0.615846,-0.198886
0.523288,-0.264934
0.523212,-0.263267
0.565798,-0.213969
0.658296,-0.142915
0.592097,-0.140202
0.453395,-0.245948
0.194016,-0.354648
0.283206,-0.28676
0.365121,-0.307987
0.384214,-0.326672
0.429917,-0.289362
0.410612,-0.225361
0.39957,-0.190802
0.353291,-0.223826
0.239519,-0.272072
0.290614,-0.200579
0.19798,-0.26496
0.207877,-0.293361
0.254156,-0.260337
0.401253,-0.190808
0.404084,-0.197524
0.228682,-0.166088
0.291708,-0.231895
0.212848,-0.348545
0.159188,-0.377243
0.057067,-0.406576
-0.008987,-0.391843
0.020863,-0.419739
0.157511,-0.361825
0.100359,-0.42451
0.100359,-0.42451
0.040381,-0.406932
0.08666,-0.373908
0.240939,-0.243016
0.330582,-0.184959
0.241738,-0.233217
0.22253,-0.296654
0.321133,-0.274512
0.233645,-0.316113
0.321995,-0.231398
0.426141,-0.188342
0.486119,-0.20592
0.462345,-0.175179
0.508624,-0.142155
0.568602,-0.159732
0.568602,-0.159732
0.646035,-0.161775
0.640788,-0.108069
0.594509,-0.141093
0.472065,-0.26658
0.592799,-0.252064
0.592799,-0.252064
0.442783,-0.297539
0.489062,-0.264515
0.542053,-0.168793
0.641687,-0.079763
0.584229,-0.05919
0.472812,-0.123101
0.415355,-0.102528
0.256914,-0.177725
0.389148,-0.238804
0.355288,-0.22123
0.29783,-0.200657
0.29783,-0.200657
0.251551,-0.233681
0.156021,-0.39929
0.123893,-0.386352
0.112714,-0.332754
0.123893,-0.386352
0.244561,-0.268339
0.216451,-0.320304
0.119005,-0.279432
0.069198,-0.245751
0.003316,-0.254899
0.107288,-0.264212
0.040248,-0.368326
-0.090165,-0.437678
-0.129471,-0.440424
-0.215411,-0.508502
-0.253334,-0.547688
-0.236804,-0.48412
-0.25867,-0.380367
-0.268601,-0.327459
-0.159866,-0.208429
-0.063132,-0.176083
-0.121838,-0.15482
-0.156996,-0.101573
-0.190049,-0.221619
-0.223102,-0.341666
-0.313188,-0.263732
-0.290065,-0.090777
-0.435252,-0.001315
-0.405488,0.058194
-0.468788,0.159478
-0.484504,0.153228
-0.568495,0.314699
-0.543268,0.31436
-0.51804,0.314021
-0.554447,0.367958
-0.485413,0.25666
-0.499724,0.254415
-0.477366,0.147219
-0.44096,0.093283
-0.430044,0.090698
-0.477629,0.198233
-0.468468,0.195806
-0.466712,0.195648
-0.481023,0.193403
-0.455796,0.193064
-0.455796,0.193064
-0.492202,0.247
-0.470107,0.190818
-0.382983,0.08519
-0.375199,0.026762
-0.397294,0.082945
-0.404326,0.081035
-0.448517,0.1934
-0.324987,0.033835
-0.347083,0.090017
-0.265237,-0.019595
-0.274044,-0.037909
-0.285577,0.034512
-0.297688,-0.018183
-0.342901,0.01744
-0.233909,-0.124317
-0.197503,-0.178254
-0.115884,-0.267814
-0.170855,-0.143366
-0.134449,-0.197303
-0.02523,-0.359113
0.038548,-0.465247
0.056389,-0.448673
0.138008,-0.538232
0.205524,-0.45306
0.188576,-0.420125
0.061447,-0.32539
0.102077,-0.344836
0.016234,-0.289767
0.016234,-0.289767
-0.006428,-0.359894
0.084225,-0.451193
0.070371,-0.503006
0.059317,-0.518961
0.079245,-0.535593
0.08331,-0.531949
0.129769,-0.562082
0.097427,-0.504502
0.097427,-0.504502
0.124019,-0.559604
0.124019,-0.559604
0.220414,-0.602553
0.211481,-0.53836
0.234889,-0.531746
0.243823,-0.59594
0.225095,-0.597607
0.206367,-0.599274
0.164312,-0.559222
0.181411,-0.652489
0.176123,-0.576059
0.139717,-0.522122
0.28232,-0.661496
0.295617,-0.723596
0.313278,-0.783603
0.338589,-0.778875
0.345877,-0.717162
0.328216,-0.657155
0.33258,-0.655061
0.323646,-0.590868
0.319283,-0.592961
0.336943,-0.652968
0.33764,-0.539231
0.350937,-0.601331
0.259072,-0.55909
0.198051,-0.478874
0.245881,-0.496249
0.204486,-0.569046
0.114989,-0.492629
0.128286,-0.554729
0.107472,-0.646962
0.138923,-0.62307
0.143287,-0.620976
0.050708,-0.565393
-0.006163,-0.512858
0.024738,-0.42487
0.027326,-0.488581
-0.027637,-0.367439
-0.018704,-0.431632
-0.067816,-0.395517
-0.112564,-0.357309
-0.193127,-0.345085
-0.224902,-0.287084
-0.126472,-0.427695
-0.07279,-0.530098
-0.085764,-0.54989
-0.116066,-0.546858
-0.116066,-0.546858
-0.095026,-0.513328
-0.076323,-0.547153
-0.061876,-0.58233
-0.046021,-0.550184
-0.135517,-0.473767
-0.282383,-0.376862
-0.366629,-0.357914
-0.367406,-0.364398
-0.381075,-0.322737
-0.381075,-0.322737
-0.381852,-0.329221
-0.427377,-0.297495
-0.426601,-0.291012
-0.336327,-0.360946
-0.291579,-0.399155
-0.366629,-0.357914
-0.352183,-0.393092
-0.307434,-0.4313
-0.336959,-0.421786
-0.159037,-0.611944
-0.203785,-0.573736
-0.157628,-0.544621
-0.261773,-0.434014
-0.172277,-0.510431
-0.15783,-0.545609
-0.202579,-0.5074
-0.143046,-0.550787
-0.13623,-0.587962
-0.137165,-0.596275
-0.181914,-0.558066
-0.182318,-0.56004
-0.211654,-0.520178
-0.214767,-0.568845
-0.19925,-0.566698
-0.207272,-0.595859
-0.162186,-0.604068
-0.132753,-0.643437
-0.117235,-0.64129
-0.078578,-0.672622
-0.06306,-0.670475
-0.067751,-0.605974
0.01493,-0.645216
0.000145,-0.640038
-0.076617,-0.550591
-0.061968,-0.584781
-0.07166,-0.573217
0.054157,-0.621319
0.031223,-0.697488
0.015705,-0.699635
0.10142,-0.800601
0.094486,-0.820478
0.063452,-0.824772
0.124903,-0.747555
0.150694,-0.689769
0.101755,-0.7517
0.101755,-0.7517
0.150251,-0.701176
0.208721,-0.874042
0.18293,-0.931828
0.244999,-0.92324
0.265498,-0.947353
0.273129,-0.945355
0.209348,-0.890698
0.163268,-0.89538
0.163052,-0.898987
0.137164,-0.826942
0.158645,-0.884514
0.19731,-0.878222
0.181793,-0.880369
0.180427,-0.954941
0.16491,-0.957088
0.207489,-0.95548
0.203709,-0.957248
0.203709,-0.957248
0.238524,-0.951186
0.234394,-0.95011
0.249911,-0.947963
0.24228,-0.949961
0.234649,-0.951959
0.184317,-0.960167
0.222913,-0.952338
0.219482,-0.95695
0.230987,-0.954179
0.268014,-0.937601
0.275995,-0.938447
0.307029,-0.934153
0.300946,-0.868886
0.267958,-0.808989
0.261619,-0.741873
0.247649,-0.676755
0.215789,-0.623446
0.21358,-0.557406
0.185759,-0.427623
0.168033,-0.36373
0.165824,-0.29769
0.173455,-0.295692
0.208907,-0.423478
0.173455,-0.295692
0.18355,-0.361583
0.191181,-0.359585
0.193646,-0.427474
0.192354,-0.496588
0.202449,-0.562479
0.220175,-0.626372
0.221467,-0.557257
0.246681,-0.46479
0.272038,-0.526685
0.23905,-0.466788
0.199327,-0.608722
0.217053,-0.672614
0.282276,-0.746938
0.27218,-0.681047
0.27218,-0.681047
0.289906,-0.74494
0.289906,-0.74494
0.27218,-0.681047
0.27218,-0.681047
0.264189,-0.789426
0.264189,-0.789426
0.264189,-0.789426
0.281915,-0.853319
0.289546,-0.851321
0.289546,-0.851321
0.311776,-0.932909
0.311776,-0.932909
0.311776,-0.932909
0.335454,-0.938616
0.350715,-0.93462
0.350715,-0.93462
0.350715,-0.93462
0.358346,-0.932622
0.358346,-0.932622
0.365977,-0.930624
0.386632,-0.893972
0.386632,-0.893972
0.374514,-0.925701
0.374514,-0.925701
0.374514,-0.925701
0.374514,-0.925701
0.374514,-0.925701
0.366652,-0.92773
0.366652,-0.92773
0.329238,-0.871916
0.329238,-0.871916
0.268394,-0.755941
0.301146,-0.813204
0.293284,-0.815233
0.326037,-0.872496
0.28918,-0.832126
0.314117,-0.820252
0.30558,-0.825174
0.316624,-0.78902
0.308086,-0.793943
0.308086,-0.793943
0.347248,-0.711789
0.347248,-0.711789
0.305284,-0.559194
0.39061,-0.632454
0.375889,-0.643817
0.345309,-0.721012
0.296902,-0.636727
0.302035,-0.67793
0.302035,-0.67793
0.355336,-0.711313
0.344338,-0.747431
0.344338,-0.747431
0.35292,-0.742472
0.316174,-0.793466
0.261902,-0.786503
0.253319,-0.791461
0.253319,-0.791461
0.149607,-0.715215
0.192881,-0.758296
0.192881,-0.758296
0.149607,-0.715215
0.149607,-0.715215
0.192881,-0.758296
0.236155,-0.801378
0.279429,-0.84446
0.322703,-0.887542
0.322703,-0.887542
0.322703,-0.887542
0.322703,-0.887542
0.322703,-0.887542
0.365977,-0.930624
0.365977,-0.930624
0.365977,-0.930624
0.365977,-0.930624
0.365977,-0.930624
0.365977,-0.930624
0.365977,-0.930624
0.365977,-0.930624
0.365977,-0.930624
0.365977,-0.930624
0.359542,-0.932434
0.359542,-0.932434
0.359542,-0.932434
0.359542,-0.932434
0.353106,-0.934245
0.308516,-0.895353
0.330023,-0.88169
0.365977,-0.930624
0.365977,-0.930624
0.365977,-0.930624
0.365977,-0.930624
0.365977,-0.930624
0.362199,-0.931855
0.362199,-0.931855
0.365977,-0.930624
0.365977,-0.930624
0.365977,-0.930624
0.365977,-0.930624
0.374811,-0.925463
0.374811,-0.925463
0.365977,-0.930624
0.365977,-0.930624
0.365977,-0.930624
0.365977,-0.930624
0.365977,-0.930624
0.365977,-0.930624
0.365977,-0.930624
0.365977,-0.930624
0.365977,-0.930624
0.320444,-0.899618
0.320444,-0.899618
0.320444,-0.899618
0.320444,-0.899618
0.288904,-0.840606
0.260203,-0.780624
0.243579,-0.712462
0.317813,-0.803451
0.2573,-0.685495
0.225902,-0.657826
0.170721,-0.562845
0.109862,-0.559015
0.109702,-0.529031
0.174741,-0.544536
0.203247,-0.604594
0.141109,-0.4879
0.087156,-0.485971
0.083502,-0.526296
-0.001603,-0.491434
-0.045272,-0.47202
-0.039799,-0.414758
-0.076136,-0.459236
-0.081614,-0.4888
-0.063688,-0.368322
-0.145954,-0.350697
-0.145994,-0.327741
-0.216662,-0.247718
-0.317461,-0.154174
-0.374864,-0.034209
-0.410515,-0.055348
-0.396625,-0.132868
-0.367854,-0.085843
-0.353159,0.000561
-0.281333,-0.102018
-0.353549,0.00041
-0.365678,-0.039188
-0.336132,0.041798
-0.295086,0.2286
-0.314573,0.332285
-0.327398,0.412627
-0.342405,0.395014
-0.286703,0.179688
-0.214919,0.26895
-0.264347,0.303109
-0.29021,0.364062
-0.29021,0.364062
-0.356187,0.476726
-0.290523,0.364096
-0.295333,0.360765
-0.32384,0.420823
-0.295333,0.360765
-0.24081,0.303691
-0.177863,0.316467
-0.279187,0.560855
-0.279187,0.560855
-0.276697,0.497812
-0.333171,0.555532
-0.333171,0.555532
-0.276157,0.435415
-0.276157,0.435415
-0.304664,0.495474
-0.309474,0.492142
-0.294926,0.50898
-0.318623,0.57237
-0.271854,0.561289
-0.265684,0.600789
-0.354273,0.673098
-0.325767,0.613039
-0.354273,0.673098
-0.38759,0.729824
-0.36226,0.667306
-0.410021,0.824413
-0.387698,0.835231
-0.402034,0.830205
-0.35823,0.829177
-0.35823,0.829177
-0.402034,0.830205
-0.409927,0.829383
-0.409927,0.829383
-0.405117,0.832715
-0.357737,0.81631
-0.157198,0.706358
-0.137943,0.697503
0.032718,0.556911
0.03403,0.535696
-0.015522,0.493778
-0.02737,0.476076
-0.075785,0.442148
-0.035598,0.404235
0.024081,0.304779
0.026017,0.279044
0.173641,0.201722
0.184409,0.1746
0.143162,0.22397
0.221513,0.131748
0.235894,0.076553
0.180546,0.197671
0.300974,0.176659
0.31785,0.119092
0.267621,0.065574
0.253155,0.108498
0.272983,0.121753
0.349743,0.198484
0.302871,0.233453
0.372647,0.220009
0.356743,0.290239
0.317021,0.184244
0.255259,0.17552
0.356064,0.158308
0.462723,0.145848
0.439927,0.204103
0.445897,0.207937
0.399912,0.22076
0.424496,0.22393
0.473165,0.204784
0.431233,0.293493
0.51468,0.215629
0.49,0.241615
0.501743,0.179661
0.614511,0.045867
0.646563,0.085557
0.717961,0.133887
0.683603,0.094231
0.708283,0.068244
0.72299,0.102654
0.745722,0.107816
0.728174,0.102222
0.708482,0.097193
0.708482,0.097193
0.530665,-0.043471
0.531644,-0.143206
0.653574,-0.199788
0.584818,-0.278883
0.604468,-0.273636
0.604468,-0.273636
0.589761,-0.308046
0.564819,-0.343543
0.471511,-0.398938
0.554932,-0.285217
0.540225,-0.319626
0.456804,-0.433348
0.510812,-0.388446
0.554932,-0.285217
0.565167,-0.284129
0.594978,-0.246918
0.59482,-0.150253
0.492568,-0.272292
0.501825,-0.171469
0.561466,-0.168359
0.561466,-0.168359
0.648953,-0.220898
0.624831,-0.259466
0.568537,-0.249819
0.64266,-0.187161
0.732178,-0.123269
0.712925,-0.160123
0.761376,-0.083759
0.727019,-0.123415
0.721859,-0.123562
0.687502,-0.163218
0.653144,-0.202874
0.653144,-0.202874
0.687502,-0.163218
0.687502,-0.163218
0.702606,-0.160416
0.672397,-0.166019
0.603683,-0.245331
0.672397,-0.166019
0.672397,-0.166019
0.63804,-0.205675
0.672397,-0.166019
0.706754,-0.126363
0.706754,-0.126363
0.741112,-0.086707
0.775469,-0.047051
0.809826,-0.007395
0.775469,-0.047051
0.775469,-0.047051
0.844184,0.03226
0.844184,0.03226
0.878541,0.071916
0.878541,0.071916
0.878541,0.071916
0.912898,0.111572
0.912898,0.111572
0.981613,0.190884
0.981613,0.190884
0.981613,0.190884
0.981613,0.190884
0.981613,0.190884
0.981613,0.190884
0.978568,0.199702
0.981613,0.190884
0.981613,0.190884
0.981613,0.190884
0.981613,0.190884
0.981613,0.190884
0.981613,0.190884
0.977623,0.16762
0.977623,0.16762
0.972326,0.142308
0.976316,0.165572
0.976316,0.165572
0.971019,0.14026
0.971019,0.14026
0.968347,0.136884
0.967023,0.141719
0.961726,0.116407
0.961726,0.116407
0.969694,0.145096
0.969694,0.145096
0.974991,0.170408
0.974991,0.170408
0.974991,0.170408
0.975483,0.166877
0.970186,0.141566
0.970186,0.141566
0.969571,0.180325
0.969571,0.180325
0.969571,0.180325
0.969078,0.183856
0.969078,0.183856
0.969078,0.183856
0.96449,0.192468
0.976316,0.165572
0.981613,0.190884
0.981613,0.190884
0.981613,0.190884
0.918696,0.170403
0.918696,0.170403
0.918696,0.170403
0.914006,0.146001
0.914006,0.146001
0.914006,0.146001
0.914006,0.146001
0.90095,0.112723
0.823918,0.084668
0.89989,0.138426
0.89989,0.138426
0.831224,0.119246
0.767249,0.124469
0.626241,0.101635
0.562265,0.106858
0.758883,0.115593
0.814492,0.101495
0.807535,0.097593
0.807535,0.097593
0.92243,0.053871
0.896318,-0.012685
0.92243,0.053871
0.896318,-0.012685
0.850191,-0.116421
0.850191,-0.116421
0.859886,-0.085302
0.853787,-0.114679
0.883261,-0.045963
0.850295,0.019194
0.850295,0.019194
0.81037,0.080451
0.797314,0.047173
0.81037,0.080451
0.863351,0.052472
0.797314,0.047173
0.9555,0.124328
0.9555,0.124328
0.9555,0.124328
0.9555,0.124328
0.968556,0.157606
0.954159,0.123398
0.967215,0.156676
0.905001,0.165845
0.905001,0.165845
0.919399,0.200053
0.919399,0.200053
0.919399,0.200053
0.919399,0.200053
0.919399,0.200053
0.913271,0.173592
0.87712,0.134073
0.84097,0.094554
0.84097,0.094554
0.847098,0.121015
0.704039,0.098411
0.694816,0.124955
0.75703,0.115786
0.75703,0.115786
0.75703,0.115786
0.813692,0.145342
0.849843,0.184861
0.915728,0.187873
0.849843,0.184861
0.783958,0.181849
0.783958,0.181849
0.849843,0.184861
0.767502,0.124034
0.767502,0.124034
0.849843,0.184861
0.849843,0.184861
0.849843,0.184861
0.84524,0.196402
0.84524,0.196402
0.840636,0.207942
0.911124,0.199413
0.977009,0.202425
0.923822,0.222372
0.923822,0.222372
0.977009,0.202425
0.977009,0.202425
0.977009,0.202425
0.977009,0.202425
0.977009,0.202425
0.977009,0.202425
0.977009,0.202425
0.981613,0.190884
0.981613,0.190884
0.981613,0.190884
0.956156,0.124813
0.956156,0.124813
0.967544,0.156895
0.967544,0.156895
0.967544,0.156895
0.967544,0.156895
0.953476,0.122906
0.953476,0.122906
0.953476,0.122906
0.918836,0.083265
0.918494,0.068981
0.967202,0.142611
0.953134,0.108621
0.953476,0.122906
0.967966,0.154092
0.967544,0.156895
0.967544,0.156895
0.967544,0.156895
0.981613,0.190884
0.981613,0.190884
0.981613,0.190884
0.981613,0.190884
0.981613,0.190884
0.981613,0.190884
0.981613,0.190884
0.981613,0.190884
0.981613,0.190884
0.981613,0.190884
0.87062,0.133916
0.87062,0.133916
0.960861,0.153411
0.981613,0.190884
0.981613,0.190884
0.981613,0.190884
0.981613,0.190884
0.981613,0.190884
0.982218,0.185225
0.941002,0.14663
0.941002,0.14663
0.941607,0.14097
0.943424,0.123993
0.920703,0.136444
0.920097,0.142103
0.985669,0.154112
0.985669,0.154112
0.985851,0.15127
0.985245,0.156929
0.985245,0.156929
0.98464,0.162588
0.926528,0.190488
0.926528,0.190488
0.927739,0.179169
0.925777,0.182712
0.982678,0.166131
0.982824,0.179566
0.982824,0.179566
0.983429,0.173907
0.981484,0.180349
0.981484,0.180349
0.952185,0.140829
0.922281,0.106968
0.924226,0.100526
0.953525,0.140046
0.952919,0.145705
0.952919,0.145705
0.92362,0.106185
0.895662,0.101264
0.904442,0.156732
0.872873,0.117017
0.842439,0.077399
0.872873,0.117017
0.842439,0.077399
0.85179,-0.013067
0.85179,-0.013067
0.766774,-0.105251
0.797208,-0.065633
0.858077,0.013602
0.827642,-0.026016
0.858077,0.013602
0.886712,0.034408
0.888511,0.05322
0.918945,0.092837
0.949379,0.132455
0.949379,0.132455
0.949379,0.132455
0.951178,0.151267
0.951178,0.151267
0.951178,0.151267
0.951729,0.142875
0.951178,0.151267
0.89031,0.072031
0.89031,0.072031
0.951178,0.151267
0.920744,0.111649
0.951178,0.151267
0.920744,0.111649
0.859876,0.032414
0.829441,-0.007204
0.829441,-0.007204
0.89031,0.072031
0.920744,0.111649
0.920744,0.111649
0.89031,0.072031
0.920555,0.112554
0.920555,0.112554
0.945479,0.126554
0.981613,0.190884
0.981613,0.190884
0.981613,0.190884
0.93192,0.155833
0.93192,0.155833
0.93192,0.155833
0.93192,0.155833
0.882227,0.120781
0.882227,0.120781
0.93192,0.155833
0.963573,0.154595
0.961924,0.160301
0.961924,0.160301
0.960275,0.166008
0.956218,0.177176
0.95457,0.182882
0.938179,0.140887
0.927075,0.155509
0.945114,0.191798
0.963154,0.228087
0.963154,0.228087
0.960301,0.236524
0.960301,0.236524
0.963154,0.228087
0.960301,0.236524
0.954595,0.253399
0.944695,0.26529
0.941842,0.273727
0.944695,0.26529
0.947548,0.256852
0.950401,0.248415
0.950401,0.248415
0.936819,0.189008
0.914863,0.206589
0.914863,0.206589
0.877301,0.252935
0.941198,0.245668
0.941198,0.245668
0.941198,0.245668
0.941198,0.245668
0.913536,0.280123
0.941198,0.245668
0.941198,0.245668
0.941198,0.245668
0.888567,0.212325
0.863759,0.238343
0.929142,0.251358
0.927513,0.218846
0.931995,0.24292
0.882377,0.294956
0.882377,0.294956
0.870657,0.219465
0.895466,0.193447
0.834128,0.169992
0.828995,0.182338
0.853804,0.15632
0.858937,0.143974
0.858937,0.143974
0.797599,0.120519
0.858937,0.143974
0.981613,0.190884
0.981613,0.190884
0.981613,0.190884
0.981613,0.190884
0.981613,0.190884
0.981613,0.190884
0.981613,0.190884
0.981613,0.190884
0.92438,0.161933
0.92438,0.161933
0.920576,0.172151
0.921462,0.152906
0.871723,0.117882
0.821619,0.093289
0.725968,0.02129
0.829112,0.087216
0.929114,0.148449
0.932918,0.138231
0.932918,0.138231
0.833982,0.116703
0.833982,0.116703
0.833459,0.125518
0.833459,0.125518
0.832936,0.134332
0.783197,0.099308
0.832916,0.076998
0.832916,0.076998
0.883051,0.109459
0.883051,0.109459
0.932791,0.144483
0.931381,0.156823
0.930985,0.159386
0.914879,0.191767
0.980725,0.19441
0.980725,0.19441
0.980725,0.19441
0.981613,0.190884
0.981613,0.190884
0.981613,0.190884
0.981613,0.190884
0.94201,0.132414
0.940075,0.113271
0.940075,0.113271
0.870455,0.064136
0.774688,0.062625
0.772753,0.043481
0.745606,0.042115
0.745606,0.042115
0.879486,0.07324
0.822375,-0.001182
0.919142,0.049318
0.904337,0.032845
0.904337,0.032845
0.904337,0.032845
0.919142,0.049318
0.921077,0.068461
0.88264,0.048798
0.880706,0.029655
0.878771,0.010511
0.877281,-0.018346
0.917651,0.02046
0.9552,0.059551
0.957134,0.078695
0.953265,0.040408
0.953265,0.040408
0.899267,-0.053945
0.863451,-0.108413
0.8787,-0.101655
0.8787,-0.101655
0.903614,-0.140684
0.903015,-0.158802
0.89261,-0.185068
0.945225,-0.134978
0.908548,-0.217203
0.886971,-0.236458
0.870723,-0.2572
0.855169,-0.326311
0.838933,-0.258712
0.871308,-0.240424
0.919885,-0.171487
0.934559,-0.263992
0.875846,-0.24688
0.888815,-0.262441
0.946103,-0.29631
0.949924,-0.282611
0.942634,-0.302976
0.94035,-0.308773
0.94035,-0.308773
0.944172,-0.295074
0.944679,-0.295963
0.945147,-0.288674
0.944211,-0.293833
0.949322,-0.285354
0.948842,-0.283981
0.945527,-0.298569
0.942221,-0.314982
0.942221,-0.314982
0.939674,-0.327944
0.88224,-0.356302
0.831201,-0.380511
0.877912,-0.369111
0.876469,-0.373381
0.8518,-0.398292
0.853243,-0.394022
0.853243,-0.394022
0.822409,-0.414575
0.838286,-0.423727
0.836843,-0.427997
0.806009,-0.448549
0.8354,-0.432266
0.832515,-0.440806
0.770764,-0.415686
0.770764,-0.415686
0.831072,-0.445076
0.861907,-0.424523
0.777398,-0.41229
0.71978,-0.379732
0.688945,-0.400285
0.688945,-0.400285
0.723723,-0.379504
0.750614,-0.359179
0.750614,-0.359179
0.777398,-0.41229
0.711786,-0.453623
0.665756,-0.490858
0.665756,-0.490858
0.505869,-0.49198
0.505869,-0.49198
0.509919,-0.418316
0.479085,-0.438869
0.421467,-0.406311
0.366077,-0.258277
0.463976,-0.346739
0.406358,-0.314181
0.34469,-0.355286
0.252187,-0.416944
0.159013,-0.413972
0.071902,-0.332639
0.160038,-0.344001
0.102419,-0.311444
0.10647,-0.23778
0.035116,-0.222294
0.02183,-0.171977
0.095064,-0.341999
0.166038,-0.373225
0.217179,-0.416289
0.193643,-0.444365
0.250273,-0.41165
0.146957,-0.331858
0.134802,-0.259736
0.038745,-0.173378
0.038745,-0.173378
0.053231,-0.241444
0.106799,-0.347665
-0.013854,-0.29122
0.024357,-0.338684
0.034364,-0.341872
0.08223,-0.379044
0.100767,-0.373447
0.074971,-0.385609
0.006252,-0.388442
-0.006046,-0.403398
-0.07261,-0.365816
-0.151473,-0.34319
-0.151473,-0.34319
-0.152829,-0.402582
-0.184466,-0.379601
-0.160395,-0.472488
-0.2969,-0.282982
-0.315437,-0.288579
-0.32052,-0.337557
-0.260765,-0.437493
-0.212737,-0.480672
-0.193475,-0.490958
-0.143675,-0.507263
-0.004628,-0.672279
-0.003858,-0.674664
-0.101686,-0.61518
-0.157295,-0.631971
-0.221771,-0.574543
-0.087457,-0.68461
-0.050105,-0.702069
-0.060729,-0.733117
-0.026119,-0.75381
-0.105411,-0.688729
-0.05384,-0.67816
-0.039024,-0.685814
0.047666,-0.821856
0.060394,-0.849355
0.062467,-0.79235
0.0881,-0.887845
0.119363,-0.909747
0.119363,-0.909747
0.12487,-0.906782
0.106334,-0.912379
0.130319,-0.96412
0.148856,-0.958523
0.172898,-0.949961
0.228507,-0.93317
0.21207,-0.872164
0.219593,-0.872497
0.251159,-0.864269
0.271794,-0.792069
0.282141,-0.791049
0.29517,-0.788417
0.303293,-0.83018
0.267596,-0.70952
0.254566,-0.712152
0.285527,-0.773681
0.298617,-0.835897
0.287666,-0.906674
0.242279,-0.898624
0.242279,-0.898624
0.236772,-0.90159
0.231142,-0.880734
0.182408,-0.873893
0.258495,-0.893273
0.309293,-0.902314
0.29961,-0.903737
0.303246,-0.90369
0.31967,-0.89875
0.296033,-0.885154
0.346133,-0.890184
0.373427,-0.88437
0.36118,-0.890852
0.381045,-0.880747
0.442161,-0.860991
0.431148,-0.866922
0.31971,-0.824387
0.313168,-0.812917
0.226882,-0.746934
0.226987,-0.74166
0.285385,-0.769183
0.204879,-0.699093
0.168508,-0.659709
0.164235,-0.662123
0.060921,-0.600043
0.060921,-0.600043
0.214658,-0.693714
0.276094,-0.719375
0.219629,-0.659578
0.173831,-0.625344
0.024366,-0.52926
0.076023,-0.560299
0.012241,-0.535668
0.123745,-0.59317
0.123745,-0.59317
0.175404,-0.624189
0.078148,-0.558957
0.12925,-0.590226
0.238712,-0.636036
0.096025,-0.510504
-0.007289,-0.448424
0.096025,-0.510504
0.110242,-0.565851
0.058585,-0.534811
0.064646,-0.531617
-0.031892,-0.452898
0.019685,-0.49695
0.123634,-0.558596
0.027826,-0.472234
0.088178,-0.490952
0.158199,-0.578767
0.040049,-0.545216
0.097848,-0.560049
0.137379,-0.596073
0.317974,-0.743875
0.375693,-0.771721
0.377151,-0.777519
0.322085,-0.741988
0.345783,-0.744296
0.225612,-0.621904
0.181863,-0.622332
0.217292,-0.626625
0.285866,-0.657479
0.395961,-0.722052
0.544685,-0.775896
0.487108,-0.688049
0.544685,-0.775896
0.544685,-0.775896
0.563689,-0.74553
0.563689,-0.74553
0.552105,-0.628416
0.537261,-0.656421
0.543053,-0.714979
0.543053,-0.714979
0.537261,-0.656421
0.537261,-0.656421
0.543053,-0.714979
0.54041,-0.716569
0.492953,-0.778397
0.50657,-0.773158
0.466937,-0.771191
0.394314,-0.762536
0.336984,-0.671908
0.376616,-0.673875
0.376616,-0.673875
0.424156,-0.709076
0.384524,-0.707108
0.463788,-0.711043
0.298898,-0.737504
0.381403,-0.769857
0.417914,-0.834574
0.417914,-0.834574
0.479353,-0.846894
0.431135,-0.804084
0.431135,-0.804084
0.448634,-0.840734
0.457547,-0.836542
0.417914,-0.834574
0.417914,-0.834574
0.417914,-0.834574
0.417914,-0.834574
0.417914,-0.834574
0.400089,-0.842958
0.360457,-0.840991
0.382264,-0.851342
0.373351,-0.855534
0.412983,-0.857502
0.439721,-0.844926
0.439721,-0.844926
0.439721,-0.844926
0.439721,-0.844926
0.497179,-0.838509
0.492878,-0.840936
0.492878,-0.840936
0.453246,-0.838969
0.462159,-0.834777
0.391807,-0.82665
0.391807,-0.82665
0.392519,-0.747524
0.432152,-0.749492
0.424486,-0.632499
0.383032,-0.710366
0.426964,-0.709906
0.466597,-0.711874
0.517539,-0.671166
0.559848,-0.581007
0.559848,-0.581007
0.549648,-0.622974
0.539706,-0.627457
0.508051,-0.634007
0.488363,-0.638815
0.501496,-0.516306
0.543093,-0.505272
0.478876,-0.601657
0.467565,-0.644332
0.478876,-0.601657
0.494941,-0.492386
0.486368,-0.458676
0.500589,-0.599589
0.511899,-0.556913
0.523209,-0.514238
0.503586,-0.620488
0.500253,-0.671682
0.478086,-0.715392
0.501882,-0.730775
0.501882,-0.730775
0.490572,-0.77345
0.495133,-0.769793
0.515932,-0.764277
0.568838,-0.710568
0.568838,-0.710568
0.554789,-0.677066
0.551297,-0.681706
0.565605,-0.659931
0.562607,-0.639031
0.606026,-0.548163
0.641133,-0.520871
0.553504,-0.478838
0.553504,-0.478838
0.517972,-0.498636
0.482866,-0.525928
0.49375,-0.475759
0.52097,-0.519536
0.545176,-0.542498
0.533411,-0.460527
0.547719,-0.438752
0.634201,-0.497203
0.679221,-0.514564
0.63931,-0.600705
0.642308,-0.621605
0.628,-0.643381
0.628,-0.643381
0.642308,-0.621605
0.628,-0.643381
0.653618,-0.578929
0.57766,-0.605817
0.580658,-0.626717
0.533316,-0.610053
0.538784,-0.559138
0.524476,-0.580914
0.481551,-0.646241
0.481551,-0.646241
0.495731,-0.62489
0.431084,-0.609102
0.330149,-0.534823
0.249908,-0.490867
0.154568,-0.365249
0.152134,-0.442743
0.111318,-0.448018
0.111318,-0.448018
0.069417,-0.386331
0.099707,-0.442899
0.197019,-0.470286
0.181336,-0.435998
0.223173,-0.497897
0.228641,-0.446982
0.346112,-0.551291
0.30586,-0.599354
0.327139,-0.615071
0.302052,-0.685278
0.45177,-0.816206
0.421987,-0.808667
0.448014,-0.803934
0.411408,-0.814916
0.411408,-0.814916
0.326992,-0.782431
0.320455,-0.785402
0.366546,-0.797236
0.406579,-0.751938
0.404188,-0.753691
0.356883,-0.742706
0.354177,-0.804766
0.361414,-0.813419
0.371042,-0.820319
0.328583,-0.819739
0.250311,-0.765641
0.250311,-0.765641
0.22149,-0.806854
0.238871,-0.809933
0.19402,-0.811106
0.113883,-0.806442
0.073815,-0.80411
0.153952,-0.808774
0.113883,-0.806442
0.113883,-0.806442
0.153952,-0.808774
0.153952,-0.808774
0.274157,-0.81577
0.354294,-0.820433
0.274157,-0.81577
0.314225,-0.818101
0.354294,-0.820433
0.434431,-0.825097
0.402778,-0.766737
0.447094,-0.765709
0.482994,-0.820709
0.478747,-0.824069
0.444947,-0.766724
0.346486,-0.767657
0.346486,-0.767657
0.404878,-0.764392
0.39861,-0.819405
0.417784,-0.830643
0.457852,-0.832975
0.497921,-0.835307
0.497921,-0.835307
0.408123,-0.793617
0.368054,-0.791285
0.327986,-0.788953
0.457852,-0.832975
0.497921,-0.835307
0.497921,-0.835307
0.50388,-0.780456
0.487233,-0.786003
0.487233,-0.786003
0.487233,-0.786003
0.487233,-0.786003
0.487233,-0.786003
0.521342,-0.843185
0.521342,-0.843185
0.537989,-0.837639
0.554636,-0.832093
0.554636,-0.832093
0.554636,-0.832093
0.554636,-0.832093
0.556816,-0.830509
0.556816,-0.830509
0.556816,-0.830509
0.533839,-0.835802
0.533839,-0.835802
0.556816,-0.830509
0.554636,-0.832093
0.554636,-0.832093
0.554636,-0.832093
0.554636,-0.832093
0.530009,-0.765286
0.539511,-0.755651
0.547217,-0.803859
0.592646,-0.793552
0.534422,-0.758984
0.534422,-0.758984
0.534422,-0.758984
0.52492,-0.768619
0.52492,-0.768619
0.52492,-0.768619
0.52492,-0.768619
0.52492,-0.768619
0.564139,-0.822458
0.554636,-0.832093
0.554636,-0.832093
0.498577,-0.712844
0.554636,-0.832093
0.554636,-0.832093
0.569114,-0.809297
0.554636,-0.832093
0.554636,-0.832093
0.554636,-0.832093
0.554636,-0.832093
0.554636,-0.832093
0.450996,-0.77612
0.450996,-0.77612
0.450996,-0.77612
0.399175,-0.748133
0.399175,-0.748133
0.401169,-0.746696
0.349348,-0.718709
0.324788,-0.658197
0.351228,-0.69106
0.351228,-0.69106
0.402229,-0.784435
0.378842,-0.787874
0.430662,-0.815861
0.378842,-0.787874
0.482433,-0.805407
0.507813,-0.800531
0.453999,-0.773982
0.452989,-0.774682
0.452989,-0.774682
0.504809,-0.802669
0.504809,-0.802669
0.483453,-0.808142
0.483453,-0.808142
0.463596,-0.813711
0.443739,-0.81928
0.443739,-0.81928
0.402526,-0.830322
0.402526,-0.830322
0.423882,-0.824848
0.423882,-0.824848
0.471228,-0.812282
0.482325,-0.80181
0.506803,-0.801231
0.504809,-0.802669
0.508796,-0.799794
0.508796,-0.799794
0.560616,-0.82778
0.508805,-0.800861
0.508805,-0.800861
0.506812,-0.802299
0.558623,-0.829218
0.481355,-0.720767
0.479362,-0.722205
0.439731,-0.668698
0.402094,-0.613754
0.364457,-0.55881
0.285196,-0.451797
0.245566,-0.39829
0.08505,-0.185701
0.087043,-0.184264
0.09103,-0.181389
0.170291,-0.288402
0.247586,-0.396889
0.248569,-0.396152
0.070334,-0.227044
0.069324,-0.227744
0.027971,-0.20046
0.146863,-0.36098
0.006425,-0.232767
-0.043923,-0.214831
0.026614,-0.355976
0.021876,-0.387234
-0.030521,-0.351318
-0.116976,-0.272593
-0.246443,-0.122224
-0.333159,-0.044785
-0.423138,0.026658
-0.506274,0.091963
-0.53718,0.179602
-0.526463,0.215172
-0.534076,0.20626
-0.584424,0.224197
-0.665679,0.329772
-0.666776,0.352311
-0.689101,0.448663
-0.663464,0.523922
-0.703094,0.577429
-0.69999,0.604087
-0.681659,0.648569
-0.658726,0.589514
-0.635793,0.530458
-0.665652,0.545764
-0.616774,0.540103
-0.616774,0.540103
-0.639707,0.599158
-0.650425,0.563588
-0.639707,0.599158
-0.583424,0.55388
-0.583424,0.55388
-0.658849,0.650034
-0.658849,0.650034
-0.651923,0.693784
-0.651923,0.693784
-0.651923,0.693784
-0.644997,0.737533
-0.644997,0.737533
-0.655715,0.701963
-0.655715,0.701963
-0.655715,0.701963
-0.666432,0.666393
-0.655715,0.701963
-0.613831,0.702287
-0.603113,0.737857
-0.63428,0.773104
-0.63428,0.773104
-0.63428,0.773104
-0.616722,0.780474
-0.616722,0.780474
-0.599164,0.787843
-0.645602,0.739776
-0.645602,0.739776
-0.645602,0.739776
-0.645602,0.739776
-0.610364,0.780551
-0.610364,0.780551
-0.610364,0.780551
-0.63428,0.773104
-0.580147,0.742561
-0.525896,0.720658
-0.525896,0.720658
-0.471646,0.698755
-0.366652,0.666411
-0.529405,0.732118
-0.453255,0.709127
-0.453255,0.709127
-0.453255,0.709127
-0.453231,0.71851
-0.399076,0.697349
-0.399076,0.697349
-0.453208,0.727892
-0.483009,0.730214
-0.483009,0.730214
-0.525968,0.730783
-0.494254,0.736625
-0.54841,0.757786
-0.580124,0.751943
-0.580124,0.751943
-0.525968,0.730783
-0.525968,0.730783
-0.580124,0.751943
-0.580124,0.751943
-0.561715,0.692952
-0.561715,0.692952
-0.537838,0.700403
-0.532371,0.766845
-0.586526,0.788005
-0.586526,0.788005
-0.586526,0.788005
-0.586526,0.788005
-0.586526,0.788005
-0.610403,0.780554
-0.610403,0.780554
-0.610403,0.780554
-0.610403,0.780554
-0.610403,0.780554
-0.555944,0.755833
-0.508824,0.664878
-0.508824,0.664878
-0.435691,0.647628
-0.473613,0.613565
-0.528073,0.638287
-0.586776,0.662416
-0.572346,0.669296
-0.572061,0.669354
-0.579294,0.729454
-0.533612,0.684488
-0.519183,0.691368
-0.533898,0.68443
-0.519183,0.691368
-0.504754,0.698248
-0.504468,0.698306
-0.549113,0.683856
-0.524007,0.637245
-0.465493,0.606884
-0.467367,0.668055
-0.492487,0.655807
-0.457701,0.48804
-0.48172,0.479786
-0.472228,0.668429
-0.472228,0.668429
-0.470666,0.664244
-0.554778,0.623725
-0.572689,0.737317
-0.492657,0.701793
-0.506841,0.760169
-0.475162,0.773968
-0.441101,0.724499
-0.42367,0.70337
-0.456121,0.787454
-0.470836,0.780517
-0.431016,0.794781
-0.40591,0.802108
-0.479829,0.821059
-0.504305,0.814235
-0.545396,0.79898
-0.515965,0.812855
-0.515731,0.813045
-0.527415,0.795396
-0.582617,0.757437
-0.581988,0.757941
-0.590449,0.742721
-0.61842,0.717024
-0.593794,0.753329
-0.547835,0.793941
-0.522729,0.801268
-0.497877,0.752902
-0.551531,0.787895
-0.532919,0.809925
-0.557396,0.803101
-0.557396,0.803101
-0.582501,0.795775
-0.540946,0.797335
-0.540946,0.797335
-0.540946,0.797335
-0.533,0.799923
-0.533629,0.79942
-0.533945,0.79917
-0.50456,0.790631
-0.49063,0.796846
-0.480086,0.797458
-0.398546,0.79932
-0.380495,0.803625
-0.405922,0.810042
-0.431027,0.802716
-0.504563,0.790634
-0.504875,0.790381
-0.503934,0.791138
-0.409879,0.772805
-0.424756,0.765841
-0.409251,0.759322
-0.412116,0.762239
-0.291916,0.704353
-0.334198,0.710081
-0.240456,0.691496
-0.237604,0.678355
-0.244161,0.695523
-0.191035,0.677747
-0.097288,0.657544
-0.047799,0.650062
-0.325072,0.694165
-0.324603,0.694545
-0.28399,0.69535
-0.337434,0.71449
-0.241965,0.69729
-0.14665,0.679961
-0.106981,0.680012
-0.127433,0.709251
-0.073673,0.690361
-0.009191,0.657666
-0.062948,0.676553
-0.036559,0.640391
-0.046036,0.662441
0.00314,0.654706
0.038542,0.666158
0.136264,0.650185
0.141111,0.606898
0.076892,0.593967
-0.004961,0.591852
-0.093676,0.620772
-0.110883,0.673961
-0.067419,0.67328
-0.048392,0.683446
-0.048193,0.688088
-0.138229,0.701986
-0.050181,0.647743
-0.092232,0.649659
-0.141408,0.657395
-0.062122,0.652483
-0.037619,0.70556
-0.108883,0.707853
-0.129165,0.700301
-0.049468,0.690928
-0.101427,0.704193
-0.156313,0.71888
-0.110784,0.715981
-0.159177,0.670571
-0.159649,0.670195
-0.164331,0.674088
-0.204158,0.673868
-0.158862,0.670778
-0.158706,0.670905
-0.105719,0.613362
-0.096979,0.609645
-0.068898,0.668674
-0.097051,0.658053
-0.187642,0.664233
-0.106102,0.666094
-0.098487,0.731682
-0.130632,0.734612
-0.170968,0.734026
-0.253059,0.731726
-0.33515,0.729425
-0.29438,0.730356
-0.422671,0.730467
-0.378828,0.680297
-0.416407,0.62836
-0.438466,0.634614
-0.394741,0.584348
-0.363358,0.565387
-0.40724,0.615526
-0.319593,0.515154
-0.235058,0.46585
-0.227944,0.504936
-0.312518,0.554207
-0.404363,0.564266
-0.263686,0.429247
-0.307608,0.479354
-0.404753,0.563949
-0.470557,0.580595
-0.463237,0.651144
-0.488265,0.609984
-0.566632,0.612939
-0.560662,0.629886
-0.604171,0.654362
-0.645581,0.681135
-0.64562,0.681103
-0.652809,0.673093
-0.656041,0.670116
-0.63563,0.696255
-0.640387,0.686136
-0.574304,0.708849
-0.616604,0.717172
-0.61333,0.726537
-0.63502,0.693367
-0.584101,0.68225
-0.634981,0.693398
-0.620175,0.71377
-0.674919,0.721277
-0.686055,0.704388
-0.671269,0.724743
-0.598108,0.747133
-0.598069,0.747165
-0.59803,0.747196
-0.594788,0.750197
-0.649443,0.758025
-0.641677,0.76547
-0.635722,0.769337
-0.645327,0.762004
-0.594143,0.722018
-0.598346,0.717968
-0.598317,0.717992
-0.547123,0.678014
-0.547025,0.678094
-0.547006,0.678109
-0.546996,0.678117
-0.555325,0.67008
-0.55946,0.666085
-0.551617,0.673594
-0.654063,0.753502
-0.658198,0.749507
-0.613688,0.710191
-0.621204,0.695101
-0.554651,0.646448
-0.632842,0.682549
-0.632842,0.682549
-0.631362,0.684598
-0.607237,0.69185
-0.607257,0.691834
-0.62223,0.661702
-0.6187,0.673221
-0.619572,0.680226
-0.573584,0.687033
-0.538641,0.713078
-0.574246,0.694869
-0.668575,0.70185
-0.672154,0.69845
-0.708988,0.700747
-0.717258,0.692757
-0.723385,0.686669
-0.723346,0.6867
-0.723346,0.6867
-0.706727,0.702743
-0.705763,0.703803
-0.701608,0.707814
-0.706727,0.702743
-0.653207,0.668352
-0.653168,0.668383
-0.656847,0.664908
-0.609585,0.675053
-0.53845,0.699776
-0.632991,0.730359
-0.624587,0.738509
-0.627951,0.735366
-0.662846,0.737174
-0.675687,0.733059
-0.664462,0.74373
-0.668715,0.73964
-0.67285,0.735645
-0.665543,0.742575
-0.618137,0.745461
-0.658256,0.749488
-0.658296,0.749457
-0.66247,0.74543
-0.658811,0.74889
-0.65885,0.748858
-0.658889,0.748826
-0.658167,0.70425
-0.657444,0.659673
-0.658643,0.703714
-0.654508,0.707709
-0.662739,0.699751
-0.667596,0.740333
-0.675828,0.732375
-0.675906,0.732312
-0.675867,0.732343
-0.675945,0.73228
-0.622315,0.713457
-0.622374,0.71341
-0.51927,0.671754
-0.481974,0.606083
-0.477858,0.610062
-0.402198,0.615934
-0.402198,0.615934
-0.290248,0.617583
-0.183048,0.57989
-0.170775,0.607285
-0.2285,0.622144
-0.295092,0.593683
-0.386522,0.609594
-0.328796,0.594734
-0.266955,0.583854
-0.170342,0.624408
-0.30974,0.646643
-0.206675,0.604956
-0.319244,0.594977
-0.27251,0.544976
-0.214784,0.530116
-0.150183,0.546419
-0.142684,0.537432
-0.104942,0.540296
-0.113173,0.532338
-0.219006,0.612275
-0.286472,0.654926
-0.279276,0.644923
-0.155091,0.622333
-0.134524,0.653603
-0.078771,0.636665
-0.080905,0.646982
-0.118739,0.710945
-0.104055,0.700331
-0.079531,0.685694
-0.032025,0.660291
-0.033118,0.659363
-0.066904,0.65564
-0.149408,0.659136
-0.185431,0.660843
-0.13671,0.617085
-0.141329,0.613934
-0.103168,0.56288
-0.112768,0.534814
-0.128026,0.551939
-0.212449,0.56664
-0.223537,0.559538
-0.277221,0.520081
-0.328761,0.482526
-0.331927,0.512783
-0.428431,0.521277
-0.467777,0.532477
-0.458832,0.537678
-0.388101,0.432767
-0.390338,0.391939
-0.343178,0.386764
-0.337706,0.430421
-0.423723,0.56583
-0.471934,0.57003
-0.428051,0.562074
-0.436677,0.515496
-0.428051,0.562074
-0.371905,0.562055
-0.369423,0.563211
-0.45984,0.654782
-0.508622,0.658548
-0.514799,0.694657
-0.61487,0.700974
-0.639167,0.718055
-0.666601,0.702128
-0.667924,0.700921
-0.669525,0.699486
-0.669024,0.700002
-0.670368,0.698818
-0.668524,0.700517
-0.664688,0.74278
-0.661493,0.745655
-0.663595,0.743708
-0.664636,0.742723
-0.66599,0.74155
-0.667323,0.740355
-0.665731,0.741798
-0.666814,0.740859
-0.642324,0.754968
-0.641534,0.755696
-0.64444,0.753035
-0.6354,0.757226
-0.649092,0.748834
-0.649609,0.748339
-0.637362,0.75539
-0.663162,0.74006
-0.610676,0.701379
-0.610159,0.701874
-0.610548,0.701504
-0.610807,0.701256
-0.638806,0.75405
-0.612555,0.769815
-0.642977,0.748924
-0.655876,0.741258
-0.656135,0.74101
-0.612815,0.769569
-0.612877,0.769505
-0.613008,0.769382
-0.5876,0.784345
-0.58542,0.764917
-0.572908,0.772211
-0.523881,0.821931
-0.523363,0.822426
-0.56232,0.799182
-0.587603,0.784347
-0.639526,0.753378
-0.559348,0.756918
-0.491542,0.645152
-0.521402,0.628529
-0.478962,0.631331
-0.424536,0.596261
-0.378805,0.578285
-0.291963,0.4541
-0.317411,0.546984
-0.361883,0.550028
-0.374783,0.542363
-0.374654,0.542487
-0.253833,0.48863
-0.155727,0.502205
-0.253048,0.534041
-0.213787,0.435839
-0.159232,0.400894
-0.17387,0.382923
-0.167114,0.364027
-0.125846,0.321044
-0.073422,0.281159
-0.018737,0.246338
0.012694,0.23845
0.079624,0.166006
-0.004098,0.163607
-0.003805,0.163884
-0.004134,0.162093
0.084232,0.139397
0.059884,0.183149
0.255844,0.071492
0.222715,0.059735
0.140151,0.138856
0.24923,0.068934
0.249327,0.069027
0.241282,0.032007
0.18733,0.093543
0.125038,0.091917
0.183165,0.085425
0.17927,0.109512
0.125105,0.144827
0.051996,0.181495
0.160717,0.111235
-0.003251,0.160025
0.223295,0.060302
0.044578,0.092082
0.099004,0.057013
0.01068,-0.036196
-0.043485,-0.000882
0.018987,0.001069
0.067146,0.020258
0.12263,-0.011033
0.123794,-0.033643
0.058829,-0.041241
0.314582,0.027579
0.470481,-0.111239
0.374889,0.044886
0.375946,0.048663
0.319275,0.076054
0.423989,-0.039185
0.598224,-0.123229
0.658813,-0.185602
0.669483,-0.142813
0.618397,-0.096113
0.439594,-0.020632
0.525053,-0.033412
0.361173,0.079594
0.362239,0.083415
0.345268,-0.043899
0.409819,-0.064609
0.14784,0.023017
0.110217,0.073761
0.176147,-0.023138
0.153679,0.032867
0.212119,0.046701
0.086039,0.084281
0.002879,0.104386
-0.19683,0.248168
-0.07585,0.199909
-0.259267,0.276433
-0.212425,0.320625
-0.452195,0.425048
-0.395318,0.383392
-0.458288,0.368533
-0.492048,0.40875
-0.500451,0.430006
-0.467091,0.340416
-0.634397,0.429472
-0.59123,0.404966
-0.604577,0.384741
-0.554579,0.284232
-0.542505,0.269739
-0.52168,0.361705
-0.580834,0.397122
-0.53121,0.35328
-0.577824,0.399523
-0.528199,0.355681
-0.491115,0.301012
-0.515659,0.366507
-0.483804,0.310435
-0.482103,0.348775
-0.375543,0.270513
-0.441173,0.283657
-0.437752,0.303844
-0.377351,0.289297
-0.316951,0.274749
-0.37909,0.253791
-0.433377,0.287828
-0.312195,0.22841
-0.196373,0.232571
-0.261437,0.237313
-0.49611,0.335248
-0.491447,0.345054
-0.434511,0.310634
-0.548382,0.379474
-0.548382,0.379474
-0.605318,0.413894
-0.605318,0.413894
-0.605739,0.445464
-0.662675,0.479884
-0.714527,0.49254
-0.714527,0.49254
-0.771462,0.52696
-0.821087,0.570803
-0.821087,0.570803
-0.821087,0.570803
-0.821087,0.570803
-0.821087,0.570803
-0.821087,0.570803
-0.821087,0.570803
-0.81082,0.559562
-0.805161,0.583084
-0.805161,0.583084
-0.805161,0.583084
-0.805161,0.583084
-0.704056,0.497127
-0.704056,0.497127
-0.650046,0.458066
-0.767077,0.531741
-0.767077,0.531741
-0.821087,0.570803
-0.821087,0.570803
-0.821087,0.570803
-0.821087,0.570803
-0.821087,0.570803
-0.821087,0.570803
-0.821087,0.570803
-0.820078,0.572177
-0.819312,0.573131
-0.817537,0.575459
-0.817537,0.575459
-0.817537,0.575459
-0.817537,0.575459
-0.786173,0.523339
-0.789724,0.518683
-0.789724,0.518683
-0.75836,0.466563
-0.726997,0.414443
-0.724759,0.414752
-0.693396,0.362632
-0.693396,0.362632
-0.724759,0.414752
-0.724759,0.414752
-0.631671,0.341224
-0.631671,0.341224
-0.664153,0.393189
-0.664153,0.393189
-0.664153,0.393189
-0.664153,0.393189
-0.664153,0.393189
-0.692277,0.362786
-0.659795,0.31082
-0.595949,0.206735
-0.595949,0.206735
-0.628431,0.2587
-0.628431,0.2587
-0.62955,0.258546
-0.630669,0.258392
-0.567942,0.154152
-0.663151,0.310358
-0.684545,0.31502
-0.684545,0.31502
-0.59268,0.24022
-0.58383,0.192608
-0.489739,0.036248
-0.552466,0.140488
-0.54439,0.14251
-0.667951,0.30151
-0.632575,0.182215
-0.603437,0.211655
-0.603437,0.211655
-0.613406,0.259113
-0.673908,0.281793
-0.524558,0.228686
-0.384395,0.053173
-0.284871,0.117022
-0.490769,0.166044
-0.418073,0.014346
-0.384621,-0.037454
-0.355986,-0.251977
-0.367412,-0.294773
-0.332788,-0.382483
-0.358654,-0.41483
-0.405266,-0.2391
-0.369559,-0.209299
-0.294547,-0.270628
-0.095769,-0.605364
-0.059866,-0.648097
-0.041489,-0.552847
0.11893,-0.740517
0.143992,-0.718965
0.122598,-0.714303
0.075331,-0.757537
0.096012,-0.791939
0.029307,-0.807523
0.038717,-0.816024
0.002073,-0.827258
-0.029578,-0.794354
-0.081627,-0.864497
-0.055868,-0.872343
-0.051764,-0.944242
-0.0474,-0.947426
-0.026005,-0.952088
0.046906,-0.972442
0.057587,-0.969278
0.084375,-0.970626
0.109773,-0.964097
0.118239,-0.961921
0.10325,-0.842697
0.126773,-0.888165
0.2791,-0.842926
0.315263,-0.797322
0.306797,-0.799498
0.287566,-0.84075
0.251403,-0.886354
0.206775,-0.934135
0.207001,-0.865804
0.262394,-0.778947
0.234697,-0.822376
0.18473,-0.822036
0.18473,-0.822036
0.143228,-0.819519
0.143228,-0.819519
0.099883,-0.800531
0.056083,-0.834915
0.02815,-0.770981
0.001207,-0.746859
0.009673,-0.744683
0.009673,-0.744683
-0.025735,-0.722738
-0.15436,-0.665469
-0.188777,-0.609472
-0.011845,-0.499297
-0.048999,-0.505089
0.078548,-0.50431
0.087746,-0.404255
0.203117,-0.346212
0.394407,-0.346683
0.375176,-0.387935
0.419805,-0.340154
0.327695,-0.407914
0.270002,-0.53167
0.261609,-0.587999
0.297772,-0.542395
0.407893,-0.57059
0.427124,-0.529338
0.466693,-0.549916
0.538191,-0.472105
0.557421,-0.430852
0.554596,-0.432147
0.573827,-0.390895
0.524601,-0.512475
0.563062,-0.429971
0.516135,-0.514651
0.538156,-0.434325
0.560177,-0.353998
0.543737,-0.356176
0.645567,-0.186814
0.616394,-0.284319
0.679762,-0.197461
0.732029,-0.160902
0.77049,-0.078398
0.77049,-0.078398
0.743928,-0.006138
0.717546,-0.06457
0.736904,-0.026316
0.689924,0.016695
0.662372,0.073371
0.7465,0.127867
0.616713,0.069597
0.746507,0.096084
0.765737,0.137336
0.661065,0.056591
0.706731,0.028583
0.717496,0.067659
0.782392,0.080903
0.809937,0.056009
0.829168,0.097261
0.829168,0.097261
0.856865,0.14069
0.884562,0.184118
0.840743,0.226338
0.821512,0.185086
0.884562,0.184118
0.903793,0.22537
0.903793,0.22537
0.903793,0.22537
0.890728,0.163556
0.901954,0.200203
0.901954,0.200203
0.882723,0.158951
0.882723,0.158951
0.901954,0.200203
0.892682,0.196506
0.920379,0.239934
0.920379,0.239934
0.889091,0.191338
0.916788,0.234766
0.916788,0.234766
0.881527,0.274541
0.891594,0.337857
0.891594,0.337857
0.891594,0.337857
0.873963,0.357745
0.909224,0.31797
0.91546,0.349826
0.91546,0.349826
0.897829,0.369714
0.91546,0.349826
0.897829,0.369714
0.91546,0.349826
0.897829,0.369714
0.897829,0.369714
0.880199,0.389601
0.91546,0.349826
0.914034,0.325522
0.914034,0.325522
0.878774,0.365298
0.896404,0.34541
0.896404,0.34541
0.931665,0.305634
0.930239,0.281331
0.908319,0.194098
0.946444,0.23714
0.946444,0.23714
0.94787,0.261443
0.94787,0.261443
0.949295,0.285747
0.95072,0.31005
0.95072,0.31005
0.95072,0.31005
0.95072,0.31005
0.95072,0.31005
0.95072,0.31005
0.95072,0.31005
0.95072,0.31005
0.95072,0.31005
0.95072,0.31005
0.95072,0.31005
0.899724,0.223874
0.95072,0.31005
0.890042,0.283259
0.95072,0.31005
0.95072,0.31005
0.95072,0.31005
0.95072,0.31005
0.95072,0.31005
0.921515,0.266475
0.921515,0.266475
0.921515,0.266475
0.95072,0.31005
0.95072,0.31005
0.95072,0.31005
0.95072,0.31005
0.95072,0.31005
0.95072,0.31005
0.95072,0.31005
0.95072,0.31005
0.939452,0.273371
0.939452,0.273371
0.916917,0.200012
0.916917,0.200012
0.905649,0.163333
0.905649,0.163333
0.868419,0.160892
0.916917,0.200012
0.918269,0.194069
0.918269,0.194069
0.917622,0.195875
0.917622,0.195875
0.906354,0.159195
0.906354,0.159195
0.893734,0.12846
0.893734,0.12846
0.91627,0.201818
0.928185,0.236692
0.928185,0.236692
0.95072,0.31005
0.95072,0.31005
0.947955,0.28315
0.94519,0.256249
0.94519,0.256249
0.942425,0.229349
0.94519,0.256249
0.94519,0.256249
0.943222,0.230825
0.943222,0.230825
0.94519,0.256249
0.94519,0.256249
0.94519,0.256249
0.94519,0.256249
0.94519,0.256249
0.913375,0.239607
0.913375,0.239607
0.913375,0.239607
0.878794,0.196064
0.810735,0.092663
0.741573,0.005578
0.740472,0.021893
0.809633,0.108978
0.809633,0.108978
0.878794,0.196064
0.878794,0.196064
0.876029,0.169164
0.878794,0.196064
0.876029,0.169164
0.853771,0.126858
0.853771,0.126858
0.873264,0.142263
0.841449,0.125621
0.841449,0.125621
0.795217,0.085291
0.760636,0.041748
0.838684,0.09872
0.874732,0.12852
0.850632,0.095027
0.847867,0.068126
0.816257,0.162542
0.814789,0.176285
0.817553,0.203186
0.801748,0.250394
0.798983,0.223493
0.798778,0.112435
0.764198,0.068892
0.729617,0.025349
0.716372,-0.011601
0.644445,-0.125587
0.4936,-0.100785
0.452676,-0.103244
0.48293,-0.020641
0.49894,0.043209
0.533889,0.085547
0.508417,0.02782
0.474204,-0.016928
0.501325,0.03998
0.420325,0.000218
0.337866,-0.128919
0.268705,-0.216005
0.211023,-0.311239
0.17043,-0.246867
0.055371,-0.225421
0.062462,-0.23758
0.062462,-0.23758
0.012901,-0.344296
-0.031525,-0.453646
0.014687,-0.312294
0.04297,-0.357307
-0.003119,-0.3357
0.135345,-0.375734
0.148093,-0.294161
0.26653,-0.216006
0.267646,-0.232242
0.176966,-0.031413
0.213704,-0.011999
0.144999,-0.063406
0.180696,-0.036099
0.16727,-0.086314
0.237029,-0.177755
0.229284,-0.184693
0.253315,-0.190231
0.274713,-0.227875
0.289408,-0.280349
0.274958,-0.302115
0.31891,-0.276601
0.370852,-0.318389
0.46699,-0.408904
0.525636,-0.435863
0.667883,-0.524992
0.654475,-0.554651
0.654475,-0.554651
0.573277,-0.59085
0.579717,-0.641531
0.579717,-0.641531
0.505223,-0.6629
0.583988,-0.634531
0.616964,-0.630846
0.610261,-0.645675
0.616964,-0.630846
0.54247,-0.652216
0.505223,-0.6629
0.535766,-0.667045
0.573013,-0.65636
0.505223,-0.6629
0.581555,-0.642362
0.618802,-0.631677
0.662753,-0.606162
0.702434,-0.587647
0.69573,-0.602477
0.698163,-0.594647
0.66762,-0.590502
0.66762,-0.590502
0.596294,-0.652133
0.584945,-0.658269
0.552926,-0.685692
0.497067,-0.694141
0.446435,-0.719329
0.450706,-0.712329
0.522768,-0.69879
0.490084,-0.69025
0.545967,-0.666644
0.509353,-0.589549
0.484037,-0.602143
0.437969,-0.608106
0.537368,-0.608946
0.562684,-0.596352
0.250737,-0.542461
0.366682,-0.577015
0.453475,-0.599849
0.47879,-0.587255
0.446771,-0.614678
0.468032,-0.543536
0.261415,-0.496384
0.258778,-0.544822
0.288071,-0.537454
0.380886,-0.537224
0.339151,-0.533592
0.342252,-0.562397
0.371839,-0.542804
0.40107,-0.538032
0.489456,-0.616436
0.435626,-0.629664
0.423416,-0.609035
0.484045,-0.620334
0.489594,-0.632392
0.426403,-0.647413
0.44177,-0.664529
0.449669,-0.67322
0.36464,-0.715383
0.425301,-0.693613
0.41758,-0.71635
0.25217,-0.696546
0.249614,-0.641982
0.245344,-0.648981
0.264037,-0.646755
0.259046,-0.656041
0.26824,-0.659849
0.311076,-0.730398
0.271466,-0.692104
0.138329,-0.668779
0.149278,-0.682079
0.339235,-0.70241
0.385719,-0.684983
0.486877,-0.693037
0.466125,-0.686406
0.358328,-0.676991
0.500186,-0.717746
0.33888,-0.732371
0.197913,-0.741764
0.166507,-0.782941
0.067731,-0.761313
0.103006,-0.790669
0.128321,-0.778076
0.107569,-0.771445
0.036186,-0.790001
0.035067,-0.745192
-0.107565,-0.71367
-0.153498,-0.650998
-0.164684,-0.762751
-0.169113,-0.713341
-0.071991,-0.862968
-0.092743,-0.856338
0.04201,-0.854187
0.062762,-0.860818
-0.003923,-0.791515
-0.097153,-0.75091
0.026648,-0.803205
0.041703,-0.771404
0.041703,-0.771404
0.041127,-0.825891
0.163448,-0.86493
0.154321,-0.90338
0.175073,-0.910011
0.154321,-0.90338
0.143138,-0.872448
0.189205,-0.866485
0.209957,-0.873116
0.20008,-0.861275
0.250712,-0.836087
0.252162,-0.813415
0.252162,-0.813415
0.29786,-0.796798
0.229635,-0.731651
0.402497,-0.710131
0.493811,-0.699682
0.519127,-0.687088
0.613818,-0.654549
0.63457,-0.661179
0.583939,-0.686367
0.610901,-0.607205
0.610901,-0.607205
0.658157,-0.61831
0.632842,-0.630903
0.637461,-0.55825
0.662777,-0.545657
0.688093,-0.533063
0.667397,-0.473004
0.737078,-0.574444
0.737078,-0.574444
0.737078,-0.574444
0.737078,-0.574444
0.737078,-0.574444
0.691066,-0.526979
0.599044,-0.432048
0.645055,-0.479513
0.645055,-0.479513
0.645055,-0.479513
0.645055,-0.479513
0.691066,-0.526979
0.691066,-0.526979
0.737078,-0.574444
0.783089,-0.621909
0.723653,-0.601241
0.723653,-0.601241
0.783089,-0.621909
0.783089,-0.621909
0.783089,-0.621909
0.783089,-0.621909
0.783089,-0.621909
0.783089,-0.621909
0.783089,-0.621909
0.783089,-0.621909
0.783089,-0.621909
0.783089,-0.621909
0.783089,-0.621909
0.783089,-0.621909
0.783089,-0.621909
0.783089,-0.621909
0.783089,-0.621909
0.785605,-0.61827
0.785605,-0.61827
0.785605,-0.61827
0.785605,-0.61827
0.785605,-0.61827
0.78812,-0.61463
0.774542,-0.563009
0.719955,-0.524965
0.719955,-0.524965
0.717439,-0.528605
0.717439,-0.528605
0.785605,-0.61827
0.785605,-0.61827
0.785605,-0.61827
0.78812,-0.61463
0.78812,-0.61463
0.785605,-0.61827
0.783089,-0.621909
0.783089,-0.621909
0.783089,-0.621909
0.730979,-0.580202
0.734155,-0.543538
0.739162,-0.534779
0.685221,-0.465167
0.678384,-0.446022
0.567327,-0.343461
0.567327,-0.343461
0.449919,-0.314227
0.507035,-0.347176
0.514141,-0.329322
0.514141,-0.329322
0.510965,-0.365986
0.453849,-0.333037
0.450673,-0.369701
0.51172,-0.421459
0.454604,-0.38851
0.504614,-0.439313
0.504614,-0.439313
0.56173,-0.472261
0.56173,-0.472261
0.633058,-0.469502
0.51172,-0.421459
0.390381,-0.373415
0.283255,-0.289664
0.333265,-0.340467
0.227388,-0.311237
0.113155,-0.245339
0.056039,-0.212391
0.106049,-0.263193
0.218159,-0.289157
0.275276,-0.322105
0.322131,-0.363652
0.187358,-0.267217
0.130242,-0.234269
0.177639,-0.252852
0.120522,-0.219904
0.137016,-0.208039
0.138511,-0.250341
0.202401,-0.257059
0.145825,-0.201148
0.220059,-0.160045
0.334833,-0.202979
0.462291,-0.348606
0.462291,-0.348606
0.511182,-0.409491
0.568839,-0.419476
0.568839,-0.419476
0.548819,-0.496941
0.456805,-0.475414
0.376019,-0.399801
0.236405,-0.344793
0.212539,-0.304298
0.133534,-0.213899
0.134986,-0.212192
0.236997,-0.287152
0.269925,-0.338582
0.329085,-0.370613
0.341024,-0.361169
0.341024,-0.361169
0.282243,-0.328882
0.293149,-0.379279
0.323433,-0.424823
0.462404,-0.465577
0.40874,-0.490767
0.496141,-0.569259
0.450393,-0.509513
0.479649,-0.568882
0.508522,-0.489654
0.416696,-0.459152
0.338862,-0.422272
0.276732,-0.432931
0.357774,-0.600727
0.388899,-0.70985
0.355382,-0.721618
0.321513,-0.787644
0.287995,-0.799412
0.205403,-0.81729
0.097071,-0.849765
0.097071,-0.849765
0.14521,-0.845484
0.14521,-0.845484
0.175277,-0.856784
0.176506,-0.856325
0.157614,-0.857528
0.164683,-0.854695
0.164683,-0.854695
0.184463,-0.805954
0.135043,-0.69857
0.153717,-0.697444
0.072676,-0.657422
0.084941,-0.585009
0.071103,-0.584632
0.107016,-0.624075
0.181872,-0.65196
0.092608,-0.578099
0.09026,-0.586357
0.101475,-0.656167
0.046488,-0.617994
0.180782,-0.747939
0.214186,-0.754461
0.222672,-0.812417
0.25888,-0.779979
0.267887,-0.78235
0.194227,-0.748579
0.255821,-0.737899
0.193414,-0.748027
0.189754,-0.753748
0.267308,-0.727669
0.215256,-0.758669
0.19811,-0.690744
0.208375,-0.691372
0.241506,-0.748239
0.193861,-0.705019
0.194617,-0.637597
0.176854,-0.569892
0.15225,-0.519568
0.096672,-0.537613
-0.033828,-0.406009
-0.094719,-0.349404
-0.094534,-0.504933
-0.074927,-0.503234
-0.093468,-0.504075
-0.083308,-0.564898
-0.041901,-0.620299
-0.013334,-0.607787
-0.032408,-0.609057
-0.027778,-0.618284
-0.005648,-0.614871
0.008796,-0.604374
-0.005648,-0.614871
-0.028927,-0.619231
-0.053614,-0.672772
-0.107451,-0.562896
-0.132479,-0.500254
-0.145939,-0.449254
-0.137025,-0.387161
-0.131149,-0.519303
-0.166418,-0.532236
-0.156258,-0.593058
-0.102421,-0.702935
-0.147405,-0.711981
-0.199996,-0.725019
-0.147405,-0.711981
-0.158747,-0.671961
-0.148587,-0.732784
-0.148587,-0.732784
-0.153196,-0.858527
-0.153196,-0.858527
-0.246017,-0.852541
-0.256602,-0.791987
-0.256602,-0.791987
-0.286261,-0.732704
-0.295175,-0.794797
-0.277929,-0.628946
-0.283899,-0.476807
-0.354073,-0.339888
-0.354073,-0.339888
-0.306037,-0.382397
-0.295451,-0.442951
-0.268489,-0.498266
-0.257904,-0.55882
-0.232118,-0.588342
-0.184081,-0.630851
-0.194667,-0.570297
-0.158304,-0.570534
-0.174584,-0.709686
-0.174584,-0.709686
-0.128738,-0.826812
-0.016384,-0.772678
-0.016384,-0.772678
-0.003608,-0.758615
-0.041059,-0.776659
-0.07272,-0.728912
-0.164628,-0.781229
-0.190405,-0.841547
-0.175751,-0.905521
-0.175751,-0.905521
-0.196196,-0.907339
-0.216641,-0.909156
-0.216641,-0.909156
-0.261953,-0.943426
-0.183555,-0.953458
-0.183555,-0.953458
-0.183555,-0.953458
-0.144677,-0.931969
-0.183555,-0.953458
-0.183555,-0.953458
-0.183555,-0.953458
-0.222432,-0.974948
-0.222432,-0.974948
-0.222432,-0.974948
-0.222432,-0.974948
-0.222432,-0.974948
-0.222432,-0.974948
-0.222432,-0.974948
-0.240778,-0.963605
-0.240778,-0.963605
-0.240778,-0.963605
-0.265306,-0.940634
-0.285801,-0.926361
-0.306296,-0.912089
-0.306296,-0.912089
-0.281768,-0.93506
-0.302263,-0.920788
-0.302263,-0.920788
-0.343252,-0.892243
-0.343252,-0.892243
-0.322757,-0.906515
-0.292521,-0.905374
-0.262104,-0.853909
-0.289157,-0.859473
-0.26089,-0.805079
-0.233657,-0.749192
-0.223084,-0.829201
-0.233006,-0.894939
-0.223625,-0.764333
-0.223625,-0.764333
-0.233006,-0.894939
-0.2535,-0.880666
-0.233006,-0.894939
-0.223084,-0.829201
-0.223084,-0.829201
-0.21463,-0.745878
-0.246568,-0.794768
-0.236646,-0.729031
-0.236646,-0.729031
-0.262565,-0.696634
-0.236646,-0.729031
-0.23269,-0.729569
-0.23269,-0.729569
-0.27065,-0.599577
-0.265525,-0.60036
-0.265525,-0.60036
-0.243324,-0.650073
-0.071393,-0.733139
-0.10864,-0.74838
-0.10864,-0.74838
-0.086439,-0.798094
-0.122518,-0.813579
-0.122518,-0.813579
-0.136396,-0.878778
-0.136396,-0.878778
-0.136396,-0.878778
-0.186353,-0.959463
-0.186353,-0.959463
-0.184061,-0.959902
-0.184061,-0.959902
-0.184061,-0.959902
-0.184061,-0.959902
-0.186353,-0.959463
-0.186353,-0.959463
-0.186353,-0.959463
-0.162365,-0.884449
-0.162365,-0.884449
-0.162365,-0.884449
-0.162365,-0.884449
-0.126286,-0.868963
-0.163832,-0.782479
-0.123567,-0.755632
-0.135258,-0.767307
-0.087796,-0.712781
-0.107598,-0.776434
-0.102733,-0.83341
-0.041957,-0.84148
-0.046018,-0.840277
-0.004469,-0.830104
0.019655,-0.796909
0.011005,-0.822498
0.05127,-0.795651
0.175106,-0.729025
0.181857,-0.678083
0.168093,-0.639451
0.11825,-0.616305
0.18631,-0.614561
0.199832,-0.700228
0.22422,-0.696418
0.176449,-0.723578
0.149726,-0.73515
0.055744,-0.73035
0.116755,-0.607517
0.029384,-0.509827
-0.024333,-0.478181
0.047298,-0.520746
0.015417,-0.412827
-0.038421,-0.37442
-0.011517,-0.491405
-0.003688,-0.453924
0.011906,-0.513793
-0.009899,-0.615675
0.048921,-0.614407
0.067892,-0.582779
0.038408,-0.590296
-0.08502,-0.694006
-0.123379,-0.658247
-0.159458,-0.673733
-0.239838,-0.603801
-0.288004,-0.521007
-0.304736,-0.369677
-0.24327,-0.4363
-0.238885,-0.361253
-0.238885,-0.361253
-0.219491,-0.41356
-0.157493,-0.430628
-0.121069,-0.589716
-0.09369,-0.591532
-0.05761,-0.576047
-0.031692,-0.608599
0.128597,-0.59031
0.128597,-0.59031
0.093983,-0.574525
0.093983,-0.574525
0.049468,-0.627011
0.011924,-0.673767
0.108109,-0.679651
0.067732,-0.76569
0.05393,-0.666584
0.05393,-0.666584
0.064743,-0.623192
0.050013,-0.701833
0.050013,-0.701833
-0.040143,-0.733694
-0.11967,-0.77439
-0.075727,-0.849605
-0.071987,-0.925774
-0.098123,-0.930694
-0.081806,-0.939784
-0.144022,-0.960189
-0.144022,-0.960189
-0.196296,-0.970029
-0.196296,-0.970029
-0.196296,-0.970029
-0.196296,-0.970029
-0.144022,-0.960189
-0.18439,-0.95796
-0.198621,-0.950811
-0.198621,-0.950811
-0.174215,-0.889635
-0.174215,-0.889635
-0.109413,-0.791131
-0.089063,-0.654481
-0.168097,-0.745836
-0.216909,-0.868188
-0.190772,-0.863268
-0.202018,-0.843329
-0.190772,-0.863268
-0.188446,-0.882486
-0.202678,-0.875337
-0.202678,-0.875337
-0.214583,-0.887405
-0.214583,-0.887405
-0.159984,-0.896784
-0.159984,-0.896784
-0.119616,-0.899014
-0.079377,-0.872317
-0.13165,-0.882156
-0.13165,-0.882156
-0.156056,-0.943332
-0.163932,-0.881214
-0.196296,-0.970029
-0.170159,-0.965109
-0.196296,-0.970029
-0.196296,-0.970029
-0.196296,-0.970029
-0.196296,-0.970029
-0.196296,-0.970029
-0.196296,-0.970029
-0.230279,-0.911089
-0.210516,-0.962889
-0.210516,-0.962889
-0.210516,-0.962889
-0.176763,-0.90996
-0.153724,-0.925603
-0.131212,-0.94342
-0.131212,-0.94342
-0.131212,-0.94342
-0.131212,-0.94342
-0.092266,-0.921731
-0.089297,-0.856197
-0.089297,-0.856197
-0.158998,-0.719379
-0.221178,-0.695463
-0.213723,-0.823372
-0.176553,-0.834727
-0.179456,-0.885252
-0.153319,-0.880333
-0.20269,-0.839646
-0.20269,-0.839646
-0.20269,-0.839646
-0.20269,-0.839646
-0.225923,-0.794041
-0.249157,-0.748435
-0.225923,-0.794041
-0.225923,-0.794041
-0.225923,-0.794041
-0.20269,-0.839646
-0.228827,-0.844566
-0.25206,-0.79896
-0.280934,-0.733251
-0.243673,-0.836878
-0.260513,-0.921654
-0.239745,-0.863544
-0.239745,-0.863544
-0.245666,-0.929342
-0.260993,-0.872473
-0.219664,-0.746303
-0.191093,-0.671954
-0.20642,-0.615085
-0.20642,-0.615085
-0.191093,-0.671954
-0.175766,-0.728824
-0.191093,-0.671954
-0.191093,-0.671954
-0.110551,-0.664902
-0.060663,-0.54411
-0.006289,-0.425682
0.006346,-0.434076
-0.014318,-0.497162
-0.002189,-0.443604
0.017799,-0.457123
-0.093431,-0.675659
-0.084871,-0.681038
-0.14332,-0.796451
-0.14332,-0.796451
-0.159755,-0.905555
-0.168486,-0.902219
-0.201939,-0.913906
-0.201939,-0.913906
-0.21067,-0.91057
-0.181446,-0.852863
-0.19863,-0.824186
-0.163984,-0.859536
-0.193208,-0.917242
-0.193208,-0.917242
-0.193208,-0.917242
-0.193208,-0.917242
-0.193208,-0.917242
-0.193208,-0.917242
-0.205942,-0.858189
-0.205942,-0.858189
-0.205942,-0.858189
-0.176718,-0.800483
-0.189452,-0.74143
-0.176718,-0.800483
-0.163984,-0.859536
-0.163984,-0.859536
-0.13476,-0.801829
-0.105535,-0.744123
-0.076311,-0.686417
-0.105535,-0.744123
-0.105535,-0.744123
-0.105535,-0.744123
-0.105535,-0.744123
-0.13476,-0.801829
-0.068276,-0.696779
-0.068276,-0.696779
-0.123186,-0.725926
-0.148871,-0.697367
-0.064737,-0.610514
-0.027478,-0.563169
-0.090423,-0.581955
-0.145332,-0.611102
-0.049625,-0.448345
-0.188642,-0.595455
-0.266725,-0.7453
-0.321635,-0.774447
-0.29241,-0.716741
-0.343781,-0.659623
-0.321635,-0.774447
-0.321635,-0.774447
-0.321635,-0.774447
-0.321635,-0.774447
-0.295949,-0.803006
-0.295949,-0.803006
-0.295949,-0.803006
-0.342543,-0.850505
-0.291173,-0.907622
-0.316858,-0.879064
-0.316858,-0.879064
-0.359913,-0.840297
-0.351597,-0.858648
-0.325912,-0.887207
-0.300227,-0.915765
-0.295547,-0.920063
-0.303863,-0.901712
-0.286493,-0.91192
-0.286493,-0.91192
-0.286493,-0.91192
-0.286493,-0.91192
-0.286493,-0.91192
-0.273803,-0.91783
-0.296553,-0.871148
-0.296553,-0.871148
-0.322239,-0.842589
-0.344698,-0.795304
-0.364374,-0.743382
-0.347924,-0.81403
-0.39636,-0.738789
-0.361972,-0.686707
-0.370675,-0.767348
-0.370675,-0.767348
-0.296553,-0.871148
-0.347924,-0.81403
-0.370675,-0.767348
-0.370675,-0.767348
-0.342055,-0.777784
-0.390491,-0.702542
-0.416176,-0.673984
-0.387556,-0.684419
-0.384621,-0.666296
-0.255609,-0.602496
-0.322684,-0.634284
-0.259978,-0.655691
-0.216865,-0.716444
-0.299934,-0.680966
-0.407723,-0.66108
-0.384973,-0.707762
-0.382038,-0.689639
-0.359288,-0.736321
-0.312121,-0.785709
-0.289371,-0.832391
-0.267933,-0.881584
-0.245183,-0.928266
-0.245183,-0.928266
-0.245183,-0.928266
-0.245183,-0.928266
-0.222432,-0.974948
-0.20974,-0.975363
-0.222432,-0.974948
-0.182154,-0.948027
-0.182154,-0.948027
-0.182154,-0.948027
-0.182154,-0.948027
-0.182154,-0.948027
-0.205769,-0.903351
-0.205769,-0.903351
-0.156217,-0.943242
-0.117288,-0.915983
-0.143225,-0.920768
-0.143225,-0.920768
-0.062669,-0.866926
-0.022392,-0.840004
-0.022392,-0.840004
-0.088012,-0.828255
-0.168568,-0.882098
-0.210194,-0.908681
-0.208846,-0.909019
-0.184852,-0.947352
-0.186201,-0.947014
-0.186201,-0.947014
-0.188898,-0.94634
-0.186201,-0.947014
-0.187549,-0.946677
-0.228504,-0.973437
-0.22918,-0.973275
-0.227155,-0.973774
-0.236568,-0.910411
-0.235896,-0.910587
-0.22918,-0.973275
-0.229856,-0.973113
-0.229852,-0.973099
-0.228504,-0.973437
-0.230528,-0.972937
-0.231874,-0.972586
-0.233222,-0.972248
-0.233222,-0.972248
-0.230525,-0.972923
-0.238928,-0.910058
-0.264705,-0.890349
-0.260348,-0.952201
-0.261024,-0.95204
-0.281405,-0.93368
-0.281405,-0.93368
-0.251073,-0.892583
-0.25512,-0.891571
-0.256468,-0.891234
-0.203604,-0.77985
-0.220447,-0.834698
-0.263743,-0.869675
-0.198681,-0.853803
-0.219713,-0.916957
-0.217692,-0.91747
-0.262138,-0.884535
-0.235685,-0.904406
-0.277669,-0.939314
-0.27632,-0.939651
-0.273622,-0.940326
-0.274298,-0.940164
-0.274298,-0.940164
-0.274975,-0.940003
-0.270252,-0.941177
-0.272277,-0.940677
-0.274018,-0.900815
-0.241799,-0.892339
-0.241799,-0.892339
-0.212593,-0.83602
-0.183384,-0.779687
-0.121644,-0.762059
-0.185093,-0.826355
-0.184417,-0.826517
-0.214299,-0.882674
-0.223639,-0.82693
-0.26218,-0.746727
-0.287403,-0.624918
-0.250654,-0.602881
-0.231213,-0.533448
-0.260734,-0.5426
-0.290255,-0.551751
-0.209908,-0.581274
-0.234971,-0.469954
-0.335429,-0.402527
-0.357618,-0.281479
-0.375577,-0.296527
-0.36051,-0.353637
-0.406638,-0.394371
-0.470422,-0.285318
-0.409768,-0.369385
-0.394425,-0.405037
-0.358923,-0.419542
-0.350868,-0.479325
-0.332479,-0.531899
-0.287751,-0.613132
-0.301205,-0.552014
-0.29216,-0.542731
-0.306756,-0.29716
-0.305407,-0.297497
-0.329042,-0.302481
-0.372571,-0.139098
-0.355844,-0.260562
-0.351697,-0.135187
-0.351697,-0.135187
-0.316203,-0.086737
-0.255104,0.022831
-0.243998,-0.037699
-0.25477,0.022733
-0.282836,-0.140106
-0.286896,-0.265489
-0.31932,-0.451005
-0.280888,-0.428966
-0.273671,-0.369338
-0.263214,-0.429724
-0.160079,-0.558802
-0.197668,-0.58105
-0.198811,-0.584927
-0.066924,-0.585913
-0.080306,-0.606512
-0.184179,-0.590133
-0.248563,-0.58789
-0.262133,-0.620375
-0.261881,-0.62044
-0.183592,-0.68766
-0.117557,-0.705404
-0.012237,-0.697272
-0.015058,-0.745349
0.01676,-0.615877
-0.024302,-0.64134
-0.024545,-0.64128
-0.023532,-0.641528
0.010809,-0.498001
-0.006459,-0.487454
0.074384,-0.498281
0.017591,-0.641477
0.058401,-0.615949
0.075415,-0.626436
0.128383,-0.52324
0.048283,-0.574667
0.002223,-0.537541
0.067538,-0.485551
0.181344,-0.451783
0.190201,-0.330971
0.099426,-0.338914
0.091009,-0.41843
0.087957,-0.41758
0.090726,-0.36525
-0.027375,-0.595021
0.012357,-0.569236
0.020663,-0.528597
0.010655,-0.522293
0.033638,-0.460358
-0.018332,-0.471143
-0.058471,-0.488113
-0.017419,-0.364132
0.063523,-0.229473
0.063713,-0.229517
0.000933,-0.208503
0.173441,-0.336296
0.139663,-0.350615
0.277336,-0.277729
0.316342,-0.151088
0.390067,-0.124039
0.452074,-0.08948
0.470422,0.01423
0.529674,-0.053743
0.492131,-0.003879
0.414413,-0.076202
0.451359,0.034201
0.388512,0.026845
0.422609,-0.032222
0.513487,0.035177
0.522362,-0.00131
0.52964,-0.004156
0.505965,0.135004
0.531764,0.212549
0.502411,0.169961
0.428322,0.088964
0.420832,-0.073975
0.440329,-0.102588
0.463503,-0.040697
0.391625,0.071603
0.356714,0.050016
0.356714,0.050016
0.266532,0.19202
0.270481,0.166968
0.224342,0.005743
0.262337,0.089667
0.222574,0.142962
0.261734,0.106976
0.428023,0.146239
0.468921,0.17675
0.44203,0.189583
0.439731,0.21124
0.487902,0.197301
0.551951,0.163462
0.553331,0.143877
0.505171,0.08414
0.492025,-0.009099
0.475269,-0.002953
0.445546,-0.028497
0.591193,-0.176633
0.728709,-0.195114
0.731295,-0.19654
0.808141,-0.220356
0.834555,-0.239365
0.757512,-0.280069
0.809442,-0.287207
0.816987,-0.308292
0.821007,-0.370978
0.794593,-0.351969
0.786995,-0.30418
0.766035,-0.2053
0.763448,-0.203874
0.787852,-0.293449
0.806092,-0.396494
0.790586,-0.421559
0.809536,-0.387189
0.831661,-0.354695
0.819466,-0.376046
0.831795,-0.349104
0.828351,-0.358409
0.809991,-0.393231
0.770562,-0.423195
0.798985,-0.371639
0.77461,-0.418478
0.77792,-0.414764
0.776393,-0.42397
0.778372,-0.484098
0.710634,-0.491041
0.704014,-0.49847
0.758967,-0.512426
0.723025,-0.460208
0.697393,-0.505898
0.717217,-0.491726
0.698268,-0.526096
0.698618,-0.529083
0.743641,-0.554182
0.749805,-0.54071
0.733954,-0.568504
0.737264,-0.56479
0.684058,-0.564438
0.688953,-0.558805
0.682333,-0.566233
0.736485,-0.562086
0.745517,-0.544314
0.795856,-0.548967
0.799166,-0.545253
0.805331,-0.531782
0.798392,-0.548265
0.788917,-0.56545
0.763214,-0.508241
0.800039,-0.551288
0.803349,-0.547574
0.814904,-0.523643
0.809812,-0.529926
0.812348,-0.529223
0.782727,-0.580447
0.771172,-0.604378
0.776696,-0.588327
0.776696,-0.588327
0.770887,-0.596848
0.670274,-0.509659
0.674692,-0.499221
0.674291,-0.494639
0.737033,-0.515457
0.748058,-0.490758
0.765459,-0.46241
0.814498,-0.505611
0.805798,-0.519784
0.806961,-0.514522
0.814498,-0.505611
0.815273,-0.502599
0.835298,-0.463369
0.806894,-0.502945
0.819082,-0.472983
0.81977,-0.470375
0.810296,-0.487561
0.763007,-0.574574
0.74339,-0.599573
0.74339,-0.599573
0.763115,-0.5607
0.763482,-0.57192
0.763482,-0.57192
0.743756,-0.610793
0.73426,-0.641449
0.73426,-0.641449
0.73426,-0.641449
0.669875,-0.625619
0.669875,-0.625619
0.582867,-0.598381
0.582867,-0.598381
0.60549,-0.609788
0.560831,-0.555085
0.523814,-0.535096
0.642721,-0.586192
0.60596,-0.522676
0.55908,-0.522123
0.549217,-0.54156
0.578806,-0.48325
0.585738,-0.420372
0.642224,-0.445015
0.602773,-0.522761
0.704175,-0.558581
0.59469,-0.490029
0.584827,-0.509466
0.59469,-0.490029
0.604553,-0.470592
0.463266,-0.430814
0.445257,-0.358046
0.436789,-0.375749
0.4866,-0.419744
0.536411,-0.463738
0.496463,-0.400307
0.556137,-0.424865
0.605948,-0.468859
0.609691,-0.475547
0.553761,-0.457677
0.664672,-0.512385
0.674535,-0.492949
0.694261,-0.454076
0.750191,-0.471946
0.793437,-0.52483
0.8033,-0.505393
0.783574,-0.544266
0.793437,-0.52483
0.793437,-0.52483
0.773712,-0.563703
0.763849,-0.583139
0.71797,-0.609357
0.708107,-0.628794
0.654463,-0.591337
0.674189,-0.552464
0.664326,-0.5719
0.654463,-0.591337
0.618264,-0.598041
0.53637,-0.631041
0.383018,-0.582267
0.45395,-0.58945
0.480311,-0.527825
0.512435,-0.536414
0.492709,-0.575287
0.492709,-0.575287
0.485102,-0.586047
0.494964,-0.566611
0.477335,-0.522372
0.483482,-0.498325
0.473619,-0.517761
0.460987,-0.593866
0.449029,-0.615164
0.449029,-0.615164
0.457922,-0.603946
0.451124,-0.613303
0.504769,-0.65076
0.540968,-0.644056
0.536471,-0.602049
0.536471,-0.602049
0.587519,-0.644281
0.533874,-0.606824
0.533874,-0.606824
0.587519,-0.644281
0.594761,-0.633976
0.594761,-0.633976
0.556502,-0.652702
0.494467,-0.669544
0.463449,-0.677964
0.486076,-0.723842
0.456496,-0.730787
0.487513,-0.722366
0.394461,-0.747629
0.363443,-0.756049
0.393024,-0.749105
0.455059,-0.732263
0.477686,-0.778141
0.466008,-0.722875
0.485347,-0.659187
0.47212,-0.652611
0.503138,-0.64419
0.485531,-0.590285
0.516549,-0.581864
0.456247,-0.481113
0.438641,-0.427208
0.438641,-0.427208
0.444569,-0.425847
0.305351,-0.461233
0.398219,-0.504872
0.349595,-0.459388
0.361274,-0.514654
0.252537,-0.481045
0.248715,-0.405226
0.211769,-0.415008
0.241345,-0.408421
0.169883,-0.526335
0.140066,-0.519985
0.013155,-0.571015
-0.023898,-0.423375
-0.122587,-0.33424
-0.152799,-0.353578
-0.155736,-0.304415
-0.068121,-0.35123
-0.068121,-0.35123
-0.022435,-0.347551
-0.026814,-0.300222
-0.072501,-0.303901
-0.069803,-0.260625
-0.001706,-0.358281
-0.048014,-0.260457
-0.003769,-0.258612
-0.10245,-0.225715
0.030576,-0.250569
0.068059,-0.341464
0.037467,-0.349985
-0.038009,-0.249685
-0.218532,-0.074213
-0.206703,-0.096315
-0.365808,0.129632
-0.317908,0.032773
-0.265461,0.065094
-0.20189,-0.036392
-0.165947,-0.149071
-0.11761,-0.105478
-0.108708,-0.189806
-0.093821,-0.136152
-0.129449,-0.204481
-0.130416,-0.107251
0.019689,-0.072904
-0.067485,-0.077458
0.101836,-0.175062
0.145826,-0.262092
0.189687,-0.291614
0.240217,-0.223571
0.281004,-0.232717
0.319656,-0.197463
0.299432,-0.204265
0.273191,-0.23346
0.298201,-0.180464
0.268722,-0.219493
0.268211,-0.284539
0.484581,-0.313467
0.498525,-0.403556
0.537327,-0.44627
0.582705,-0.487642
0.585157,-0.460251
0.610924,-0.421808
0.635492,-0.384469
0.586868,-0.338984
0.599406,-0.234424
0.522576,-0.375927
0.509342,-0.397926
0.565879,-0.086837
0.520704,0.012238
0.509851,-0.018702
0.515914,0.028416
0.469907,0.086839
0.382959,0.029851
0.396203,-0.020021
0.460192,-0.025957
0.432493,0.056723
0.398203,0.093587
0.477048,-0.031352
0.453178,-0.011595
0.484818,0.035895
0.537979,0.020682
0.57038,-0.032804
0.59479,-0.051023
0.65534,-0.060843
0.600702,-0.046475
0.554693,-0.066327
0.560517,0.008499
0.542593,-0.054749
0.473266,-0.069894
0.433017,-0.043264
0.391856,-0.081398
0.489951,-0.073568
0.397784,-0.06891
0.501075,-0.073125
0.439586,-0.041767
0.507414,-0.041179
0.473863,-0.005226
0.412582,-0.016705
0.383832,0.027254
0.357805,0.017703
0.328997,0.064253
0.208707,0.069967
0.199438,0.13948
0.197939,0.124924
0.23884,0.069702
0.236671,0.079163
0.349461,0.052847
0.483849,0.074114
0.419268,0.057648
0.417822,0.063955
0.369561,0.085873
0.499446,0.115651
0.563251,0.114406
0.514266,0.139478
0.449685,0.123012
0.57957,0.15279
0.578847,0.155943
0.387642,0.101126
0.391625,0.089399
0.330304,0.06436
0.329581,0.067514
0.324875,0.082395
0.324875,0.082395
0.392716,0.090287
0.457297,0.106752
0.52001,0.128881
0.585314,0.142193
0.644978,0.173217
0.706968,0.198499
0.727747,0.176006
0.727325,0.175361
0.685607,0.130224
0.565045,0.074805
0.481085,0.076689
0.543129,0.098575
0.711028,0.184722
0.711239,0.185044
0.71471,0.176793
0.773727,0.208921
0.650587,0.160248
0.710143,0.213575
0.708867,0.21674
0.647546,0.1917
0.8286,0.278476
0.850859,0.230229
0.849426,0.234466
0.846624,0.24296
0.890074,0.28019
0.888206,0.285853
0.827321,0.259388
0.826387,0.262219
0.825452,0.265051
0.788916,0.283849
0.788916,0.283849
0.848867,0.313146
0.849801,0.310315
0.850672,0.307462
0.887885,0.286532
0.885083,0.295026
0.882281,0.303521
0.882281,0.303521
0.882281,0.303521
0.940301,0.338459
0.943103,0.329965
0.943103,0.329965
0.944037,0.327134
0.942169,0.332796
0.929088,0.292941
0.941235,0.335628
0.942169,0.332796
0.874909,0.330909
0.939865,0.339885
0.939865,0.339885
0.939865,0.339885
0.938496,0.344143
0.937562,0.346974
0.937063,0.34838
0.936129,0.351211
0.931322,0.323045
0.902674,0.276519
0.902175,0.277924
0.809143,0.216898
0.809143,0.216898
0.84438,0.186277
0.903173,0.275113
0.903173,0.275113
0.93232,0.320234
0.936691,0.349827
0.936948,0.349127
0.937447,0.347722
0.937447,0.347722
0.874735,0.352
0.875733,0.34919
0.936192,0.351232
0.936691,0.349827
0.936691,0.349827
0.936691,0.349827
0.935694,0.352637
0.935694,0.352637
0.935694,0.352637
0.935694,0.352637
0.936192,0.351232
0.936192,0.351232
0.93719,0.348421
0.936691,0.349827
0.936691,0.349827
0.936691,0.349827
0.93719,0.348421
0.93719,0.348421
0.938403,0.332431
0.880139,0.316387
0.852295,0.336348
0.853292,0.333537
0.864307,0.268365
0.825582,0.277326
0.767534,0.248102
0.767036,0.249507
0.758741,0.21912
0.758741,0.21912
0.7228,0.168851
0.7228,0.168851
0.676937,0.106613
0.769687,0.189622
0.817216,0.211083
0.816062,0.231127
0.816319,0.230427
0.816049,0.250455
0.873598,0.281084
0.880155,0.316392
0.86517,0.274137
0.920843,0.310034
0.921101,0.309334
0.920859,0.31004
0.920859,0.31004
0.92099,0.30969
0.920491,0.311096
0.935856,0.352299
0.935856,0.352299
0.936113,0.351599
0.936113,0.351599
0.935729,0.35265
0.935341,0.353699
0.936113,0.351599
0.936113,0.351599
0.918536,0.369607
0.91905,0.368207
0.91905,0.368207
0.829175,0.267911
0.807727,0.224175
0.779634,0.164314
0.675502,0.096571
0.721176,0.138425
0.69548,0.170706
0.729969,0.211588
0.653925,0.066995
0.690935,0.049147
0.666967,0.05033
0.760428,0.115701
0.752891,0.134179
0.692188,0.126976
0.718271,0.093646
0.718398,0.093296
0.652971,-0.046624
0.62225,-0.054597
0.709143,-0.055147
0.684206,-0.098994
0.68831,-0.10385
0.649878,-0.153381
0.661913,-0.073229
0.670417,-0.050764
0.657831,-0.084761
0.681393,-0.053665
0.670179,-0.092224
0.653461,-0.134116
0.663695,-0.128937
0.641416,-0.148158
0.620433,-0.169869
0.56013,-0.197892
0.566328,-0.242036
0.609913,-0.255905
0.610336,-0.202806
0.588057,-0.222026
0.599271,-0.183468
0.653688,-0.161802
0.627197,-0.198477
0.569019,-0.241303
0.555322,-0.203773
0.547701,-0.241634
0.562764,-0.264725
0.49722,-0.334299
0.492834,-0.27153
0.480502,-0.185694
0.444625,-0.114704
0.381905,-0.155177
0.387515,-0.342633
0.390839,-0.369812
0.35768,-0.416498
0.372743,-0.439589
0.327226,-0.527802
0.301132,-0.608171
0.224061,-0.640245
0.186517,-0.624162
0.093041,-0.541621
0.13286,-0.473875
0.093333,-0.522032
0.130564,-0.499804
0.116783,-0.54035
0.060853,-0.566108
0.1938,-0.701759
0.244484,-0.71164
0.231613,-0.7184
0.28893,-0.72388
0.277494,-0.72972
0.257944,-0.773146
0.109337,-0.74308
0.187826,-0.775028
0.323929,-0.813002
0.225803,-0.792042
0.228103,-0.780204
0.214438,-0.775997
0.106223,-0.680462
0.15119,-0.693504
0.055889,-0.66557
0.053859,-0.655857
-0.052887,-0.624793
-0.040325,-0.604939
-0.00482,-0.564358
0.011711,-0.580796
-0.004331,-0.5834
0.033937,-0.599229
0.073728,-0.61452
0.132008,-0.645197
0.178118,-0.660216
0.13414,-0.636302
0.184773,-0.657352
0.13414,-0.636302
0.057699,-0.560917
-0.014601,-0.555347
-0.030673,-0.570791
-0.030673,-0.570791
-0.119603,-0.488374
-0.057309,-0.495948
-0.070281,-0.499206
0.067088,-0.558208
0.154656,-0.605815
0.229922,-0.610132
0.168283,-0.633907
0.244002,-0.723186
0.244002,-0.723186
0.290947,-0.745846
0.196929,-0.699932
0.259352,-0.708099
0.291295,-0.751328
0.244203,-0.714586
0.306497,-0.72216
0.291147,-0.737247
0.291147,-0.737247
0.293838,-0.714795
0.184451,-0.670479
0.184451,-0.670479
0.246746,-0.678053
0.246746,-0.678053
0.13452,-0.642106
0.119022,-0.643111
0.213207,-0.716596
0.25768,-0.741354
0.262572,-0.660283
0.24737,-0.689451
0.200277,-0.652709
0.312831,-0.67189
0.331496,-0.645751
0.350161,-0.619611
0.453248,-0.577934
0.431974,-0.580515
0.347468,-0.609027
0.325353,-0.646487
0.259897,-0.63203
0.233232,-0.605531
0.236546,-0.594478
0.283639,-0.63122
0.189286,-0.583685
0.316864,-0.63758
0.376643,-0.63322
0.345625,-0.578514
0.299258,-0.538895
0.330275,-0.593601
0.377452,-0.617368
0.379171,-0.661296
0.379171,-0.661296
0.308723,-0.683118
0.32242,-0.664699
0.341085,-0.638559
0.339067,-0.618935
0.244304,-0.573447
0.267947,-0.630553
0.283297,-0.615467
0.262287,-0.590478
0.148383,-0.562906
0.212905,-0.532701
0.103568,-0.481312
0.077662,-0.481935
0.014692,-0.470165
0.074078,-0.473307
0.057475,-0.501156
-0.030136,-0.503572
0.005448,-0.534462
0.057539,-0.505322
-0.08527,-0.571988
-0.078008,-0.571125
0.009717,-0.542173
-0.126623,-0.553202
-0.064041,-0.462472
-0.117898,-0.47085
0.012343,-0.442508
-0.039324,-0.62808
0.026817,-0.639288
0.072187,-0.582258
0.059643,-0.60986
0.166183,-0.691158
0.102437,-0.700376
0.071517,-0.680165
0.099119,-0.65152
0.139696,-0.691294
0.16096,-0.691941
0.24337,-0.656584
0.286979,-0.666121
0.285079,-0.681428
0.232038,-0.663668
0.07558,-0.630202
0.129195,-0.570667
0.209821,-0.594724
0.154006,-0.556784
0.196149,-0.43869
0.324764,-0.516275
0.406779,-0.516105
0.396115,-0.519181
0.363157,-0.499049
0.331023,-0.503918
0.373084,-0.475715
0.184716,-0.375578
0.152324,-0.347982
0.107243,-0.33106
0.079733,-0.421728
0.204175,-0.647442
0.328832,-0.715482
0.347497,-0.689342
0.299735,-0.658459
0.29078,-0.586245
0.343189,-0.597974
0.292305,-0.571388
0.338944,-0.587991
0.379152,-0.562495
0.562051,-0.550814
0.61113,-0.566995
0.601338,-0.543137
0.495025,-0.655888
0.505236,-0.663648
0.495753,-0.646343
0.527936,-0.616926
0.498322,-0.624972
0.445249,-0.627005
0.488527,-0.666347
0.465395,-0.683193
0.554485,-0.702347
0.57048,-0.680637
0.60182,-0.669816
0.589131,-0.68049
0.562945,-0.647145
0.562945,-0.647145
0.600504,-0.590858
0.581839,-0.616998
0.537447,-0.578135
0.513249,-0.511556
0.569741,-0.484854
0.540688,-0.426768
0.522966,-0.451253
0.399587,-0.343955
0.333204,-0.338148
0.299105,-0.323113
0.347893,-0.361499
0.563527,-0.331659
0.602016,-0.261987
0.620681,-0.235847
0.732743,-0.272303
0.742322,-0.36323
0.807844,-0.354468
0.826509,-0.328328
0.845174,-0.302188
0.826051,-0.336344
0.788262,-0.39664
0.769597,-0.42278
0.806927,-0.370501
0.788262,-0.39664
0.765882,-0.360538
0.741744,-0.357538
0.76018,-0.335407
0.76018,-0.335407
0.825363,-0.348369
0.786921,-0.335944
0.786921,-0.335944
0.805586,-0.309805
0.788492,-0.392632
0.86338,-0.284065
0.882045,-0.257925
0.832254,-0.250909
0.850689,-0.228777
0.831795,-0.258925
0.850689,-0.228777
0.881816,-0.261933
0.881587,-0.265941
0.900252,-0.239802
0.937582,-0.187522
0.956017,-0.165391
0.956017,-0.165391
0.955788,-0.169399
0.937123,-0.195538
0.918458,-0.221678
0.831599,-0.270827
0.881128,-0.273958
0.899793,-0.247818
0.918458,-0.221678
0.937123,-0.195538
0.937123,-0.195538
0.974453,-0.143259
0.973077,-0.149574
0.974453,-0.143259
0.968405,-0.119885
0.968405,-0.119885
0.974453,-0.143259
0.974453,-0.143259
0.974453,-0.143259
0.974453,-0.143259
0.974453,-0.143259
0.955788,-0.169399
0.859413,-0.180837
0.820723,-0.171665
0.820723,-0.171665
0.871222,-0.119098
0.928742,-0.100309
0.928742,-0.100309
0.929001,-0.097577
0.929001,-0.097577
0.928906,-0.098487
0.928742,-0.100309
0.993446,-0.113476
0.993446,-0.113476
0.927428,-0.104302
0.927428,-0.104302
0.861246,-0.096949
0.795393,-0.085953
0.795393,-0.085953
0.861341,-0.096039
0.776478,-0.139978
0.776478,-0.139978
0.801357,-0.1098
0.801521,-0.107978
0.669485,-0.08963
0.669485,-0.08963
0.669025,-0.07898
0.690412,-0.105986
0.645586,-0.137676
0.579864,-0.140973
0.563167,-0.120155
0.51863,-0.137077
0.409911,-0.160185
0.359966,-0.163
0.384179,-0.209101
0.252307,-0.188931
0.276639,-0.126001
0.384923,-0.108899
0.135718,-0.197385
0.066371,-0.209353
0.102403,-0.144322
0.102498,-0.143412
0.019706,-0.127354
-0.044006,-0.135519
-0.007619,-0.125343
-0.142744,-0.096345
-0.136124,-0.139031
-0.102282,-0.194668
-0.196304,-0.225055
-0.20535,-0.179231
-0.159357,-0.178656
-0.239135,-0.136931
-0.362101,-0.163926
-0.305956,-0.180453
-0.239824,-0.18826
-0.266979,-0.145031
-0.273787,-0.162122
-0.330799,-0.199204
-0.327913,-0.192356
-0.25584,-0.224031
-0.124111,-0.242016
-0.189521,-0.233574
-0.303819,-0.300779
-0.312597,-0.269812
-0.146701,-0.192196
0.024121,-0.122839
-0.088914,-0.079469
-0.180399,-0.098968
-0.114381,-0.108142
-0.180399,-0.098968
-0.180023,-0.092015
0.08335,-0.114881
0.019549,-0.131778
-0.051475,-0.125
-0.118845,-0.117301
-0.116954,-0.128261
-0.254694,-0.109761
-0.322386,-0.10351
-0.388781,-0.101288
-0.588832,-0.077562
-0.655444,-0.070702
-0.657412,-0.043185
-0.788724,-0.024762
-0.726799,-0.016574
-0.634779,0.007639
-0.634021,-0.021992
-0.697443,-0.02258
-0.697079,-0.022562
-0.64134,-0.002876
-0.586784,0.022247
-0.517866,0.016782
-0.520402,0.0352
-0.457004,0.030634
-0.456652,0.02368
-0.428892,0.044128
-0.614954,-0.016267
-0.585921,-0.016061
-0.597749,0.000722
-0.597615,-0.001594
-0.609084,0.028613
-0.568063,0.070381
-0.539226,0.067378
-0.379977,0.026086
-0.391242,0.057013
-0.567319,0.005973
-0.512402,0.030548
-0.632176,0.007017
-0.657446,0.04128
-0.536142,0.060147
-0.581038,0.119996
-0.473378,0.109991
-0.473828,0.117474
-0.55045,0.0395
-0.44252,0.112124
-0.444659,0.125807
-0.366945,0.087126
-0.232859,0.107707
-0.233116,0.109773
-0.263414,0.134891
-0.356025,0.030853
-0.362615,-0.100609
-0.36898,-0.236812
-0.426632,-0.198882
-0.49724,-0.133699
-0.555253,-0.083161
-0.629661,-0.083603
-0.671115,-0.110802
-0.687874,-0.043491
-0.697138,-0.116032
-0.69649,-0.122479
-0.714181,-0.047294
-0.655294,-0.095461
-0.640929,0.007126
-0.723382,0.147346
-0.790675,0.162132
-0.748989,0.109702
-0.711529,0.163603
-0.730838,0.111192
-0.720069,0.10651
-0.721288,0.093497
-0.784356,0.110271
-0.832119,0.164614
-0.849287,0.123604
-0.783817,0.102045
-0.798607,0.091795
-0.935945,0.079603
-0.936313,0.090044
-0.946929,0.079481
-0.9886,0.045947
-0.978731,0.069983
-0.978718,0.070855
-0.968912,0.092712
-0.95873,0.113242
-0.892036,0.113805
-0.892036,0.113805
-0.892423,0.119888
-0.959342,0.129763
-0.969125,0.107905
-0.949052,0.152906
-0.94937,0.155105
-0.958047,0.130079
-0.969213,0.103547
-0.969248,0.102676
-0.95943,0.125405
-0.939783,0.169991
-0.949637,0.14639
-0.949637,0.14639
-0.949806,0.141162
-0.960096,0.116711
-0.761636,0.087975
-0.698656,0.073433
-0.635696,0.059329
-0.62589,0.081186
-0.572859,0.041302
-0.708605,0.046783
-0.761685,0.084923
-0.751827,0.10896
-0.834403,0.079568
-0.824591,0.102297
-0.834454,0.078261
-0.844347,0.053571
-0.781434,0.037942
-0.781438,0.037506
-0.844346,0.053789
-0.907242,0.070836
-0.844277,0.056513
-0.844384,0.052482
-0.791321,0.013034
-0.609063,-0.043792
-0.725051,0.010633
-0.778069,0.051388
-0.778095,0.049644
-0.768293,0.071066
-0.758435,0.095102
-0.821454,0.107028
-0.821454,0.107028
-0.8116,0.130628
-0.761797,0.081002
-0.761801,0.080566
-0.761846,0.079259
-0.785354,0.188636
-0.848226,0.205791
-0.848234,0.204919
-0.901349,0.242188
-0.901349,0.242188
-0.892445,0.226624
-0.902303,0.202587
-0.821672,0.283028
-0.835524,0.256041
-0.82567,0.279641
-0.807168,0.309432
-0.807119,0.311175
-0.845293,0.288485
-0.845922,0.287731
-0.845575,0.292466
-0.885872,0.219937
-0.87734,0.257188
-0.895265,0.225973
-0.922996,0.172901
-0.952456,0.099426
-0.970333,0.069954
-0.960478,0.093554
-0.950726,0.119749
-0.970435,0.072588
-0.98029,0.048988
-0.98029,0.048988
-0.990144,0.025388
-0.999998,0.001747
-0.999278,0.008499
-0.999278,0.008539
-0.999278,0.008619
-0.999278,0.008619
-0.999998,0.001787
-0.999998,0.001827
-0.999998,0.001827
-0.999998,0.001827
-0.999998,0.001827
-0.999998,0.001827
-0.999998,0.001827
-0.999998,0.001827
-0.939883,-0.018079
-0.939883,-0.018079
-0.850094,-0.071177
-0.879767,-0.037985
-0.879767,-0.037985
-0.879767,-0.037985
-0.894385,0.012895
-0.894385,0.012895
-0.82776,0.014488
-0.82776,0.014488
-0.954501,0.032801
-0.909003,0.063774
-0.954501,0.032801
-0.954501,0.032801
-0.954501,0.032801
-0.954501,0.032801
-0.954501,0.032801
-0.999998,0.001827
-0.999998,0.001827
-0.999998,0.001827
-0.999998,0.001827
-0.999998,0.001827
-0.999998,0.001827
-0.999998,0.001827
-0.999998,0.001827
-0.999998,0.001827
-0.999998,0.001827
-0.999998,0.001827
-0.999998,0.001827
-0.999998,0.001827
-0.999998,0.001827
-0.999998,0.001827
-0.999998,0.001827
-0.999998,0.001827
-0.999998,0.001827
-0.999998,0.001827
-0.999998,0.001827
-0.999998,0.001827
-0.999998,0.001827
-0.999998,0.001827
-0.885749,0.048399
-0.819945,0.055871
-0.819945,0.055871
-0.885749,0.048399
-0.942874,0.025113
-0.999998,0.001827
-0.992924,-0.018766
-0.992924,-0.018766
-0.999998,0.001827
-0.98015,-0.028718
-0.960302,-0.059262
-0.960302,-0.059262
-0.960302,-0.059262
-0.960302,-0.059262
-0.960302,-0.059262
-0.98015,-0.028718
-0.98015,-0.028718
-0.98015,-0.028718
-0.999998,0.001827
-0.999998,0.001827
-0.999998,0.001827
-0.948541,0.029742
-0.948541,0.029742
-0.948541,0.029742
-0.865454,0.090886
-0.865454,0.090886
-0.865454,0.090886
-0.865454,0.090886
-0.813997,0.1188
-0.711083,0.17463
-0.58278,0.17708
-0.610457,0.140367
-0.650037,0.069949
-0.533721,0.073247
-0.539777,0.110964
-0.476442,0.096375
-0.535246,0.083275
-0.541302,0.120992
-0.441397,0.21231
-0.435575,0.207524
-0.429753,0.202737
-0.538489,0.151694
-0.48121,0.174822
-0.48121,0.174822
-0.592993,0.126007
-0.599048,0.163724
-0.599048,0.163724
-0.713605,0.117468
-0.770884,0.09434
-0.770884,0.09434
-0.713605,0.117468
-0.713605,0.117468
-0.713605,0.117468
-0.828163,0.071212
-0.885441,0.048083
-0.885441,0.048083
-0.94272,0.024955
-0.999998,0.001827
-0.999998,0.001827
-0.999998,0.001827
-0.999998,0.001827
-0.999998,0.001827
-0.999998,0.001827
-0.999998,0.001827
-0.999998,0.001827
-0.999998,0.001827
-0.999998,0.001827
-0.999998,0.001827
-0.999998,0.001827
-0.99349,-0.018021
-0.968205,0.014266
-0.974713,0.034114
-0.974713,0.034114
-0.974713,0.034114
-0.974713,0.034114
-0.999998,0.001827
-0.999998,0.001827
-0.987213,0.028013
-0.987213,0.028013
-0.987213,0.028013
-0.974428,0.054199
-0.974428,0.054199
-0.974428,0.054199
-0.974428,0.054199
-0.974428,0.054199
-0.987213,0.028013
-0.987213,0.028013
-0.987213,0.028013
-0.923325,0.041277
-0.923325,0.041277
-0.987213,0.028013
-0.999998,0.001827
-0.999998,0.001827
-0.999998,0.001827
-0.999998,0.001827
-0.999998,0.001827
-0.971699,0.034717
-0.839899,0.048812
-0.905799,0.041764
-0.9434,0.067607
-0.9434,0.067607
-0.9434,0.067607
-0.9434,0.067607
-0.971699,0.034717
-0.971699,0.034717
-0.971699,0.034717
-0.971699,0.034717
-0.999998,0.001827
-0.999998,0.001827
-0.999998,0.001827
-0.95625,0.033431
-0.95625,0.033431
-0.994831,0.019593
-0.994831,0.019593
-0.960925,0.05286
-0.966092,0.035095
-0.940053,0.002508
-0.966092,0.035095
-0.913488,0.09825
-0.947394,0.064983
-0.913488,0.09825
-0.913488,0.09825
-0.932186,0.068362
-0.90548,0.015877
-0.90548,0.015877
-0.852314,0.042607
-0.90548,0.015877
-0.844869,-0.003341
-0.784257,-0.022559
-0.781605,-0.009591
-0.781605,-0.009591
-0.781605,-0.009591
-0.844869,-0.003341
-0.844869,-0.003341
-0.844869,-0.003341
-0.779167,-0.011363
-0.813073,-0.044631
-0.697257,-0.038755
-0.752778,-0.00834
-0.681669,-0.060674
-0.615967,-0.068696
-0.679095,-0.047892
-0.807926,-0.019066
-0.868538,0.000152
-0.805308,-0.020229
-0.86592,-0.001011
-0.863346,0.011771
-0.86592,-0.001011
-0.868493,-0.013794
-0.868493,-0.013794
-0.868493,-0.013794
-0.999998,0.001827
-0.931772,0.068354
-0.965885,0.03509
-0.931772,0.068354
-0.931772,0.068354
-0.897658,0.101617
-0.931772,0.068354
-0.862287,0.134827
-0.863545,0.13488
-0.863545,0.13488
-0.931772,0.068354
-0.931772,0.068354
-0.866279,0.059523
-0.897658,0.101617
-0.931772,0.068354
-0.931772,0.068354
-0.897658,0.101617
-0.965885,0.03509
-0.965885,0.03509
-0.965885,0.03509
-0.965885,0.03509
-0.965885,0.03509
-0.999998,0.001827
-0.999998,0.001827
-0.999998,0.001827
-0.999998,0.001827
-0.999998,0.001827
-0.999998,0.001827
-0.999998,0.001827
-0.999386,0.008128
-0.999386,0.008128
-0.99816,0.020729
-0.967037,-0.035794
-0.967037,-0.035794
-0.915104,-0.014916
-0.915104,-0.014916
-0.915104,-0.014916
-0.915104,-0.014916
-0.900155,-0.049478
-0.900768,-0.055779
-0.900768,-0.055779
-0.968875,-0.054696
-0.968875,-0.054696
-0.968875,-0.054696
-0.960503,-0.022472
-0.971878,0.021902
-0.960503,-0.022472
-0.903206,-0.020793
-0.905895,-0.046844
-0.907392,-0.036905
-0.984437,-0.026434
-0.930057,-0.000647
-0.930057,-0.000647
-0.914495,-0.028908
-0.984437,-0.026434
-0.984437,-0.026434
-0.984437,-0.026434
-0.984437,-0.026434
-0.984437,-0.026434
-0.968875,-0.054696
-0.981941,-0.008486
-0.983189,-0.01746
-0.998751,0.010801
-0.998751,0.010801
-0.998751,0.010801
-0.998751,0.010801
-0.997503,0.019775
-0.997356,0.016584
-0.998603,0.00761
-0.998603,0.00761
-0.998603,0.00761
-0.998751,0.010801
-0.98144,0.03997
-0.98144,0.03997
-0.997503,0.019775
-0.997503,0.019775
-0.997503,0.019775
-0.997503,0.019775
-0.997503,0.019775
-0.998751,0.010801
-0.959782,0.043594
-0.961029,0.03462
-0.961029,0.03462
-0.961029,0.03462
-0.879338,-0.037399
-0.879338,-0.037399
-0.879338,-0.037399
-0.879338,-0.037399
-0.819008,-0.057012
-0.939571,-0.020396
-0.939473,-0.023006
-0.891203,0.006732
-0.891203,0.006732
-0.876244,-0.005913
-0.876342,-0.003303
-0.810019,0.045276
-0.810019,0.045276
-0.810019,0.045276
-0.873345,0.030793
-0.873345,0.030793
-0.873345,0.030793
-0.936672,0.01631
-0.867968,0.005075
-0.802173,-0.002562
-0.799743,-0.026669
-0.799743,-0.026669
-0.799743,-0.026669
-0.728561,-0.049851
-0.729215,-0.053621
-0.795663,-0.049754
-0.66465,-0.035192
-0.793078,-0.00516
-0.758869,0.019011
-0.625614,0.015648
-0.625614,0.015648
-0.5965,-0.007695
-0.666862,-0.006581
-0.600235,-0.008262
-0.533608,-0.009944
-0.466981,-0.011626
-0.466981,-0.011626
-0.533608,-0.009944
-0.533608,-0.009944
-0.666862,-0.006581
-0.866744,-0.001536
-0.866744,-0.001536
-0.769881,0.029911
-0.769881,0.029911
-0.800117,-0.003218
-0.805612,0.032938
-0.858242,0.06171
-0.872239,0.034619
-0.869676,0.047376
-0.805916,0.086896
-0.811411,0.123051
-0.756376,0.133087
-0.805838,0.132055
-0.864407,0.110338
-0.856654,0.140898
-0.854091,0.153655
-0.797488,0.11084
-0.861844,0.123095
-0.787444,0.108211
-0.79257,0.082697
-0.864245,0.061478
-0.864245,0.061478
-0.864245,0.061478
-0.872381,0.039717
-0.938866,0.036301
-0.997435,0.014584
-0.973416,0.034409
-0.973416,0.034409
-0.973416,0.034409
-0.973416,0.034409
-0.973416,0.034409
-0.973416,0.034409
-0.973416,0.034409
-0.973416,0.034409
-0.944198,0.00127
-0.944198,0.00127
-0.891033,0.066433
-0.891033,0.066433
-0.917616,0.033851
-0.832291,0.087947
-0.829348,0.110019
-0.914673,0.055923
-0.792579,0.092755
-0.795598,0.096925
-0.795598,0.096925
-0.795598,0.096925
-0.885769,0.086621
-0.858455,0.119346
-0.852751,0.073384
-0.852751,0.073384
-0.852751,0.073384
-0.879333,0.040803
-0.939666,0.021315
-0.939666,0.021315
-0.998841,0.010475
-0.999998,0.001827
-0.999998,0.001827
-0.999998,0.001827
-0.999998,0.001827
-0.999998,0.001827
-0.999998,0.001827
-0.999998,0.001827
-0.998252,-0.008882
-0.998252,-0.008882
-0.946035,0.018526
-0.945994,0.016811
-0.947741,0.02752
-0.9477,0.025805
-0.999916,-0.001602
-0.933376,0.00244
-0.933376,0.00244
-0.933376,0.00244
-0.933417,0.004154
-0.89029,0.035956
-0.847163,0.067757
-0.714001,0.072411
-0.804036,0.099558
-0.740907,0.114441
-0.760909,0.131359
-0.745955,0.121828
-0.789083,0.090027
-0.765629,0.060553
-0.714379,0.088601
-0.839041,0.064004
-0.787792,0.092052
-0.905622,0.061677
-0.948749,0.029875
-0.84625,0.085972
-0.821269,0.118181
-0.782721,0.151043
-0.83397,0.122995
-0.782721,0.151043
-0.821269,0.118181
-0.84625,0.085972
-0.792722,0.112431
-0.843972,0.084382
-0.843972,0.084382
-0.875483,0.008296
-0.902041,0.012381
-0.902041,0.012381
-0.865118,-0.02082
-0.905359,-0.073682
-0.846963,-0.051766
-0.903361,-0.061166
-0.903361,-0.061166
-0.878669,-0.029033
-0.889677,-0.004219
-0.875994,0.052727
-0.889677,-0.004219
-0.884565,-0.08279
-0.821413,-0.157178
-0.887241,-0.16455
-0.865224,-0.214177
-0.889916,-0.24631
-0.889916,-0.24631
-0.878908,-0.271124
-0.8679,-0.295938
-0.798775,-0.324348
-0.787767,-0.349162
-0.776758,-0.373976
-0.784347,-0.334516
-0.814997,-0.219238
-0.79315,-0.161155
-0.870038,-0.09517
-0.848021,-0.144797
-0.825202,-0.20465
-0.814194,-0.229464
-0.795597,-0.293737
-0.806605,-0.268924
-0.784356,-0.186541
-0.73606,-0.212033
-0.747796,-0.13342
-0.705191,-0.133407
-0.629356,-0.067496
-0.672533,-0.016706
-0.661525,-0.041519
-0.655807,-0.075354
-0.647838,-0.148274
-0.637288,-0.223
-0.60512,-0.248976
-0.60512,-0.248976
-0.499728,-0.246307
-0.447052,-0.173722
-0.406113,-0.132591
-0.367259,-0.15662
-0.379234,-0.184039
-0.497567,-0.266362
-0.512234,-0.191528
-0.362003,-0.141538
-0.443288,-0.068432
-0.399794,-0.095731
-0.428758,-0.109442
-0.307258,-0.137442
-0.426841,-0.073346
-0.555241,-0.081265
-0.566672,-0.108266
-0.62084,-0.090642
-0.687459,-0.092369
-0.75384,-0.098131
-0.808078,-0.088995
-0.807603,-0.097063
-0.808078,-0.088995
-0.808315,-0.08496
-0.742647,-0.067096
-0.687766,-0.096822
-0.690507,-0.081786
-0.745151,-0.056093
-0.636576,-0.095375
-0.634461,-0.079101
-0.580055,-0.100759
-0.537386,-0.15387
-0.582796,-0.085722
-0.584911,-0.101996
-0.645064,-0.075859
-0.630084,-0.037882
-0.684728,-0.01219
-0.619132,-0.020631
-0.630084,-0.037882
-0.624287,-0.008067
-0.678693,0.013591
-0.799718,0.033522
-0.670408,0.067335
-0.601813,0.105559
-0.581284,0.141827
-0.580597,0.162939
-0.54861,0.152583
-0.647208,0.14253
-0.526611,0.116075
-0.507177,0.093575
-0.445222,0.089595
-0.461659,0.046716
-0.445459,0.09363
-0.701804,0.03867
-0.806593,0.032236
-0.806593,0.032236
-0.921833,0.037252
-0.984307,0.026515
-0.983274,0.039605
-0.987991,0.018145
-0.988286,0.0242
-0.988656,0.031263
-0.989927,0.022207
-0.923432,0.064491
-0.923432,0.064491
-0.745304,0.163522
-0.756569,0.153769
-0.79795,0.077575
-0.751578,0.066932
-0.81374,0.043038
-0.808785,0.060463
-0.823687,0.088298
-0.769774,0.112483
-0.774179,0.085981
-0.713076,0.153069
-0.608189,0.192113
-0.618513,0.11766
-0.520844,0.138249
-0.513208,0.19833
-0.674314,0.112656
-0.781846,0.058231
-0.674372,0.114676
-0.7319,0.037685
-0.73226,0.041712
-0.786115,0.015506
-0.73291,-0.057575
-0.786651,-0.087822
-0.733153,-0.112274
-0.733088,-0.110246
-0.73303,-0.112267
-0.731128,-0.086576
-0.825545,-0.098512
-0.911884,-0.097392
-0.911884,-0.097392
-0.912138,-0.094371
-0.91183,-0.101436
-0.865111,-0.074947
-0.758853,-0.112101
-0.865206,-0.150863
-0.983957,-0.061657
-0.983844,-0.065193
-0.983664,-0.067207
-0.983787,-0.067214
-0.969381,-0.094713
-0.983844,-0.065193
-0.983858,-0.064182
-0.984421,-0.054094
-0.955567,-0.110101
-0.955757,-0.105051
-0.984567,-0.050053
-0.930732,-0.02183
-0.851134,-0.121707
-0.851134,-0.121707
-0.840415,-0.12958
-0.840473,-0.12756
-0.840473,-0.12756
-0.790313,-0.196284
-0.81427,-0.256799
-0.758787,-0.328636
-0.834352,-0.228451
-0.834849,-0.22529
-0.780855,-0.287138
-0.780784,-0.290169
-0.744607,-0.295629
-0.760961,-0.309424
-0.790399,-0.278272
-0.790369,-0.278271
-0.769833,-0.308771
-0.769833,-0.308771
-0.770006,-0.302709
-0.849494,-0.207379
-0.824472,-0.239721
-0.816679,-0.259704
-0.800248,-0.199107
-0.800196,-0.200117
-0.840976,-0.241188
-0.816441,-0.267787
-0.791534,-0.296087
-0.791534,-0.296087
-0.758819,-0.345885
-0.733854,-0.376206
-0.766742,-0.320345
-0.683982,-0.434827
-0.708937,-0.405012
-0.751159,-0.362838
-0.783976,-0.310009
-0.791741,-0.28952
-0.801204,-0.298155
-0.835689,-0.274449
-0.885747,-0.208756
-0.901364,-0.165758
-0.90132,-0.166768
-0.870086,-0.252764
-0.885703,-0.209766
-0.926444,-0.131395
-0.868635,-0.216567
-0.835818,-0.269397
-0.80139,-0.291082
-0.80139,-0.291082
-0.751359,-0.354754
-0.746119,-0.289282
-0.746119,-0.289282
-0.746116,-0.289788
-0.796146,-0.226368
-0.864536,-0.197894
-0.889532,-0.167321
-0.889529,-0.167827
-0.864482,-0.201685
-0.874763,-0.169483
-0.874752,-0.169989
-0.874766,-0.168978
-0.924797,-0.105306
-0.92481,-0.104295
-0.949829,-0.072459
-0.974849,-0.040623
-0.937514,0.008479
-0.937541,0.010501
-0.971116,-0.022771
-0.939097,-0.03577
-0.94285,-0.0516
-0.960887,0.000589
-0.960874,-0.000422
-0.985882,0.030909
-0.992824,0.007523
-0.987068,0.026187
-0.981299,0.04384
-0.848218,0.037915
-0.913519,0.041556
-0.852735,0.01993
-0.786208,0.017978
-0.740416,-0.032574
-0.806943,-0.030623
-0.80693,-0.031633
-0.85965,-0.005477
-0.793271,-0.008265
-0.726889,-0.011558
-0.584868,-0.065747
-0.385578,-0.074285
-0.188597,-0.091442
-0.254835,-0.086807
-0.071625,-0.067766
0.1255,-0.083581
0.127668,-0.076809
0.129848,-0.070542
0.32898,-0.079411
0.528535,-0.08897
0.528459,-0.089136
0.528644,-0.08746
0.528979,-0.084947
0.462294,-0.083326
0.462046,-0.085674
0.329176,-0.077736
0.395716,-0.080698
0.660982,-0.098576
0.727522,-0.101538
0.727398,-0.102712
0.741446,-0.155807
0.782322,-0.125767
0.794238,-0.102489
0.79415,-0.103243
0.727695,-0.099946
0.72754,-0.100783
0.794015,-0.103912
0.85965,-0.112674
0.806342,-0.082955
0.806384,-0.08262
0.835726,-0.075248
0.835806,-0.074578
0.847439,-0.095463
0.847429,-0.095547
0.858382,-0.120725
0.858283,-0.121562
0.937798,-0.136522
0.93785,-0.136104
0.937908,-0.135601
0.938317,-0.131743
0.938131,-0.13342
0.937962,-0.135098
0.993335,-0.11439
0.993335,-0.11439
0.993197,-0.115817
0.993459,-0.11347
0.979052,-0.139631
0.979094,-0.139297
0.979245,-0.138041
0.97938,-0.136868
0.979417,-0.136533
0.979324,-0.137371
0.979121,-0.139384
0.97908,-0.139719
0.978973,-0.140726
0.97898,-0.140726
0.978939,-0.141061
0.964839,-0.164542
0.963931,-0.152234
0.950717,-0.18819
0.950717,-0.18819
0.950044,-0.175817
0.964244,-0.151499
0.950258,-0.173974
0.905895,-0.189038
0.90663,-0.200908
0.922724,-0.233392
0.922724,-0.233392
0.880551,-0.302574
0.908814,-0.255111
0.89471,-0.278591
0.937076,-0.207648
0.936965,-0.208654
0.855331,-0.191236
0.795337,-0.168485
0.769181,-0.130946
0.758895,-0.135244
0.790633,-0.058157
0.840594,-0.004858
0.866805,-0.041894
0.866805,-0.041894
0.880965,-0.017911
0.907287,-0.053941
0.907287,-0.053941
0.880963,-0.017911
0.881018,-0.017408
0.907341,-0.053438
0.860595,-0.078887
0.887028,-0.113912
0.821771,-0.117367
0.928511,-0.114669
0.862865,-0.121646
0.862838,-0.121897
0.862811,-0.122149
0.862867,-0.121646
0.862824,-0.122023
0.862887,-0.121457
0.862776,-0.122463
0.862672,-0.123406
0.862672,-0.123406
0.862624,-0.123846
0.845848,-0.150059
0.814539,-0.15144
0.707571,-0.194471
0.755475,-0.168512
0.803379,-0.142553
0.803379,-0.142553
0.868696,-0.138563
0.934065,-0.134101
0.899719,-0.096883
0.840662,-0.113892
0.895888,-0.16317
0.993117,-0.117123
0.99311,-0.117186
0.99311,-0.117186
0.99318,-0.116534
0.99318,-0.116534
0.993173,-0.116596
0.993173,-0.116596
0.951492,-0.14557
0.939532,-0.13965
0.939532,-0.13965
0.993103,-0.117249
0.993103,-0.117249
0.993103,-0.117249
0.993103,-0.117249
0.993103,-0.117249
0.993103,-0.117249
0.993103,-0.117249
0.993103,-0.117249
0.993103,-0.117249
0.979734,-0.140204
0.979734,-0.140204
0.947478,-0.102973
0.919593,-0.121681
0.919593,-0.121681
0.861019,-0.09627
0.861019,-0.09627
0.932962,-0.098726
0.868888,-0.09517
0.868888,-0.09517
0.868888,-0.09517
0.927462,-0.120581
0.927462,-0.120581
0.927462,-0.120581
0.993103,-0.117249
0.993103,-0.117249
0.993103,-0.117249
0.993103,-0.117249
0.993103,-0.117249
0.993103,-0.117249
0.991843,-0.123194
0.991843,-0.123194
0.993103,-0.117249
0.993103,-0.117249
0.993103,-0.117249
0.993103,-0.117249
0.993103,-0.117249
0.993103,-0.117249
0.993103,-0.117249
0.967561,-0.145805
0.967561,-0.145805
0.942019,-0.174361
0.967561,-0.145805
0.993103,-0.117249
0.970827,-0.144866
0.970827,-0.144866
0.970827,-0.144866
0.970827,-0.144866
0.965671,-0.159126
0.987946,-0.131509
0.9408,-0.157832
0.880222,-0.207157
0.833076,-0.23348
0.880222,-0.207157
0.885379,-0.192897
0.885379,-0.192897
0.898811,-0.169895
0.945957,-0.143572
0.945957,-0.143572
0.945957,-0.143572
0.945957,-0.143572
0.945957,-0.143572
0.945957,-0.143572
0.945957,-0.143572
0.898811,-0.169895
0.945957,-0.143572
0.945957,-0.143572
0.943585,-0.152573
0.943585,-0.152573
0.886984,-0.172307
0.776152,-0.202772
0.776152,-0.202772
0.879899,-0.156716
0.879899,-0.156716
0.820366,-0.158372
0.876968,-0.138638
0.879899,-0.156716
0.778244,-0.203659
0.778244,-0.203659
0.891448,-0.164192
0.935216,-0.12314
0.935216,-0.12314
0.935216,-0.12314
0.933931,-0.109298
0.872677,-0.12324
0.929279,-0.103507
0.990533,-0.089565
0.971157,-0.101576
0.971157,-0.101576
0.993103,-0.117249
0.993103,-0.117249
0.993103,-0.117249
0.993103,-0.117249
0.993103,-0.117249
0.988541,-0.096122
0.988541,-0.096122
0.988325,-0.097648
0.976877,-0.068399
0.976877,-0.068399
0.976877,-0.068399
0.981439,-0.089525
0.981439,-0.089525
0.958759,-0.029502
0.905102,-0.064172
0.893654,-0.034923
0.846553,0.00278
0.858001,-0.026469
0.858001,-0.026469
0.887893,-0.089563
0.842028,-0.111097
0.889924,-0.131067
0.924341,-0.080284
0.94155,-0.054893
0.94155,-0.054893
0.929212,-0.013167
0.918654,0.003605
0.918654,0.003605
0.901519,0.116744
0.924415,0.058246
0.947311,-0.000252
0.947311,-0.000252
0.958759,-0.029502
0.958759,-0.029502
0.914254,-0.029677
0.914254,-0.029677
0.860117,-0.047529
0.815613,-0.047705
0.91252,-0.014496
0.901072,0.014753
0.91252,-0.014496
0.896167,-0.024374
0.896167,-0.024374
0.838572,0.002145
0.843923,0.143263
0.855371,0.114014
0.809224,0.111284
0.763076,0.108554
0.659333,0.132343
0.694032,0.164322
0.647885,0.161592
0.70548,0.135073
0.624989,0.22009
0.659333,0.132343
0.774524,0.079305
0.843567,0.023537
0.855015,-0.005713
0.855015,-0.005713
0.855015,-0.005713
0.787347,0.048812
0.7412,0.046082
0.798795,0.019563
0.820316,-0.037692
0.877911,-0.064211
0.877911,-0.064211
0.820258,-0.048788
0.877853,-0.075307
0.972089,-0.16773
0.972089,-0.16773
0.979093,-0.150903
0.986098,-0.134076
0.986098,-0.134076
0.986098,-0.134076
0.986098,-0.134076
0.993103,-0.117249
0.993103,-0.117249
0.993103,-0.117249
0.993103,-0.117249
0.993103,-0.117249
0.993103,-0.117249
0.993103,-0.117249
0.993103,-0.117249
0.993103,-0.117249
0.993103,-0.117249
0.993103,-0.117249
0.951845,-0.145661
0.993103,-0.117249
0.993103,-0.117249
0.993103,-0.117249
0.927597,-0.105516
0.927597,-0.105516
0.927597,-0.105516
0.993103,-0.117249
0.993103,-0.117249
0.983878,-0.136301
0.951232,-0.183341
0.932707,-0.222117
0.941931,-0.203065
0.932669,-0.222453
0.932669,-0.222453
0.941969,-0.202729
0.923444,-0.241506
0.932669,-0.222453
0.95609,-0.194466
0.952228,-0.206559
0.96149,-0.187171
0.941238,-0.214019
0.952228,-0.206559
0.96149,-0.187171
0.952228,-0.206559
0.942965,-0.225947
0.92981,-0.257485
0.92984,-0.257429
0.935241,-0.250135
0.940641,-0.24284
0.95538,-0.215485
0.951556,-0.227242
0.953114,-0.231873
0.909239,-0.285685
0.920845,-0.249237
0.924679,-0.237395
0.920817,-0.249489
0.945305,-0.256817
0.954587,-0.23726
0.929224,-0.26602
0.92148,-0.290375
0.925343,-0.278281
0.929185,-0.266356
0.940811,-0.229739
0.962263,-0.213493
0.962244,-0.213661
0.969949,-0.189642
0.966087,-0.201736
0.837031,-0.171344
0.844785,-0.146905
0.933467,-0.140407
0.846982,-0.170555
0.84311,-0.182733
0.839243,-0.194869
0.773942,-0.306887
0.869263,-0.316806
0.8446,-0.333739
0.8446,-0.333739
0.852325,-0.309552
0.856187,-0.297458
0.88087,-0.280357
0.848851,-0.312935
0.844989,-0.325029
0.897809,-0.287612
0.947938,-0.262575
0.881535,-0.257541
0.800771,-0.27201
0.734348,-0.267144
0.799402,-0.27841
0.799402,-0.27841
0.739595,-0.278397
0.719112,-0.338578
0.840362,-0.384674
0.797288,-0.399
0.789564,-0.423188
0.8365,-0.396768
0.840174,-0.391278
0.837474,-0.403743
0.777425,-0.380922
0.838871,-0.400872
0.837755,-0.403863
0.770216,-0.401988
0.758906,-0.411777
0.770216,-0.401988
0.770216,-0.401988
0.706586,-0.391382
0.706586,-0.391382
0.830312,-0.428171
0.833386,-0.42255
0.898459,-0.433648
0.900971,-0.427787
0.897343,-0.436639
0.900136,-0.430898
0.900136,-0.430898
0.897343,-0.436639
0.896228,-0.43963
0.893715,-0.445491
0.897905,-0.43688
0.893715,-0.445491
0.895112,-0.442621
0.895112,-0.442621
0.8926,-0.448482
0.895393,-0.442741
0.895393,-0.442741
0.83426,-0.425612
0.799006,-0.461322
0.765249,-0.462467
0.751569,-0.455059
0.70145,-0.460985
0.656468,-0.464321
0.651438,-0.464494
0.801469,-0.432827
0.800916,-0.440728
0.800532,-0.441058
0.853128,-0.429755
0.851031,-0.43332
0.852428,-0.430449
0.89619,-0.439874
0.892971,-0.40541
0.889478,-0.411845
0.888429,-0.413627
0.88532,-0.419732
0.885595,-0.378832
0.88804,-0.374179
0.883809,-0.342254
0.881323,-0.306371
0.885939,-0.337965
0.883493,-0.342618
0.886623,-0.296377
0.887635,-0.293837
0.874589,-0.312819
0.875253,-0.311367
0.890523,-0.329397
0.859742,-0.266334
0.878805,-0.311147
0.879861,-0.308999
0.822248,-0.303129
0.811532,-0.226963
0.821514,-0.271127
0.814194,-0.178033
0.815181,-0.175852
0.814517,-0.177304
0.892626,-0.165317
0.895105,-0.163993
0.902703,-0.260118
0.902703,-0.260118
0.905174,-0.288528
0.905014,-0.288894
0.903955,-0.223979
0.9086,-0.243403
0.906383,-0.21423
0.910709,-0.234386
0.911501,-0.194636
0.906384,-0.214231
0.904909,-0.217284
0.902195,-0.222842
0.898581,-0.163119
0.898581,-0.163119
0.894379,-0.170211
0.892989,-0.236865
0.858013,-0.121748
0.854249,-0.223319
0.853976,-0.255615
0.75533,-0.150318
0.782489,0.008823
0.722561,-0.044285
0.745142,-0.138559
0.697524,-0.139515
0.728961,-0.034483
0.710829,0.00135
0.689718,-0.055667
0.677831,-0.041203
0.657057,0.023209
0.591122,0.092052
0.654999,0.020442
0.653192,0.050304
0.561275,-0.076848
0.544409,-0.164486
0.479475,-0.133676
0.479366,-0.166929
0.497169,-0.202736
0.472132,-0.297966
0.447301,-0.319554
0.493078,-0.244341
0.532929,-0.190618
0.426102,-0.190558
0.35759,-0.183468
0.35759,-0.183468
0.32289,-0.250222
0.313227,-0.221745
0.278527,-0.288499
0.267565,-0.281804
0.316889,-0.292929
0.398906,-0.318013
0.452022,-0.309283
0.473818,-0.345354
0.610798,-0.299716
0.549311,-0.295827
0.563782,-0.338109
0.577744,-0.381557
0.56094,-0.335306
0.62329,-0.337257
0.64115,-0.373051
0.640976,-0.373437
0.704103,-0.392411
0.659867,-0.406905
0.645839,-0.360036
0.755093,-0.360251
0.754923,-0.360639
0.74925,-0.364201
0.793691,-0.338006
0.833404,-0.392329
0.833404,-0.392329
0.833748,-0.391553
0.731033,-0.312077
0.851597,-0.373277
0.851084,-0.374441
0.850655,-0.375411
0.891469,-0.359475
0.890616,-0.361417
0.891564,-0.359286
0.891564,-0.359286
0.891055,-0.360452
0.891049,-0.360449
0.891398,-0.359676
0.890884,-0.36084
0.8714,-0.372145
0.85854,-0.387492
0.854634,-0.355067
0.888727,-0.435317
0.888897,-0.434928
0.812599,-0.441698
0.825034,-0.427322
0.824334,-0.428868
0.824936,-0.427511
0.824681,-0.428094
0.773773,-0.409098
0.710432,-0.400331
0.598003,-0.381578
0.659828,-0.385122
0.660396,-0.383865
0.66023,-0.378012
0.598146,-0.37053
0.597845,-0.371209
0.597919,-0.373107
0.603293,-0.349333
0.539664,-0.339153
0.537105,-0.371435
0.475883,-0.372723
0.536371,-0.373081
0.536438,-0.372937
0.473093,-0.364169
0.34325,-0.334766
0.342991,-0.335347
0.343078,-0.335154
0.469972,-0.354298
0.533407,-0.362874
0.53332,-0.363068
0.473617,-0.322781
0.541991,-0.339303
0.361391,-0.309064
0.418592,-0.343906
0.481763,-0.353061
0.358513,-0.302399
0.178673,-0.306951
0.360705,-0.30677
0.357463,-0.277233
0.355829,-0.293602
0.357666,-0.344514
0.235379,-0.319211
0.359431,-0.327855
0.296976,-0.276875
0.29785,-0.302427
0.358557,-0.302303
0.422072,-0.285988
0.419242,-0.302226
0.359541,-0.327614
0.111239,-0.23422
0.11143,-0.242611
0.110141,-0.261493
0.293136,-0.286671
0.231162,-0.30563
0.229441,-0.322192
0.232873,-0.289092
0.053912,-0.294945
0.077455,-0.250905
0.319644,-0.293588
0.345218,-0.254981
0.292084,-0.273731
0.286707,-0.261704
0.2858,-0.236224
0.312896,-0.261742
0.252189,-0.261866
0.27922,-0.287529
0.315543,-0.386577
0.279682,-0.405744
0.498505,-0.411828
0.534366,-0.392662
0.476808,-0.398289
0.419249,-0.403916
0.350787,-0.373628
0.34463,-0.355537
0.321875,-0.323628
0.266417,-0.316364
0.194901,-0.338901
0.25247,-0.33325
0.25247,-0.33325
0.374725,-0.358625
0.489782,-0.347504
0.550445,-0.347476
0.554533,-0.378385
0.612059,-0.372831
0.493909,-0.378329
0.377126,-0.386823
0.377099,-0.386883
0.31959,-0.392401
0.377099,-0.386883
0.377074,-0.386937
0.372986,-0.356028
0.428826,-0.347755
0.493621,-0.37854
0.613544,-0.375566
0.672768,-0.3727
0.619293,-0.409249
0.738468,-0.428971
0.853574,-0.417741
0.802598,-0.430221
0.802605,-0.430206
0.687502,-0.44143
0.642226,-0.45315
0.699734,-0.447635
0.79595,-0.423513
0.847405,-0.40105
0.847394,-0.401073
0.84742,-0.401015
0.731983,-0.411651
0.789655,-0.406437
0.731682,-0.374
0.731673,-0.374021
0.731669,-0.374029
0.731404,-0.336298
0.731395,-0.336319
0.67342,-0.303887
0.615444,-0.271457
0.673425,-0.303876
0.679046,-0.282799
0.679049,-0.282793
0.505096,-0.185558
0.467489,-0.204344
0.525465,-0.236773
0.447093,-0.153188
0.487479,-0.141063
0.37152,-0.07622
0.41191,-0.064086
0.353927,-0.031671
0.256002,0.046436
0.29595,0.000756
0.371521,-0.076217
0.371527,-0.076205
0.147413,0.061617
0.226797,0.023741
0.267179,0.035858
0.294561,-0.061372
0.373945,-0.099246
0.373944,-0.099248
0.588279,-0.184366
0.588278,-0.184369
0.663855,-0.261327
0.605872,-0.228914
0.530295,-0.151954
0.584469,-0.223458
0.468509,-0.158616
0.517394,-0.151595
0.282518,-0.019762
0.283304,0.018016
0.167339,0.082847
0.109356,0.115261
0.024421,0.156072
0.024424,0.156078
0.024425,0.156081
0.122794,0.135792
0.062477,0.160921
0.02364,0.118304
0.064024,0.130424
0.047064,0.066564
0.048634,0.089858
-0.009346,0.122277
0.04864,0.089871
0.05021,0.113164
-0.077275,0.219238
-0.122168,0.233703
-0.167514,0.344371
-0.285051,0.385902
-0.578542,0.443584
-0.618495,0.489253
-0.560511,0.45684
-0.676477,0.521669
-0.699171,0.481427
-0.694509,0.50841
-0.693988,0.441286
-0.693988,0.441286
-0.653515,0.32849
-0.653515,0.32849
-0.636125,0.278099
-0.619257,0.294827
-0.618734,0.227707
-0.616876,0.30235
-0.534647,0.204062
-0.619167,0.232228
-0.497941,0.193198
-0.49138,0.295885
-0.467656,0.297133
-0.467656,0.297133
-0.504197,0.373598
-0.545311,0.422742
-0.586425,0.471886
-0.470455,0.410752
-0.470455,0.410752
-0.465034,0.427188
-0.525527,0.451358
-0.525896,0.441327
-0.525896,0.441327
-0.540665,0.470909
-0.540665,0.470909
-0.419809,0.421848
-0.344694,0.365902
-0.284201,0.341732
-0.405316,0.389347
-0.223825,0.317043
-0.157272,0.300438
-0.217765,0.324607
-0.340753,0.36571
-0.28026,0.341541
-0.399256,0.396912
-0.580876,0.468493
-0.526431,0.436963
-0.586794,0.461855
-0.647287,0.486024
-0.586794,0.461855
-0.52656,0.436239
-0.466197,0.411347
-0.409597,0.356547
-0.590687,0.431225
-0.590687,0.431225
-0.590687,0.431225
-0.590687,0.431225
-0.590687,0.431225
-0.530195,0.407056
-0.47079,0.398422
-0.531153,0.423315
-0.47079,0.398422
-0.28957,0.324468
-0.229207,0.299575
-0.175016,0.27777
-0.171252,0.307677
-0.05007,0.26068
-0.110562,0.284849
-0.171055,0.309018
-0.050328,0.259233
-0.169008,0.277224
-0.229698,0.300052
-0.29032,0.323498
-0.295859,0.308263
-0.295859,0.308263
-0.47141,0.398176
-0.460362,0.409661
-0.41085,0.374624
-0.471539,0.397452
-0.471415,0.39815
-0.350688,0.348365
-0.345148,0.3636
-0.284785,0.338708
-0.28511,0.336643
-0.28511,0.336643
-0.28511,0.336643
-0.345474,0.361536
-0.224747,0.311751
-0.272268,0.347858
-0.392995,0.397643
-0.332506,0.373448
-0.345349,0.362233
-0.224622,0.312448
-0.28486,0.338038
-0.224372,0.313843
-0.10352,0.264755
-0.005675,0.253773
-0.0058,0.253076
-0.066349,0.276922
-0.16413,0.288252
-0.16413,0.288252
-0.224365,0.313842
-0.345156,0.363278
-0.284728,0.338734
-0.224554,0.312796
-0.043463,0.238118
0.011723,0.201487
-0.048705,0.226031
0.138127,0.16623
0.19849,0.141338
0.198366,0.14064
0.198426,0.140989
0.25879,0.116097
0.138002,0.165533
0.198241,0.139943
0.198116,0.139245
0.197926,0.138199
0.137627,0.16344
0.137756,0.164137
0.016964,0.213574
-0.064815,0.19865
0.040299,0.126809
0.100663,0.101916
0.234125,0.024889
0.354917,-0.024548
0.265641,0.070569
0.386368,0.020784
0.500327,0.016871
0.500392,0.01722
0.560837,-0.007237
0.560933,-0.006715
0.681628,-0.056674
0.621297,-0.031607
0.560789,-0.007499
0.560757,-0.007673
0.439806,0.040892
0.319062,0.090591
0.379361,0.06535
0.318998,0.090242
0.318998,0.090242
0.258473,0.114264
0.137875,0.164746
0.07748,0.189464
0.017116,0.214357
0.017149,0.214531
0.129118,0.194429
0.211899,0.096627
0.288973,-0.003407
0.192869,0.072314
0.182632,0.018492
0.020393,0.116525
-0.100431,0.165787
-0.322913,0.289366
-0.402347,0.289728
-0.402347,0.289728
-0.383283,0.276768
-0.35712,0.298217
-0.35712,0.298217
-0.315753,0.249186
-0.146293,0.147931
-0.125081,0.072761
-0.180236,0.110208
-0.173718,0.124753
-0.125851,0.127626
-0.061536,0.161636
-0.001123,0.137004
-0.04249,0.186036
-0.126815,0.175077
-0.206273,0.175309
-0.199754,0.189854
-0.266066,0.203745
-0.375661,0.260848
-0.243117,0.286785
-0.378313,0.314234
-0.172576,0.228333
-0.282172,0.285436
-0.368808,0.324858
-0.360991,0.341418
-0.421403,0.366049
-0.444352,0.283009
-0.448255,0.224368
-0.52505,0.329086
-0.404226,0.279823
-0.206607,0.125843
-0.129527,0.117944
-0.190511,0.144873
-0.212832,0.218304
0.028816,0.119779
0.094096,0.106337
0.027788,0.212302
0.201911,0.174124
0.154644,0.212415
0.101346,0.201331
0.029134,0.204481
0.092496,0.18522
0.033436,0.212604
0.033436,0.212604
0.052476,0.144931
0.297075,0.051775
0.37192,0.044691
0.448116,0.040359
0.292794,0.089208
0.153736,0.117175
0.09652,0.092272
0.086294,0.096288
0.091985,0.10273
0.228594,0.073767
0.187623,0.082469
0.151443,0.12433
0.057963,0.105038
0.121325,0.085777
0.045917,0.138461
0.045917,0.138461
0.109279,0.1192
0.109279,0.1192
0.236531,0.087482
0.236531,0.087482
0.362037,0.065603
0.349626,0.059408
0.348488,0.09836
0.413069,0.062456
0.413069,0.062456
0.351054,0.076243
0.402575,0.037023
0.402787,0.012279
0.40321,0.021014
0.213466,0.065222
0.519357,-0.037955
0.519357,-0.037955
0.583613,-0.04658
0.647821,-0.048372
0.764048,-0.085032
0.720198,-0.123748
0.707857,-0.14806
0.752782,-0.105018
0.700529,-0.068902
0.724669,-0.018059
0.66039,0.004688
0.660931,0.002468
0.661041,0.000279
0.726743,-0.004999
0.854,-0.036976
0.918027,-0.057507
0.993806,-0.056838
0.99323,-0.05681
0.994194,-0.050295
0.99477,-0.050323
0.995337,-0.041586
0.995303,-0.043778
0.995303,-0.043778
0.995235,-0.048161
0.994626,-0.050325
0.994592,-0.052517
0.995666,-0.048192
0.995556,-0.046003
0.995971,-0.028504
0.877079,-0.010002
0.877197,-0.020956
0.878196,-0.012249
0.878119,-0.007868
0.87762,-0.012221
0.877121,-0.016574
0.996047,-0.032885
0.996467,-0.020863
0.996399,-0.025247
0.995976,-0.033981
0.99555,-0.039428
0.977304,-0.012415
0.977264,-0.008032
0.977684,0.003989
0.977954,0.021486
0.977993,0.0182
0.978184,0.012179
0.996534,-0.016475
0.996565,-0.010995
0.996066,-0.015349
0.995415,-0.025722
0.995147,-0.03284
0.931812,-0.067605
0.746459,-0.110793
0.623617,-0.123567
0.578095,-0.092171
0.625437,-0.116516
0.563342,-0.137648
0.625725,-0.122566
0.6882,-0.091056
0.626418,-0.096335
0.563093,-0.11435
0.625152,-0.098149
0.503747,-0.13615
0.564375,-0.114412
0.62648,-0.110252
0.621558,-0.122844
0.615445,-0.141631
0.742295,-0.126405
0.747813,-0.07698
0.751237,-0.063232
0.756083,-0.046258
0.811266,-0.075039
0.811091,-0.080511
0.81119,-0.070658
0.749134,-0.090146
0.811475,-0.067375
0.816681,-0.08132
0.821377,-0.087585
0.936276,-0.046369
0.936276,-0.046369
0.936327,-0.051409
0.936474,-0.054696
0.936508,-0.052504
0.998673,-0.035205
0.954314,-0.065037
0.909953,-0.091578
0.926335,-0.094123
0.92648,-0.095224
0.954351,-0.066133
0.954277,-0.06394
0.954419,-0.061752
0.95446,-0.062301
0.954359,-0.068874
0.954346,-0.069422
0.97906,-0.067824
0.979047,-0.068372
0.979207,-0.07002
0.979172,-0.071116
0.959383,-0.108115
0.959454,-0.107021
0.959676,-0.10374
0.979275,-0.075504
0.97926,-0.075778
0.998872,-0.046994
0.998872,-0.046994
0.998903,-0.046447
0.998903,-0.046447
0.741607,-0.018767
0.741571,-0.019588
0.613089,0.008172
0.67043,-0.016654
0.472942,0.000453
0.545937,0.009028
0.479324,0.010847
0.406271,0.006419
0.408608,0.023039
0.346783,0.049803
0.346769,0.049529
0.274822,0.028381
0.341449,0.026836
0.403141,0.048626
0.331409,0.065993
0.26473,0.072017
0.462161,0.059058
0.52895,0.064888
0.467606,0.093879
0.242166,0.077168
0.047072,0.106942
-0.092147,0.088869
-0.151119,0.100609
-0.268169,0.136123
-0.265775,0.148401
-0.136638,0.123061
-0.038404,0.069475
-0.102522,0.075196
0.013445,0.027675
0.338785,-0.024107
0.407904,-0.057174
0.392456,-0.080689
0.45669,-0.094707
0.484522,-0.129202
0.348247,-0.071825
0.295952,-0.044283
0.118461,-0.018825
0.182695,-0.032843
0.225649,-0.07634
0.354711,-0.095877
0.347764,0.029114
0.451152,-0.08106
0.253028,-0.045675
0.190593,-0.027877
0.297781,-0.085392
0.133005,-0.080856
0.159333,-0.040797
0.13138,-0.092334
0.13138,-0.092334
0.135555,-0.043587
-0.157182,0.011425
-0.148515,0.021545
-0.206775,0.088089
-0.051023,0.090653
-0.093581,0.031692
0.065654,-0.073954
0.043857,-0.088188
0.031324,-0.123982
0.115466,-0.171998
0.097356,-0.188822
0.009232,-0.127711
-0.016479,-0.074776
-0.029465,0.001872
-0.035732,-0.016024
0.023979,-0.084933
-0.002452,-0.089771
-0.043607,-0.042493
-0.077248,-0.055655
-0.100423,-0.054917
-0.156512,-0.035656
-0.13288,-0.098382
-0.163625,-0.077979
-0.360054,0.066619
-0.517559,0.11995
-0.550553,0.154905
-0.668286,0.214954
-0.635292,0.179998
-0.657819,0.228854
-0.698975,0.276131
-0.717669,0.327568
-0.707202,0.341468
-0.709001,0.337688
-0.636188,0.278287
-0.690103,0.266543
-0.592989,0.188799
-0.560388,0.198078
-0.524189,0.214917
-0.413218,0.280779
-0.258448,0.166066
-0.367015,0.18476
-0.392806,0.193825
-0.371874,0.221625
-0.402799,0.287783
-0.54461,0.331435
-0.527335,0.338309
-0.558631,0.406371
-0.59922,0.443734
-0.543949,0.460491
-0.512713,0.432008
-0.533794,0.404103
-0.586774,0.391502
-0.657629,0.394815
-0.657349,0.345625
-0.694821,0.360849
-0.705843,0.297111
-0.781551,0.270199
-0.75567,0.303386
-0.710583,0.274793
-0.736376,0.274032
-0.796399,0.336351
-0.814177,0.329432
-0.814177,0.329432
-0.786436,0.350206
-0.775938,0.388837
-0.719848,0.436682
-0.72792,0.435144
-0.755661,0.414369
-0.762972,0.421351
-0.780749,0.414432
-0.767921,0.415964
-0.746988,0.443764
-0.744594,0.456127
-0.732495,0.314528
-0.753427,0.286728
-0.763893,0.272828
-0.802132,0.213422
-0.871072,0.230715
-0.87104,0.255446
-0.8969,0.314931
-0.8969,0.314931
-0.785315,0.280774
-0.8969,0.314931
-0.87234,0.335243
-0.886402,0.353562
-0.896868,0.339662
-0.896868,0.339662
-0.907302,0.350492
-0.917737,0.361323
-0.917737,0.361323
-0.917737,0.361323
-0.917737,0.361323
-0.928203,0.347423
-0.928171,0.372154
-0.928171,0.372154
-0.928171,0.372154
-0.928171,0.372154
-0.890089,0.392308
-0.865483,0.412629
-0.865483,0.412629
-0.890089,0.392308
-0.890089,0.392308
-0.885795,0.391058
-0.928171,0.372154
-0.928171,0.372154
-0.928171,0.372154
-0.928171,0.372154
-0.928171,0.372154
-0.928171,0.372154
-0.928171,0.372154
-0.928171,0.372154
-0.928171,0.372154
-0.928171,0.372154
-0.928171,0.372154
-0.928171,0.372154
-0.928171,0.372154
-0.854949,0.326238
-0.854949,0.326238
-0.854949,0.326238
-0.845737,0.288553
-0.790939,0.318006
-0.726929,0.309775
-0.790939,0.318006
-0.800151,0.355691
-0.736141,0.34746
-0.800151,0.355691
-0.736141,0.34746
-0.864161,0.363922
-0.928171,0.372154
-0.928171,0.372154
-0.928171,0.372154
-0.928171,0.372154
-0.928171,0.372154
-0.928171,0.372154
-0.920475,0.383642
-0.920475,0.383642
-0.920475,0.383642
-0.922566,0.366752
-0.928171,0.372154
-0.928171,0.372154
-0.928171,0.372154
-0.928171,0.372154
-0.928171,0.372154
-0.928171,0.372154
-0.919711,0.384362
-0.919711,0.384362
-0.919711,0.384362
-0.928171,0.372154
-0.864245,0.364541
-0.864245,0.364541
-0.864245,0.364541
-0.812798,0.325858
-0.761351,0.287175
-0.761351,0.287175
-0.658457,0.209808
-0.60701,0.171125
-0.658457,0.209808
-0.77383,0.256104
-0.825277,0.294787
-0.825277,0.294787
-0.768897,0.303919
-0.72864,0.323519
-0.723707,0.371334
-0.820344,0.342602
-0.820344,0.342602
-0.785602,0.363313
-0.790535,0.315498
-0.841982,0.354181
-0.785165,0.415937
-0.785165,0.415937
-0.839297,0.4044
-0.731033,0.427473
-0.731033,0.427473
-0.731033,0.427473
-0.785165,0.415937
-0.819907,0.395226
-0.819907,0.395226
-0.874039,0.38369
-0.873426,0.385122
-0.873426,0.385122
-0.83033,0.340494
-0.811493,0.323588
-0.811493,0.323588
-0.81637,0.356774
-0.651074,0.388185
-0.651074,0.388185
-0.751814,0.423042
-0.731841,0.382755
-0.684755,0.399511
-0.785973,0.371219
-0.774789,0.385663
-0.763778,0.389772
-0.795795,0.374603
-0.768775,0.329095
-0.768775,0.329095
-0.747509,0.284791
-0.661329,0.3162
-0.697231,0.313888
-0.735435,0.344951
-0.692581,0.239493
-0.766686,0.268244
-0.739667,0.222737
-0.679976,0.193466
-0.706996,0.238973
-0.69506,0.193326
-0.69506,0.193326
-0.695732,0.191499
-0.782442,0.266277
-0.842133,0.295548
-0.842133,0.295548
-0.869152,0.341055
-0.928843,0.370326
-0.928843,0.370326
-0.928843,0.370326
-0.928171,0.372154
-0.928171,0.372154
-0.928171,0.372154
-0.928171,0.372154
-0.928171,0.372154
-0.928171,0.372154
-0.928171,0.372154
-0.928171,0.372154
-0.928171,0.372154
-0.928171,0.372154
-0.928171,0.372154
-0.928171,0.372154
-0.928171,0.372154
-0.928171,0.372154
-0.870587,0.379777
-0.870587,0.379777
-0.813003,0.387401
-0.813003,0.387401
-0.852363,0.398185
-0.870587,0.379777
-0.928171,0.372154
-0.928171,0.372154
-0.928171,0.372154
-0.928171,0.372154
-0.928171,0.372154
-0.928171,0.372154
-0.900062,0.392961
-0.900062,0.392961
-0.900062,0.392961
-0.836197,0.385756
-0.772333,0.37855
-0.808088,0.406563
-0.744223,0.399357
-0.716114,0.420165
-0.751869,0.448179
-0.723759,0.468987
-0.751869,0.448179
-0.723759,0.468987
-0.723759,0.468987
-0.808088,0.406563
-0.808088,0.406563
-0.836197,0.385756
-0.836197,0.385756
-0.836197,0.385756
-0.836197,0.385756
-0.900062,0.392961
-0.900062,0.392961
-0.900062,0.392961
-0.827788,0.414517
-0.827788,0.414517
-0.827788,0.414517
-0.827788,0.414517
-0.768837,0.420179
-0.650935,0.431503
-0.674461,0.380406
-0.674461,0.380406
-0.681776,0.446649
-0.799679,0.435324
-0.782159,0.404286
-0.813001,0.419432
-0.871952,0.413769
-0.900062,0.392961
-0.882251,0.411196
-0.882251,0.411196
-0.863788,0.36788
-0.863135,0.30633
-0.863135,0.30633
-0.814848,0.322388
-0.814848,0.322388
-0.766561,0.338446
-0.718274,0.354505
-0.718274,0.354505
-0.688451,0.413879
-0.591877,0.445995
-0.571699,0.441245
-0.654957,0.393736
-0.647096,0.387081
-0.617272,0.446455
-0.617272,0.446455
-0.568985,0.462513
-0.56037,0.454955
-0.678121,0.444887
-0.633859,0.401927
-0.633859,0.401927
-0.629834,0.460945
-0.581547,0.477003
-0.678121,0.444887
-0.726408,0.428828
-0.726408,0.428828
-0.726408,0.428828
-0.667006,0.399074
-0.715293,0.383016
-0.76358,0.366958
-0.752466,0.321146
-0.752466,0.321146
-0.811867,0.3509
-0.811867,0.3509
-0.871269,0.380654
-0.851179,0.399767
-0.851179,0.399767
-0.908081,0.391267
-0.887991,0.41038
-0.867901,0.429494
-0.887991,0.41038
-0.887991,0.41038
-0.867901,0.429494
-0.867901,0.429494
-0.867901,0.429494
-0.887991,0.41038
-0.887991,0.41038
-0.887991,0.41038
-0.910459,0.379919
-0.910459,0.379919
-0.910459,0.379919
-0.892746,0.387685
-0.870278,0.418146
-0.870278,0.418146
-0.910459,0.379919
-0.870278,0.418146
-0.910459,0.379919
-0.930549,0.360806
-0.880632,0.375804
-0.883009,0.364457
-0.885183,0.348222
-0.885183,0.348222
-0.695512,0.308688
-0.631564,0.300921
-0.576892,0.338615
-0.643014,0.330147
-0.643014,0.330147
-0.754705,0.33915
-0.754705,0.33915
-0.818653,0.346916
-0.844698,0.3915
-0.844698,0.3915
-0.811141,0.395847
-0.722169,0.381876
-0.772086,0.366877
-0.754628,0.384958
-0.754628,0.384958
-0.754628,0.384958
-0.726254,0.37379
-0.758713,0.376872
-0.771749,0.316669
-0.813053,0.403996
-0.813053,0.403996
-0.86297,0.388998
-0.86297,0.388998
-0.880428,0.370917
-0.878267,0.375333
-0.880428,0.370917
-0.880428,0.370917
-0.932518,0.339685
-0.895311,0.393026
-0.853716,0.349037
-0.812121,0.305048
-0.812121,0.305048
-0.812121,0.305048
-0.779261,0.32592
-0.737666,0.281931
-0.680711,0.255005
-0.632491,0.292941
-0.722306,0.298994
-0.772635,0.407846
-0.805495,0.386973
-0.805935,0.454894
-0.805935,0.454894
-0.871657,0.413149
-0.895311,0.393026
-0.895311,0.393026
-0.86245,0.413899
-0.86245,0.413899
-0.86245,0.413899
-0.86245,0.413899
-0.831592,0.386672
-0.895311,0.393026
-0.928171,0.372154
-0.928171,0.372154
-0.928171,0.372154
-0.928171,0.372154
-0.928171,0.372154
-0.921003,0.383117
-0.921003,0.383117
-0.921003,0.383117
-0.921003,0.383117
-0.91515,0.392661
-0.885322,0.423507
-0.798788,0.425854
-0.770593,0.367927
-0.69955,0.361353
-0.67689,0.381237
-0.58438,0.40985
-0.707911,0.365694
-0.794445,0.363347
-0.750528,0.324962
-0.798573,0.358221
-0.862448,0.375758
-0.802728,0.380168
-0.802728,0.380168
-0.743008,0.384578
-0.620605,0.386755
-0.635408,0.412717
-0.677285,0.388182
-0.614603,0.38595
-0.554883,0.39036
-0.554883,0.39036
-0.495162,0.39477
-0.532121,0.3119
-0.498124,0.401412
-0.560806,0.403645
-0.620007,0.397441
-0.552718,0.389621
-0.620448,0.411715
-0.620448,0.411715
-0.736849,0.408732
-0.739889,0.402895
-0.739889,0.402895
-0.739889,0.402895
-0.736849,0.408732
-0.736849,0.408732
-0.799609,0.398485
-0.856289,0.399912
-0.91601,0.395502
-0.91601,0.395502
-0.912969,0.401339
-0.906888,0.413013
-0.906888,0.413013
-0.853847,0.394766
-0.732561,0.387458
-0.757025,0.394875
-0.775408,0.413966
-0.866008,0.371418
-0.866008,0.371418
-0.866008,0.371418
-0.866008,0.371418
-0.866008,0.371418
-0.928171,0.372154
-0.903912,0.392406
-0.820896,0.409709
-0.778747,0.388553
-0.778747,0.388553
-0.785075,0.386586
-0.785075,0.386586
-0.72689,0.354978
-0.785075,0.386586
-0.794702,0.384217
-0.77677,0.402503
-0.822323,0.440398
-0.777613,0.399408
-0.714972,0.376704
-0.767025,0.363316
-0.767025,0.363316
-0.767025,0.363316
-0.811735,0.404306
-0.829667,0.38602
-0.704384,0.340612
-0.659674,0.299622
-0.677606,0.281336
-0.677606,0.281336
-0.802888,0.326745
-0.75025,0.267319
-0.751091,0.244855
-0.68845,0.222151
-0.75025,0.267319
-0.696772,0.230356
-0.642453,0.215857
-0.758573,0.275524
-0.758573,0.275524
-0.677439,0.209492
-0.74008,0.232196
-0.793559,0.269159
-0.730918,0.246455
-0.62396,0.172529
-0.532164,0.207295
-0.587819,0.228048
-0.626507,0.27094
-0.696358,0.233369
-0.664174,0.289114
-0.664174,0.289114
-0.664174,0.289114
-0.690146,0.309009
-0.708638,0.352336
-0.782002,0.318213
-0.881826,0.363665
-0.881826,0.363665
-0.881826,0.363665
-0.868958,0.315525
-0.927724,0.346282
-0.927724,0.346282
-0.879928,0.362633
-0.879928,0.362633
-0.879928,0.362633
-0.879928,0.362633
-0.879928,0.362633
-0.879928,0.362633
-0.879928,0.362633
-0.841991,0.35704
-0.890234,0.36656
-0.890681,0.392432
-0.890681,0.392432
-0.890681,0.392432
-0.838812,0.40597
-0.838812,0.40597
-0.801322,0.426248
-0.801322,0.426248
-0.794624,0.436723
-0.775256,0.393057
-0.768558,0.403531
-0.731068,0.423809
-0.76186,0.414005
-0.79935,0.393727
-0.825417,0.426919
-0.825417,0.426919
-0.825417,0.426919
-0.862907,0.406641
-0.856209,0.417115
-0.908078,0.403577
-0.894682,0.424526
-0.890725,0.375194
-0.895182,0.366882
-0.908578,0.345933
-0.897922,0.307076
-0.908578,0.345933
-0.908578,0.345933
-0.917516,0.333297
-0.917516,0.333297
-0.905188,0.348545
-0.915844,0.387402
-0.915844,0.387402
-0.915844,0.387402
-0.905577,0.401146
-0.905577,0.401146
-0.907637,0.399642
-0.907637,0.399642
-0.89737,0.413386
-0.917904,0.385898
-0.928171,0.372154
-0.928171,0.372154
-0.928171,0.372154
-0.928171,0.372154
-0.928171,0.372154
-0.928171,0.372154
-0.928171,0.372154
-0.928171,0.372154
-0.928171,0.372154
-0.928171,0.372154
-0.928171,0.372154
-0.85988,0.406297
-0.85988,0.406297
-0.878885,0.387578
-0.878885,0.387578
-0.878885,0.387578
-0.857185,0.407201
-0.878885,0.387578
-0.829599,0.403003
-0.731027,0.433852
-0.68174,0.449277
-0.632454,0.464701
-0.780313,0.418427
-0.829599,0.403003
-0.829599,0.403003
-0.780313,0.418427
-0.583168,0.480126
-0.583168,0.480126
-0.583168,0.480126
-0.557635,0.448386
-0.544868,0.432516
-0.459062,0.479235
-0.471829,0.495105
-0.358006,0.512083
-0.246667,0.527062
-0.197381,0.542487
-0.250639,0.54074
-0.26999,0.486646
-0.211591,0.479459
-0.211591,0.479459
-0.383351,0.468401
-0.573911,0.476667
-0.475338,0.507516
-0.624829,0.457765
-0.476971,0.504039
-0.41374,0.483365
-0.307543,0.507278
-0.307543,0.507278
-0.307543,0.507278
-0.315168,0.514214
-0.364454,0.498789
-0.387478,0.503963
-0.273655,0.520941
-0.379852,0.497027
-0.436764,0.488539
-0.395103,0.510899
-0.479731,0.443951
-0.565985,0.469799
-0.615271,0.454375
-0.589008,0.474973
-0.513459,0.510996
-0.539722,0.490398
-0.576689,0.531671
-0.5781,0.511229
-0.502551,0.547252
-0.551837,0.531828
-0.601123,0.516403
-0.574861,0.537001
-0.574861,0.537001
-0.374726,0.595359
-0.433739,0.578342
-0.532312,0.547493
-0.494064,0.56761
-0.380617,0.56791
-0.479189,0.537061
-0.542887,0.479719
-0.49291,0.447114
-0.49291,0.447114
-0.517959,0.447715
-0.400194,0.493662
-0.501115,0.542761
-0.522803,0.600538
-0.484905,0.564814
-0.458852,0.56114
-0.320082,0.626891
-0.267557,0.668088
-0.14669,0.675081
-0.060779,0.666336
-0.048709,0.531388
-0.048485,0.428489
0.022618,0.377003
0.056424,0.375607
0.120485,0.33864
0.023539,0.418074
0.050236,0.360046
-0.009413,0.389389
-0.160753,0.483403
-0.190016,0.371938
-0.180193,0.461956
-0.127233,0.424527
-0.116865,0.43835
-0.12526,0.436011
-0.04127,0.338378
-0.097664,0.363567
-0.132755,0.419255
0.025119,0.294736
0.016991,0.298025
0.025124,0.297684
0.029865,0.354973
0.040756,0.346723
0.074713,0.442659
0.074167,0.471336
0.183256,0.318004
0.193827,0.244531
0.171932,0.228591
0.203007,0.175235
0.171943,0.228604
0.161046,0.221186
0.172753,0.229124
0.245829,0.128059
0.252409,0.053864
0.207731,0.072058
0.283474,0.000494
0.327255,-0.042849
0.35832,-0.096218
0.424108,-0.197714
0.47534,-0.311871
0.458955,-0.366379
0.50096,-0.340963
0.513686,-0.330924
0.464283,-0.214146
0.456842,-0.143319
0.439601,-0.138156
0.408536,-0.084787
0.399592,-0.170895
0.355801,-0.127565
0.350057,-0.13337
0.350057,-0.13337
0.293036,0.026198
0.300019,0.030432
0.325004,0.031039
0.347519,-0.02788
0.305917,0.144806
0.279778,0.152306
0.21683,0.207371
0.125273,0.449691
0.156338,0.396322
0.130199,0.403822
0.122308,0.402569
0.101691,0.391276
0.081074,0.379983
0.102421,0.223902
0.123038,0.235194
0.101691,0.391276
0.155822,0.298365
0.270099,0.076237
0.290716,0.08753
0.329949,0.039375
0.235232,0.127614
0.162933,0.158398
0.245213,0.136265
0.298886,0.020761
0.301491,0.021177
0.309781,-0.046011
0.445179,-0.229391
0.476244,-0.28276
0.477555,-0.27562
0.541236,-0.375445
0.451037,-0.256084
0.508588,-0.286196
0.543498,-0.348049
0.605977,-0.376821
0.588398,-0.421303
0.632422,-0.481356
0.576814,-0.496744
0.630417,-0.535393
0.580678,-0.538815
0.517999,-0.515947
0.621558,-0.503149
0.569876,-0.461072
0.544391,-0.478681
0.49271,-0.436604
0.389583,-0.353352
0.442845,-0.393501
0.546208,-0.477654
0.525556,-0.489559
0.432563,-0.406153
0.380882,-0.364076
0.433437,-0.404015
0.480802,-0.451144
0.447018,-0.400273
0.442701,-0.405325
0.606385,-0.520777
0.552781,-0.482128
0.550622,-0.484654
0.545257,-0.490996
0.489258,-0.453971
0.547179,-0.487568
0.545021,-0.490094
0.592385,-0.537223
0.644067,-0.579299
0.642715,-0.580308
0.646362,-0.578742
0.635451,-0.536609
0.584247,-0.495661
0.582089,-0.498187
0.526258,-0.411606
0.575475,-0.40485
0.567988,-0.412597
0.68174,-0.532775
0.683898,-0.530249
0.679581,-0.535301
0.733185,-0.57395
0.711737,-0.491524
0.703939,-0.601919
0.718399,-0.589167
0.720627,-0.637098
0.728936,-0.629459
0.72666,-0.577222
0.685229,-0.586603
0.634929,-0.496562
0.55195,-0.460561
0.571323,-0.257388
0.566888,-0.207677
0.527616,-0.214532
0.520379,-0.258734
0.520379,-0.258734
0.564086,-0.30159
0.529893,-0.266769
0.416513,-0.337045
0.381677,-0.393611
0.366269,-0.402864
0.408543,-0.397345
0.408543,-0.397345
0.404107,-0.347634
0.355869,-0.347867
0.355965,-0.255067
0.310157,-0.370597
0.310157,-0.370597
0.326057,-0.209546
0.391294,-0.046703
0.462117,-0.083726
0.445973,-0.030595
0.486176,0.013627
0.469231,0.003991
0.440932,0.056101
0.459868,-0.048384
0.519071,-0.079959
0.514636,-0.030247
0.457298,-0.085066
0.38319,-0.148487
0.39206,-0.247909
0.441564,-0.341126
0.441564,-0.341126
0.289926,-0.371148
0.284129,-0.320787
0.309944,-0.410573
0.317452,-0.509344
0.352289,-0.452778
0.273738,-0.466504
0.176388,-0.687214
0.198162,-0.648157
0.184423,-0.665334
0.207915,-0.674672
0.254598,-0.655411
0.216688,-0.662917
0.236423,-0.622877
0.36254,-0.60047
0.509959,-0.592603
0.537011,-0.596619
0.610642,-0.559065
0.57137,-0.56592
0.519973,-0.527185
0.439134,-0.532322
0.491922,-0.499835
0.527191,-0.56256
0.535163,-0.588371
0.54263,-0.575795
0.588068,-0.571728
0.595367,-0.559664
0.590432,-0.572341
0.674017,-0.523074
0.674073,-0.522903
0.745093,-0.52194
0.801175,-0.562182
0.815997,-0.537371
0.84581,-0.487237
0.853277,-0.474661
0.738665,-0.472534
0.746188,-0.459787
0.753711,-0.44704
0.776057,-0.409483
0.729783,-0.390067
0.737194,-0.377662
0.752045,-0.352766
0.766951,-0.327699
0.70594,-0.332838
0.767063,-0.327357
0.706023,-0.332582
0.644928,-0.337977
0.58386,-0.343287
0.52268,-0.348938
0.522596,-0.349194
0.336349,-0.356234
0.336405,-0.356063
0.458569,-0.345358
0.580732,-0.334653
0.541528,-0.291545
0.477374,-0.288094
0.53847,-0.282698
0.724913,-0.275061
0.795563,-0.335436
0.825312,-0.312475
0.761116,-0.309151
0.696526,-0.304981
0.635458,-0.310291
0.635416,-0.310419
0.699626,-0.3137
0.69964,-0.313658
0.76063,-0.308582
0.699604,-0.313764
0.699922,-0.314845
0.700048,-0.314461
0.700104,-0.31429
0.703316,-0.322668
0.703204,-0.323009
0.764299,-0.317614
0.764299,-0.317614
0.870001,-0.266846
0.814833,-0.232861
0.814833,-0.232861
0.870057,-0.266675
0.870113,-0.266504
0.870113,-0.266504
0.934365,-0.269658
0.934365,-0.269658
0.950799,-0.309806
0.950855,-0.309635
0.950855,-0.309635
0.909234,-0.33133
0.909178,-0.3315
0.909178,-0.3315
0.909122,-0.331671
0.90901,-0.332013
0.90901,-0.332013
0.888387,-0.302219
0.953569,-0.295469
0.9057,-0.322791
0.90563,-0.323005
0.953415,-0.295939
0.953373,-0.296067
0.953471,-0.295768
0.953289,-0.296323
0.951792,-0.303833
0.910595,-0.325281
0.910707,-0.324939
0.913785,-0.309664
0.953415,-0.295939
0.953429,-0.295896
0.953401,-0.295982
0.953401,-0.295982
0.954982,-0.288216
0.928553,-0.295886
0.957976,-0.273196
0.959445,-0.265772
0.964133,-0.242646
0.964077,-0.242816
0.902183,-0.233918
0.968876,-0.219349
0.96882,-0.219519
0.96577,-0.234709
0.96577,-0.234709
0.971899,-0.204244
0.974977,-0.188969
0.974977,-0.188969
0.978083,-0.173608
0.979664,-0.165842
0.96664,-0.119552
0.961981,-0.142593
0.958875,-0.157954
0.891426,-0.15539
0.912187,-0.163363
0.847158,-0.150682
0.913028,-0.160399
0.779258,-0.158655
0.742229,-0.181154
0.678668,-0.161048
0.57647,-0.171293
0.704482,-0.208051
0.774226,-0.19752
0.772095,-0.209172
0.800123,-0.244266
0.761569,-0.27436
0.725239,-0.294934
0.686629,-0.325198
0.603827,-0.26751
0.620225,-0.325662
0.635964,-0.376903
0.678739,-0.327313
0.79495,-0.236823
0.795953,-0.233029
0.796503,-0.229143
0.794511,-0.240739
0.719479,-0.289445
0.719479,-0.289445
0.709713,-0.343542
0.785882,-0.288982
0.821922,-0.274285
0.835233,-0.247873
0.835233,-0.247873
0.759719,-0.296573
0.79686,-0.274104
0.833451,-0.255521
0.793058,-0.296331
0.789702,-0.316646
0.789051,-0.321013
0.837931,-0.233174
0.812442,-0.224766
0.836093,-0.243305
0.834126,-0.253412
0.832761,-0.262131
0.895861,-0.281168
0.895861,-0.281168
0.896857,-0.27537
0.934443,-0.250988
0.935439,-0.24519
0.934443,-0.250988
0.933207,-0.258042
0.971179,-0.232039
0.971564,-0.230418
0.971564,-0.230418
0.969943,-0.239093
0.969943,-0.239093
0.970146,-0.238285
0.969557,-0.240714
0.970553,-0.234916
0.970553,-0.234916
0.971549,-0.229118
0.972544,-0.22332
0.97232,-0.225876
0.971934,-0.227497
0.970938,-0.233295
0.971324,-0.231674
0.967633,-0.232825
0.9208,-0.23992
0.919805,-0.245718
0.867676,-0.263939
0.864853,-0.271121
0.870865,-0.245737
0.868571,-0.260297
0.814858,-0.286746
0.866987,-0.268525
0.816239,-0.279327
0.81565,-0.281756
0.76324,-0.301195
0.763136,-0.301599
0.656886,-0.349636
0.709505,-0.329391
0.709401,-0.329794
0.656276,-0.353813
0.656661,-0.352192
0.644063,-0.332853
0.591548,-0.352695
0.591548,-0.352695
0.643677,-0.334474
0.748217,-0.296815
0.747607,-0.300991
0.800122,-0.281149
0.852494,-0.262129
0.786772,-0.256053
0.904624,-0.243909
0.905618,-0.239862
0.906409,-0.22677
0.84227,-0.223222
0.777156,-0.223726
0.712631,-0.2218
0.712542,-0.232062
0.750299,-0.259143
0.81523,-0.259453
0.815121,-0.259855
0.815526,-0.258239
0.880254,-0.259356
0.788441,-0.284604
0.842165,-0.252463
0.84257,-0.250847
0.77764,-0.250537
0.80523,-0.207424
0.869879,-0.223678
0.896891,-0.197724
0.953402,-0.213136
0.953402,-0.213136
0.95396,-0.210699
0.946102,-0.162413
0.822983,-0.114834
0.794123,-0.19608
0.7895,-0.235937
0.72789,-0.21235
0.736497,-0.196435
0.88361,-0.295754
0.876305,-0.296102
0.885115,-0.279379
0.885115,-0.279379
0.885021,-0.279785
0.841061,-0.304233
0.841403,-0.302815
0.841543,-0.302206
0.841543,-0.302206
0.841498,-0.302409
0.797739,-0.326048
0.797896,-0.325443
0.797645,-0.326454
0.841358,-0.303018
0.841015,-0.304436
0.797256,-0.328074
0.754044,-0.349488
0.75425,-0.34868
0.666544,-0.39677
0.666544,-0.39677
0.697488,-0.3188
0.784982,-0.271624
0.747152,-0.32139
0.74695,-0.322198
0.746997,-0.321996
0.680308,-0.37063
0.616037,-0.372779
0.616061,-0.372678
0.609283,-0.344072
0.659928,-0.348636
0.659952,-0.348535
0.688667,-0.339584
0.732438,-0.315895
0.857463,-0.250103
0.908752,-0.210603
0.902004,-0.181871
0.901992,-0.181921
0.888197,-0.167103
0.935554,-0.180991
0.938066,-0.174749
0.929333,-0.109076
0.922683,-0.079965
0.91892,-0.042694
0.905249,0.014063
0.912114,-0.014189
0.912162,-0.013986
0.912057,-0.014416
0.919103,-0.041908
0.925905,-0.070413
0.925823,-0.070741
0.932578,-0.099449
0.932473,-0.099879
0.93232,-0.100512
0.822307,-0.169634
0.835587,-0.228011
0.842136,-0.298987
0.780747,-0.349993
0.794814,-0.322265
0.7642,-0.347439
0.764054,-0.348046
0.794719,-0.32267
0.808794,-0.294122
0.782748,-0.318744
0.775565,-0.323445
0.732244,-0.347897
0.887581,-0.252706
0.806391,-0.310092
0.806588,-0.309282
0.819673,-0.246305
0.691753,-0.213349
0.64886,-0.234771
0.518863,-0.205399
0.437376,-0.21322
0.453378,-0.192713
0.561588,-0.183403
0.756982,-0.225815
0.756662,-0.227131
0.691551,-0.2129
0.704636,-0.149923
0.756331,-0.106359
0.560601,-0.06534
0.697465,-0.122963
0.69733,-0.12352
0.898923,-0.19693
0.898923,-0.19693
0.898944,-0.196841
0.899068,-0.196335
0.905702,-0.225536
0.971049,-0.238792
0.905166,-0.231519
0.839319,-0.224108
0.839188,-0.224639
0.707903,-0.208132
0.708121,-0.207234
0.64258,-0.198557
0.642307,-0.199683
0.70804,-0.207576
0.708765,-0.214787
0.708532,-0.215736
0.643689,-0.214384
0.643785,-0.213992
0.578716,-0.213563
0.578812,-0.213171
0.644311,-0.222012
0.57942,-0.220857
0.513005,-0.205588
0.513791,-0.212546
0.70944,-0.222211
0.709351,-0.222572
0.643688,-0.2144
0.643825,-0.213844
0.669428,-0.174023
0.669438,-0.173982
0.851648,-0.212099
0.851675,-0.211985
0.851771,-0.211593
0.851724,-0.211789
0.851792,-0.211511
0.853427,-0.251272
0.970712,-0.240211
0.907124,-0.220404
0.907104,-0.220486
0.907138,-0.220347
0.907156,-0.220278
0.90717,-0.220221
0.907225,-0.219997
0.970884,-0.239526
0.97087,-0.239583
0.970801,-0.239864
0.970709,-0.240244
0.970825,-0.23977
0.970742,-0.240105
0.970704,-0.24026
0.970766,-0.24001
0.968059,-0.24732
0.96807,-0.247279
0.968053,-0.247349
0.968122,-0.247071
0.968065,-0.247305
0.906236,-0.22372
0.903543,-0.230973
0.968103,-0.24715
0.968262,-0.246508
0.968348,-0.246158
0.96838,-0.246031
0.965591,-0.253677
0.96556,-0.253803
0.965537,-0.253895
0.965505,-0.254024
0.965491,-0.254081
0.962854,-0.261113
0.962854,-0.261113
0.962746,-0.261546
0.962763,-0.261477
0.96539,-0.254489
0.960139,-0.268455
0.965525,-0.253945
0.965552,-0.253835
0.941694,-0.271494
0.944395,-0.264204
0.944324,-0.264491
0.917743,-0.28953
0.917768,-0.289428
0.789481,-0.253361
0.827152,-0.295995
0.94438,-0.26427
0.94426,-0.264752
0.944233,-0.264862
0.944191,-0.26503
0.970725,-0.240183
0.970677,-0.240379
0.970734,-0.24015
0.970734,-0.24015
0.970768,-0.240011
0.906258,-0.241173
0.841821,-0.242042
0.771417,-0.255158
0.771403,-0.255215
0.822151,-0.274038
0.886688,-0.272765
0.886723,-0.272626
0.816892,-0.266014
0.81765,-0.264029
0.805613,-0.288936
0.805648,-0.288797
0.682726,-0.278348
0.796614,-0.317874
0.853425,-0.324062
0.853418,-0.324091
0.784818,-0.355804
0.652164,-0.399099
0.5975,-0.396372
0.655936,-0.407886
0.658786,-0.404452
0.525209,-0.376551
0.519211,-0.388921
0.455183,-0.370526
0.286863,-0.379867
0.158833,-0.342972
0.063615,-0.37783
0.09196,-0.38726
0.042454,-0.407873
-0.107426,-0.440004
0.038757,-0.477073
0.070559,-0.514253
-0.079322,-0.546383
0.029978,-0.575906
-0.013118,-0.577893
0.094079,-0.559836
0.100385,-0.565874
0.187663,-0.624382
0.191397,-0.610766
0.3883,-0.586349
0.446305,-0.593255
0.444626,-0.578786
0.50527,-0.569212
0.485154,-0.582815
0.398077,-0.614331
0.4304,-0.608109
0.458718,-0.610987
0.479491,-0.591291
0.479345,-0.603245
0.568166,-0.606473
0.478647,-0.671497
0.558614,-0.655714
0.549413,-0.655661
0.455558,-0.521777
0.469537,-0.502588
0.462923,-0.511041
0.44479,-0.445551
0.410295,-0.459901
0.495405,-0.517283
0.49008,-0.552797
0.514565,-0.521931
0.461184,-0.527162
0.572776,-0.52011
0.512074,-0.529704
0.514727,-0.530587
0.451042,-0.541715
0.433438,-0.505451
0.492442,-0.500798
0.418822,-0.585771
0.275179,-0.566156
0.288422,-0.561695
0.32745,-0.585277
0.448153,-0.576658
0.351175,-0.563334
0.286173,-0.580356
0.235885,-0.570111
0.294889,-0.565459
0.361531,-0.543515
0.357444,-0.517995
0.251872,-0.489479
0.341923,-0.511904
0.330577,-0.543207
0.231386,-0.527993
0.126452,-0.514951
0.184975,-0.511505
0.080945,-0.504945
0.039879,-0.418557
-0.005147,-0.407345
-0.019125,-0.423209
0.090615,-0.387635
0.104593,-0.371771
0.093952,-0.381624
0.093941,-0.390534
0.046062,-0.385617
0.221138,-0.375526
0.172339,-0.402582
0.052494,-0.446288
0.105203,-0.452951
-0.026137,-0.339596
-0.076425,-0.329351
-0.122238,-0.315636
-0.181242,-0.320288
-0.018656,-0.363363
-0.07766,-0.368015
0.000246,-0.302862
0.058873,-0.268665
0.098222,-0.265425
0.265048,-0.297071
0.275407,-0.278695
0.215588,-0.242341
0.210853,-0.220246
0.049472,-0.162231
0.137106,-0.234302
0.358368,-0.310587
0.399734,-0.264258
0.340729,-0.268911
0.395436,-0.253624
0.331259,-0.224719
0.331697,-0.236181
0.294556,-0.249085
0.226082,-0.209546
0.288945,-0.204066
0.163704,-0.151145
0.290745,-0.174571
0.292983,-0.156537
0.229244,-0.139093
0.165478,-0.124755
0.067766,-0.127518
0.101873,-0.116485
-0.022662,-0.09337
0.108064,-0.142318
0.107786,-0.148068
-0.082743,-0.102608
0.108618,-0.140016
0.171669,-0.150589
-0.018977,-0.118893
0.112235,-0.103961
0.170489,-0.125377
0.23644,-0.116748
0.170462,-0.117339
0.170462,-0.117339
-0.086733,-0.065599
-0.022993,-0.083043
0.00884,-0.129694
-0.091476,-0.083323
-0.025365,-0.091904
0.040181,-0.102157
0.103355,-0.121271
0.171273,-0.122662
0.164723,-0.147576
0.164723,-0.147576
0.292201,-0.182463
0.35594,-0.199906
0.35594,-0.199906
0.35594,-0.199906
0.419115,-0.219021
0.419115,-0.219021
0.419115,-0.219021
0.482854,-0.236464
0.520399,-0.28086
0.456659,-0.263417
0.329181,-0.22853
0.395292,-0.237112
0.35594,-0.199906
0.357747,-0.192716
0.421486,-0.210159
0.487032,-0.220412
0.575016,-0.291397
0.641127,-0.299979
0.647677,-0.275065
0.650048,-0.266203
0.647677,-0.275065
0.647677,-0.275065
0.717204,-0.287856
0.779137,-0.312491
0.774393,-0.330214
0.831103,-0.357829
0.776141,-0.378869
0.740824,-0.398916
0.800385,-0.432412
0.779828,-0.37754
0.835702,-0.412365
0.835702,-0.412365
0.835702,-0.412365
0.871018,-0.392319
0.871018,-0.392319
0.714428,-0.429857
0.714428,-0.429857
0.766428,-0.417177
0.581185,-0.473921
0.604462,-0.454869
0.712015,-0.42165
0.64255,-0.410046
0.690945,-0.399024
0.571528,-0.385285
0.63429,-0.36143
0.533251,-0.37843
0.533251,-0.37843
0.481251,-0.39111
0.36161,-0.39989
0.41361,-0.38721
0.411238,-0.396072
0.468348,-0.388691
0.403079,-0.37593
0.403079,-0.37593
0.214385,-0.311062
0.19259,-0.242457
0.304862,-0.244173
0.36776,-0.265795
0.378657,-0.300098
0.389555,-0.3344
0.400452,-0.368703
0.333087,-0.386024
0.391654,-0.363326
0.465116,-0.325888
0.653809,-0.390756
0.779605,-0.434001
0.817237,-0.414362
0.817237,-0.414362
0.817237,-0.414362
0.765236,-0.427042
0.765236,-0.427042
0.75424,-0.409676
0.75424,-0.409676
0.750892,-0.406478
0.687895,-0.401792
0.687895,-0.401792
0.687895,-0.401792
0.750892,-0.406478
0.716256,-0.426612
0.654421,-0.425572
0.610161,-0.487463
0.578149,-0.494333
0.508877,-0.534601
0.40497,-0.595004
0.40497,-0.595004
0.256145,-0.674602
0.221509,-0.694736
0.16616,-0.704218
0.242222,-0.705389
0.311494,-0.66512
0.311494,-0.66512
0.247317,-0.656715
0.218948,-0.631858
0.229495,-0.511995
0.201126,-0.487138
0.235762,-0.467004
0.333403,-0.451592
0.463696,-0.386166
0.400691,-0.381443
0.45743,-0.431157
0.491373,-0.360662
0.582749,-0.390241
0.584733,-0.420122
0.586717,-0.450002
0.655989,-0.409733
0.588702,-0.479882
0.556676,-0.488052
0.460326,-0.482983
0.494962,-0.462849
0.426686,-0.479856
0.525631,-0.473384
0.589956,-0.486622
0.407663,-0.524508
0.426405,-0.546716
0.461041,-0.526582
0.344911,-0.595877
0.313931,-0.582985
0.25499,-0.640081
0.178713,-0.703325
0.371374,-0.646878
0.281855,-0.682351
0.299894,-0.690381
0.315901,-0.612604
0.185295,-0.547956
0.185295,-0.547956
0.04938,-0.482235
0.146828,-0.618028
0.180239,-0.629748
0.106561,-0.61697
0.170015,-0.609008
0.113637,-0.648939
0.1638,-0.683687
0.23881,-0.603714
0.107976,-0.536578
0.084392,-0.549781
0.09402,-0.552429
0.145008,-0.546511
0.09017,-0.450674
0.066348,-0.524004
0.05672,-0.521356
0.138963,-0.624478
0.148591,-0.627126
0.098382,-0.620903
0.059214,-0.47007
0.191165,-0.412616
0.029739,-0.282544
0.178505,-0.528793
0.17202,-0.457098
0.204905,-0.457732
0.202618,-0.532195
0.108191,-0.514933
0.187807,-0.54263
0.100516,-0.533385
0.163062,-0.645347
0.188963,-0.646774
0.171069,-0.650917
0.353688,-0.792891
0.365274,-0.786781
0.385954,-0.782497
0.331899,-0.776842
0.340166,-0.770051
0.315367,-0.790424
0.320033,-0.75131
0.213889,-0.70608
0.334706,-0.800776
0.334706,-0.800776
0.365014,-0.799142
0.334706,-0.800776
0.27409,-0.804045
0.225131,-0.783821
0.222182,-0.776264
0.290155,-0.77749
0.320463,-0.775856
0.402712,-0.817872
0.45167,-0.838096
0.421362,-0.83973
0.421362,-0.83973
0.41922,-0.84135
0.408949,-0.849928
0.399628,-0.857551
0.399628,-0.857551
0.39401,-0.861223
0.434639,-0.862312
0.37625,-0.848406
0.280241,-0.855716
0.218101,-0.879754
0.291079,-0.882056
0.325782,-0.881088
0.35609,-0.879454
0.246744,-0.870509
0.306545,-0.856611
0.276237,-0.858246
0.257596,-0.836427
0.227289,-0.838061
0.296821,-0.856546
0.317727,-0.876923
0.388009,-0.866572
0.44636,-0.864745
0.416052,-0.86638
0.44636,-0.864745
0.403735,-0.818928
0.450767,-0.861683
0.44636,-0.864745
0.44636,-0.864745
0.44636,-0.864745
0.44636,-0.864745
0.481075,-0.860049
0.481075,-0.860049
0.481075,-0.860049
0.476668,-0.86311
0.487365,-0.853203
0.482958,-0.856265
0.482958,-0.856265
0.453748,-0.858365
0.453748,-0.858365
0.464446,-0.848458
0.493655,-0.846358
0.504353,-0.836451
0.454419,-0.804457
0.495424,-0.792915
0.506122,-0.783008
0.484727,-0.802823
0.484727,-0.802823
0.534661,-0.834816
0.534661,-0.834816
0.534661,-0.834816
0.527629,-0.7579
0.478961,-0.750534
0.549182,-0.710779
0.538484,-0.720686
0.546145,-0.743168
0.56754,-0.723353
0.588935,-0.703539
0.553208,-0.649626
0.588935,-0.703539
0.578237,-0.713446
0.588935,-0.703539
0.578237,-0.713446
0.588935,-0.703539
0.578237,-0.713446
0.546931,-0.661426
0.578237,-0.713446
0.56754,-0.723353
0.56754,-0.723353
0.561953,-0.810641
0.598846,-0.775374
0.588149,-0.785281
0.609544,-0.765467
0.574363,-0.742953
0.552968,-0.762767
0.54227,-0.772674
0.563481,-0.799587
0.498995,-0.783126
0.556937,-0.788571
0.556937,-0.788571
0.560209,-0.794079
0.561769,-0.793114
0.583164,-0.773299
0.572467,-0.783207
0.515506,-0.748796
0.568465,-0.73886
0.48684,-0.688979
0.531855,-0.72309
0.478014,-0.643279
0.53135,-0.659013
0.508619,-0.581846
0.497922,-0.591754
0.54213,-0.672567
0.505063,-0.587201
0.497139,-0.626038
0.480952,-0.559887
0.486849,-0.555526
0.474125,-0.599908
0.414135,-0.531923
0.480752,-0.570646
0.528638,-0.558786
0.534535,-0.554424
0.537088,-0.551784
0.51202,-0.504873
0.40478,-0.426313
0.40049,-0.425814
0.426969,-0.534367
0.404945,-0.583878
0.318503,-0.572956
0.305141,-0.547611
0.409061,-0.541895
0.454976,-0.56246
0.441725,-0.575008
0.328806,-0.553956
0.386276,-0.562928
0.437164,-0.605096
0.419699,-0.544
0.586065,-0.619513
0.570381,-0.636072
0.56078,-0.647163
0.603636,-0.661847
0.677395,-0.713954
0.627648,-0.701357
0.641227,-0.693193
0.581905,-0.661621
0.589116,-0.655975
0.614663,-0.631266
0.668949,-0.672127
0.662835,-0.678958
0.662835,-0.678958
0.667636,-0.673412
0.672436,-0.667867
0.666988,-0.674064
0.662188,-0.67961
0.662853,-0.678976
0.686341,-0.625717
0.691141,-0.620172
0.752153,-0.649875
0.756954,-0.64433
0.74267,-0.576087
0.752271,-0.564996
0.770689,-0.628326
0.756288,-0.644963
0.765889,-0.633872
0.739555,-0.642544
0.744356,-0.636999
0.744356,-0.636999
0.708421,-0.656763
0.708421,-0.656763
0.713221,-0.651217
0.722822,-0.640126
0.725042,-0.650413
0.729954,-0.653636
0.69882,-0.667854
0.725154,-0.659181
0.689219,-0.678945
0.57377,-0.648519
0.57377,-0.648519
0.453521,-0.623638
0.39315,-0.609957
0.517734,-0.577727
0.498099,-0.538737
0.559186,-0.530854
0.559186,-0.530854
0.438445,-0.503492
0.327963,-0.372431
0.267593,-0.35875
0.332764,-0.366885
0.322612,-0.304451
0.438552,-0.337358
0.421692,-0.245537
0.356522,-0.237401
0.301258,-0.21844
0.287392,-0.390671
0.237831,-0.346817
0.120682,-0.362669
0.057559,-0.330943
0.007549,-0.382656
-0.015968,-0.445595
0.038185,-0.480944
0.114498,-0.522897
0.144947,-0.568934
0.061476,-0.54703
0.066088,-0.497624
-0.009507,-0.460924
0.022681,-0.472465
0.051667,-0.460149
0.079505,-0.518737
0.13888,-0.552407
0.131047,-0.586691
0.139234,-0.590391
0.000567,-0.58397
-0.053712,-0.605431
-0.075464,-0.607957
-0.045459,-0.601747
0.001163,-0.558849
-0.002524,-0.634489
0.12318,-0.611504
0.173928,-0.607076
0.334173,-0.605243
0.401537,-0.647622
0.365586,-0.65911
0.325202,-0.599302
0.333917,-0.601186
0.388162,-0.603258
0.416162,-0.556803
0.450154,-0.534736
0.309296,-0.589592
0.308699,-0.560826
0.294041,-0.556895
0.294969,-0.529389
0.298994,-0.45891
0.298994,-0.45891
0.455618,-0.570622
0.581689,-0.549652
0.543096,-0.49731
0.530841,-0.507
0.585666,-0.571264
0.58683,-0.569843
0.508403,-0.466515
0.522689,-0.460767
0.495344,-0.400285
0.45427,-0.350655
0.490459,-0.405773
0.335162,-0.292047
0.374919,-0.342967
0.376159,-0.341612
0.34965,-0.243199
0.34965,-0.243199
0.46909,-0.360392
0.546276,-0.465075
0.507511,-0.353529
0.545513,-0.406573
0.494789,-0.362592
0.629109,-0.503445
0.672433,-0.550167
0.710454,-0.603227
0.665396,-0.607027
0.658778,-0.611943
0.616105,-0.61295
0.60243,-0.674711
0.549089,-0.686385
0.547925,-0.687807
0.528736,-0.704631
0.621637,-0.693369
0.576064,-0.697938
0.549089,-0.686385
0.558111,-0.678692
0.615605,-0.662868
0.743893,-0.656151
0.743893,-0.656151
0.761365,-0.641483
0.769796,-0.634493
0.75961,-0.643608
0.745386,-0.657762
0.743907,-0.658412
0.759855,-0.644324
0.759855,-0.644324
0.761018,-0.642902
0.757231,-0.646412
0.724069,-0.67586
0.750556,-0.651278
0.76418,-0.62522
0.703054,-0.509158
0.745216,-0.553892
0.738279,-0.572878
0.789252,-0.613973
0.78868,-0.614692
0.78868,-0.614692
0.78868,-0.614692
0.773869,-0.562107
0.789252,-0.613973
0.548583,-0.309467
0.550657,-0.308093
0.537138,-0.318457
0.615306,-0.421349
0.557115,-0.479746
0.557115,-0.479746
0.527441,-0.373558
0.527441,-0.373558
0.566528,-0.425006
0.654731,-0.473563
0.733815,-0.576507
0.733531,-0.576868
0.732959,-0.577587
0.734098,-0.576146
0.74691,-0.566686
0.731486,-0.578033
0.730626,-0.579109
0.714631,-0.591175
0.70064,-0.600727
0.716919,-0.5883
0.717343,-0.587757
0.702781,-0.598028
0.702781,-0.598028
0.703925,-0.59659
0.75843,-0.636687
0.710938,-0.642077
0.695231,-0.653785
0.680096,-0.664775
0.680096,-0.664775
0.694659,-0.654504
0.669535,-0.593053
0.669535,-0.593053
0.621183,-0.599518
0.605217,-0.611832
0.643222,-0.662733
0.595446,-0.668484
0.555838,-0.619433
0.570978,-0.608447
0.519736,-0.60745
0.411334,-0.620298
0.402968,-0.578532
0.447849,-0.53525
0.345072,-0.503544
0.32739,-0.515327
0.374882,-0.509937
0.427835,-0.508773
0.499153,-0.457063
0.471494,-0.397633
0.439448,-0.389652
0.394112,-0.342009
0.438381,-0.369617
0.501106,-0.405831
0.437524,-0.372424
0.475796,-0.344717
0.574701,-0.431612
0.556452,-0.444117
0.566233,-0.439817
0.600644,-0.493198
0.541895,-0.472877
0.505315,-0.460515
0.505315,-0.460515
0.456188,-0.411802
0.459848,-0.449555
0.459848,-0.449555
0.53606,-0.467389
0.535772,-0.467746
0.425783,-0.481391
0.423271,-0.442204
0.369021,-0.446503
0.374035,-0.436323
0.373606,-0.436861
0.487109,-0.461147
0.384007,-0.37346
0.262278,-0.320938
0.199504,-0.381166
0.166699,-0.428273
0.273193,-0.46526
0.273552,-0.464811
0.309793,-0.526339
0.294248,-0.410671
0.28083,-0.4721
0.227002,-0.470985
0.325271,-0.518859
0.261076,-0.476957
0.199634,-0.431051
0.201888,-0.504086
0.101649,-0.452053
0.155051,-0.453709
0.268317,-0.532726
0.163286,-0.531724
0.430114,-0.573629
0.378029,-0.627214
0.220014,-0.624776
0.323321,-0.622664
0.484377,-0.626549
0.440442,-0.633943
0.437533,-0.58891
0.478738,-0.536259
0.475618,-0.491499
0.469731,-0.526621
0.522991,-0.528458
0.472795,-0.571107
0.479797,-0.552193
0.470201,-0.542958
0.521122,-0.499042
0.571475,-0.455848
0.571475,-0.455848
0.625301,-0.456961
0.622003,-0.412427
0.579332,-0.385589
0.578187,-0.40475
0.621924,-0.396428
0.678942,-0.442212
0.679083,-0.442031
0.575505,-0.484561
0.573138,-0.440756
0.600893,-0.388829
0.600893,-0.388829
0.57852,-0.37946
0.627305,-0.567263
0.57513,-0.565609
0.624894,-0.521599
0.628226,-0.566088
0.621703,-0.476929
0.674799,-0.477408
0.731227,-0.522376
0.689533,-0.578494
0.689533,-0.578494
0.689533,-0.578494
0.795725,-0.579452
0.800463,-0.547072
0.800463,-0.547072
0.80597,-0.516921
0.810708,-0.484541
0.805201,-0.514692
0.800463,-0.547072
0.788218,-0.556872
0.783481,-0.589252
0.783481,-0.589252
0.783481,-0.589252
0.783481,-0.589252
0.740475,-0.562054
0.723493,-0.604233
0.735738,-0.594434
0.735738,-0.594434
0.735738,-0.594434
0.790987,-0.611832
0.790987,-0.611832
0.73803,-0.611539
0.73803,-0.611539
0.685073,-0.611245
0.73803,-0.611539
0.73803,-0.611539
0.685073,-0.611245
0.526202,-0.610363
0.526202,-0.610363
0.417314,-0.605072
0.576185,-0.605953
0.514349,-0.626638
0.509133,-0.626155
0.509133,-0.626155
0.56209,-0.626448
0.670978,-0.63174
0.670978,-0.63174
0.57402,-0.636284
0.629951,-0.641281
0.685881,-0.646279
0.630245,-0.656241
0.6215,-0.650038
0.671272,-0.646699
0.671272,-0.646699
0.671272,-0.646699
0.607194,-0.671604
0.510582,-0.674971
0.445587,-0.665453
0.513092,-0.671227
0.513092,-0.671227
0.577171,-0.646322
0.574239,-0.649633
0.653118,-0.637153
0.65605,-0.633842
0.559438,-0.637208
0.638317,-0.624728
0.588545,-0.628067
0.537362,-0.63311
0.537784,-0.633543
0.637328,-0.626865
0.637328,-0.626865
0.637328,-0.626865
0.637328,-0.626865
0.620464,-0.639535
0.673168,-0.632885
0.673168,-0.632885
0.588967,-0.6285
0.591899,-0.625189
0.509136,-0.596961
0.558908,-0.593622
0.509136,-0.596961
0.468195,-0.498043
0.360727,-0.453994
0.455856,-0.498445
0.558235,-0.536056
0.608007,-0.532717
0.602042,-0.467726
0.583302,-0.516896
0.662444,-0.5803
0.662444,-0.5803
0.662444,-0.5803
0.657925,-0.585082
0.69171,-0.600697
0.69623,-0.595915
0.681453,-0.594681
0.571488,-0.587845
0.617797,-0.642546
0.535207,-0.584143
0.400869,-0.55192
0.454829,-0.553613
0.482369,-0.52647
0.428409,-0.524777
0.421945,-0.539404
0.394946,-0.389926
0.40141,-0.375299
0.30421,-0.314785
0.262239,-0.264936
0.262239,-0.264936
0.162829,-0.176549
0.225296,-0.093241
0.111888,-0.080609
0.111888,-0.080609
0.12,-0.13406
0.063994,-0.128918
0.114768,-0.12661
0.033055,0.009591
-0.029572,-0.021826
-0.037142,-0.051906
-0.007983,0.047666
0.027524,-0.016811
0.080964,-0.061259
0.018894,-0.006115
0.070033,-0.083704
0.116395,-0.138785
0.06669,-0.094592
-0.017999,-0.079721
-0.00924,-0.066878
0.024998,-0.122383
0.128525,-0.120538
0.175634,-0.090791
0.076223,-0.002404
0.031764,0.029189
0.025464,-0.009863
0.113052,-0.149672
0.162757,-0.193866
0.19103,-0.285619
0.146391,-0.153528
0.097646,-0.062716
0.041641,-0.057574
-0.01719,-0.055637
0.032994,-0.099371
-0.013887,-0.051973
0.191234,-0.189696
0.197534,-0.150644
0.048897,-0.017604
-0.000808,0.02659
0.303723,-0.19952
-0.006152,-0.011542
0.049375,-0.017144
-0.00033,0.02705
-0.063592,-0.007779
-0.175125,0.002965
-0.185172,-0.015985
-0.294151,0.053912
-0.2222,0.015992
-0.327911,0.065327
-0.237332,0.007484
-0.186572,0.002637
-0.185518,0.041985
-0.213791,0.133738
-0.157785,0.128596
-0.150431,0.206995
-0.253101,0.163237
-0.275587,0.076331
-0.309106,0.16838
-0.295804,0.212687
-0.21901,0.154453
-0.177723,0.145219
-0.082021,0.0246
-0.216004,0.165689
-0.166299,0.121495
-0.26571,0.209883
-0.336847,0.206517
-0.345854,0.11101
-0.269937,0.166791
-0.384694,0.200221
-0.388737,0.19684
-0.438442,0.241034
-0.494447,0.246176
-0.487915,0.238889
-0.501004,0.219602
-0.501004,0.219602
-0.566055,0.208839
-0.52265,0.125594
-0.521747,0.091911
-0.578469,0.085232
-0.500722,0.055071
-0.407612,-0.072368
-0.344403,-0.072142
-0.460779,-0.016849
-0.588404,0.074874
-0.520701,0.181518
-0.581232,0.260613
-0.588156,0.283263
-0.743572,0.376793
-0.73669,0.368395
-0.738765,0.404197
-0.71522,0.504362
-0.691954,0.576508
-0.664044,0.631665
-0.68101,0.598571
-0.670345,0.592614
-0.685654,0.61556
-0.708017,0.509731
-0.693568,0.506214
-0.704233,0.512171
-0.714899,0.518128
-0.723005,0.546443
-0.723005,0.546443
-0.700825,0.527763
-0.703481,0.601895
-0.703481,0.601895
-0.700922,0.624253
-0.700922,0.624253
-0.710684,0.596527
-0.697181,0.640947
-0.61399,0.683755
-0.61399,0.683755
-0.62964,0.754066
-0.565792,0.73428
-0.590032,0.701174
-0.631748,0.682558
-0.624545,0.687926
-0.617341,0.693295
-0.671356,0.735451
-0.671356,0.735451
-0.671356,0.735451
-0.671356,0.735451
-0.671356,0.735451
-0.671356,0.735451
-0.671356,0.735451
-0.671356,0.735451
-0.685763,0.724714
-0.702954,0.696175
-0.702954,0.696175
-0.692966,0.719345
-0.69982,0.70967
-0.687034,0.71749
-0.674248,0.725309
-0.679831,0.722858
-0.625509,0.714742
-0.632712,0.709373
-0.645498,0.701554
-0.645498,0.701554
-0.645498,0.701554
-0.645498,0.701554
-0.627528,0.710653
-0.639994,0.649593
-0.587733,0.642366
-0.490885,0.633644
-0.545556,0.646067
-0.540051,0.594107
-0.527557,0.577983
-0.527557,0.577983
-0.527557,0.577983
-0.47598,0.612323
-0.47598,0.612323
-0.47598,0.612323
-0.421309,0.5999
-0.481485,0.664284
-0.446214,0.671609
-0.446214,0.671609
-0.41516,0.596843
-0.409087,0.601557
-0.420741,0.656575
-0.420741,0.656575
-0.530083,0.681421
-0.52401,0.686135
-0.584754,0.693844
-0.530083,0.681421
-0.584754,0.693844
-0.584754,0.693844
-0.639425,0.706268
-0.645498,0.701554
-0.645498,0.701554
-0.645498,0.701554
-0.645498,0.701554
-0.645498,0.701554
-0.645498,0.701554
-0.645498,0.701554
-0.645498,0.701554
-0.538685,0.682109
-0.538685,0.682109
-0.616752,0.710646
-0.566498,0.706511
-0.645498,0.701554
-0.700169,0.713977
-0.643571,0.687961
-0.643571,0.687961
-0.700169,0.713977
-0.700169,0.713977
-0.700169,0.713977
-0.700169,0.713977
-0.700169,0.713977
-0.648017,0.706939
-0.595866,0.699901
-0.648017,0.706939
-0.648017,0.706939
-0.648017,0.706939
-0.648017,0.706939
-0.644772,0.709736
-0.644772,0.709736
-0.588241,0.689002
-0.648017,0.706939
-0.700169,0.713977
-0.700169,0.713977
-0.700169,0.713977
-0.700169,0.713977
-0.700169,0.713977
-0.700169,0.713977
-0.700169,0.713977
-0.700169,0.713977
-0.700169,0.713977
-0.700169,0.713977
-0.700169,0.713977
-0.700169,0.713977
-0.700169,0.713977
-0.700169,0.713977
-0.700169,0.713977
-0.700169,0.713977
-0.700169,0.713977
-0.700169,0.713977
-0.700169,0.713977
-0.662474,0.720261
-0.662474,0.720261
-0.662474,0.720261
-0.662474,0.720261
-0.662474,0.720261
-0.662474,0.720261
-0.662474,0.720261
-0.662474,0.720261
-0.664355,0.718258
-0.674042,0.698975
-0.634465,0.707262
-0.634465,0.707262
-0.54013,0.691212
-0.512121,0.678213
-0.484113,0.665214
-0.474426,0.684497
-0.487047,0.661928
-0.496734,0.642645
-0.563062,0.645697
-0.543688,0.684263
-0.581383,0.677979
-0.620947,0.658112
-0.620947,0.658112
-0.6317,0.649126
-0.679083,0.623559
-0.712961,0.629986
-0.715896,0.6267
-0.715896,0.6267
-0.718831,0.623414
-0.721766,0.620129
-0.750826,0.56228
-0.788522,0.555996
-0.78764,0.565421
-0.777953,0.584704
-0.777953,0.584704
-0.763918,0.608964
-0.765548,0.607467
-0.763144,0.618486
-0.756283,0.634386
-0.762153,0.627815
-0.769436,0.619551
-0.775305,0.61298
-0.775305,0.61298
-0.771488,0.625691
-0.764736,0.641687
-0.732188,0.657626
-0.669515,0.630303
-0.589233,0.64589
-0.636247,0.619293
-0.645949,0.648349
-0.645949,0.648349
-0.644427,0.634539
-0.644427,0.634539
-0.584272,0.638667
-0.632687,0.647683
-0.705788,0.616464
-0.713071,0.608201
-0.661366,0.575954
-0.649586,0.590338
-0.690197,0.634489
-0.621799,0.622902
-0.679813,0.550027
-0.622905,0.532677
-0.634644,0.519533
-0.592767,0.455898
-0.6635,0.442073
-0.646491,0.483915
-0.643557,0.487201
-0.713562,0.56588
-0.622416,0.446776
-0.62535,0.443491
-0.533146,0.337191
-0.461542,0.356444
-0.496383,0.439358
-0.347887,0.369964
-0.296039,0.328893
-0.227581,0.281208
-0.062142,0.195659
0.000446,0.141401
0.021802,0.188221
0.021802,0.188221
0.18651,0.084345
0.137162,0.154912
0.191945,0.117128
0.191945,0.117128
0.012006,0.195445
-0.035138,0.250971
-0.055686,0.336351
-0.109739,0.392462
-0.055686,0.336351
-0.164088,0.404036
-0.110718,0.36456
-0.062819,0.372762
-0.07194,0.326852
-0.093301,0.276935
-0.14507,0.308214
-0.02726,0.26944
-0.031964,0.254984
0.010476,0.185003
0.019724,0.239261
0.081403,0.218681
-0.075102,0.340914
-0.022684,0.29388
0.036818,0.218029
-0.014521,0.338811
-0.021268,0.314049
-0.084569,0.315903
-0.189721,0.398223
-0.172177,0.343077
-0.292658,0.463891
-0.328285,0.519549
-0.328285,0.519549
-0.328566,0.508513
-0.274801,0.4694
-0.213544,0.457241
-0.209797,0.470717
-0.10014,0.448548
-0.099182,0.449527
-0.206626,0.518192
-0.201922,0.532648
-0.370336,0.596473
-0.257229,0.543243
-0.312824,0.570837
-0.20288,0.531669
-0.201922,0.532648
-0.145368,0.506033
-0.143165,0.490991
-0.086612,0.464376
-0.144123,0.490012
-0.257229,0.543243
-0.25551,0.527717
-0.142403,0.474487
-0.087096,0.463892
-0.08758,0.463407
-0.143649,0.490507
0.023574,0.433351
0.192275,0.352526
0.191317,0.351547
0.192042,0.360174
0.133519,0.394183
0.248067,0.342416
0.30462,0.315801
0.356766,0.319268
0.296997,0.369297
0.352304,0.358702
0.352304,0.358702
0.249588,0.343401
0.301734,0.346868
0.304545,0.365955
0.344385,0.324811
0.408345,0.342079
0.406257,0.360438
0.463548,0.314405
0.473316,0.268609
0.430817,0.199969
0.525125,0.135504
0.520728,0.14335
0.616727,0.17822
0.516215,0.147879
0.520612,0.140033
0.582762,0.170425
0.582762,0.170425
0.637719,0.19665
0.689981,0.203434
0.742126,0.206901
0.695964,0.164986
0.742126,0.206901
0.788289,0.248817
0.73394,0.260391
0.748727,0.184015
0.756292,0.124554
0.755555,0.115265
0.750295,0.132742
0.653562,0.078993
0.700462,0.130197
0.744306,0.183836
0.742102,0.198878
0.69594,0.156962
0.677848,0.189095
0.816336,0.314842
0.894907,0.326985
0.894907,0.326985
0.838072,0.292164
0.838072,0.292164
0.87054,0.337691
0.87054,0.337691
0.87054,0.337691
0.930316,0.366759
0.930316,0.366759
0.930316,0.366759
0.930316,0.366759
0.864353,0.275758
0.897335,0.321259
0.897335,0.321259
0.864353,0.275758
0.864353,0.275758
0.864353,0.275758
0.864353,0.275758
0.897335,0.321259
0.897335,0.321259
0.897335,0.321259
0.897335,0.321259
0.88632,0.335703
0.897335,0.321259
0.871071,0.27604
0.83809,0.230539
0.778845,0.13982
0.811826,0.18532
0.776665,0.110866
0.778845,0.13982
0.778845,0.13982
0.772127,0.139539
0.604668,-0.024907
0.726509,0.156842
