0.555712,-0.278855
0.766282,-0.102838
0.728908,-0.093431
0.730937,-0.082927
0.734002,-0.102534
0.739256,-0.070559
0.657118,-0.190014
0.702124,-0.121077
0.405063,0.081222
0.443932,0.345158
0.716219,0.151456
0.61264,0.169461
0.565484,-0.077817
0.456538,-0.032282
0.342379,0.200512
0.342379,0.200512
0.342379,0.200512
0.500355,0.079875
0.443122,0.036543
0.383359,0.166705
0.277097,0.198475
0.303779,0.246433
0.464903,0.103519
0.468589,0.093117
0.357506,0.016603
0.443506,0.055243
0.492689,0.13987
0.621452,0.144769
0.369628,0.211468
0.418401,0.267518
0.759396,0.248961
0.844247,0.340732
0.844247,0.340732
0.842431,0.345884
0.844247,0.340732
0.840237,0.351964
0.838421,0.357115
0.840237,0.351964
0.767238,0.171743
0.765043,0.177823
0.886078,0.228825
0.887515,0.224601
0.88971,0.218522
0.925491,0.229899
0.691078,0.295368
0.559547,0.293722
0.820415,0.303093
0.942791,0.329984
0.942791,0.329984
0.944985,0.323905
0.947179,0.317825
0.944985,0.323905
0.944985,0.323905
0.944985,0.323905
0.817929,0.28382
0.815735,0.2899
0.820123,0.277741
0.695261,0.231577
0.714425,0.206374
0.630086,0.103726
0.630086,0.103726
0.528776,0.0202
0.526582,0.02628
0.590055,0.135808
0.590055,0.135808
0.533165,0.008041
0.638863,0.079408
0.640806,0.071307
0.546225,0.119914
0.664982,0.303153
0.852451,0.212504
0.85488,0.184722
0.645912,0.014207
0.432323,-0.118889
0.429895,-0.091107
0.643719,0.023844
0.855115,0.166577
0.805052,0.025364
0.859971,0.111013
0.859971,0.111013
0.859971,0.111013
0.852687,0.194359
0.958385,0.265725
0.708256,0.311959
0.577369,0.317375
0.701655,0.309059
0.455697,0.331149
0.579111,0.321014
0.584888,0.276826
0.711191,0.244596
0.587776,0.254732
0.47674,0.223579
0.47674,0.223579
0.47674,0.223579
0.229911,0.24385
0.603043,0.19135
0.85276,0.148984
0.603043,0.19135
0.666297,0.139827
0.48561,0.086481
0.598466,0.042793
0.601354,0.020699
0.742245,-0.165892
0.731111,-0.050214
0.673839,-0.113695
0.72627,-0.101029
0.545717,-0.169669
0.542828,-0.147575
0.50588,-0.196883
0.482194,-0.141666
0.229795,-0.238064
0.236088,-0.404557
0.107983,-0.441456
0.301606,-0.43466
0.282269,-0.300407
0.293403,-0.416085
0.30318,-0.503306
0.451809,-0.399026
0.605449,-0.474022
0.754079,-0.369742
0.758919,-0.318927
0.754079,-0.369742
0.704535,-0.404502
0.775693,-0.280575
0.668333,-0.4571
0.756894,-0.38049
0.80503,-0.340356
0.849732,-0.356412
0.893026,-0.367093
0.893026,-0.367093
0.888186,-0.417908
0.888186,-0.417908
0.893026,-0.367093
0.902708,-0.265462
0.897867,-0.316278
0.897867,-0.316278
0.907549,-0.214647
0.897867,-0.316278
0.897867,-0.316278
0.888186,-0.417908
0.8047,-0.501148
0.726055,-0.533572
0.8047,-0.501148
0.8047,-0.501148
0.568765,-0.59842
0.64741,-0.565996
0.64741,-0.565996
0.8047,-0.501148
0.741399,-0.53642
0.741399,-0.53642
0.883345,-0.468724
0.820038,-0.370955
0.820038,-0.370955
0.820038,-0.370955
0.883345,-0.468724
0.883345,-0.468724
0.883345,-0.468724
0.883345,-0.468724
0.883345,-0.468724
0.883345,-0.468724
0.883345,-0.468724
0.883345,-0.468724
0.808696,-0.502253
0.850591,-0.376146
0.850591,-0.376146
0.850591,-0.376146
0.603197,-0.344917
0.433223,-0.363517
0.153075,-0.23971
0.108407,-0.282459
0.232105,-0.298074
0.57225,-0.248666
0.57225,-0.248666
0.324855,-0.217437
0.390362,-0.402593
0.761454,-0.449436
0.763261,-0.445763
0.747464,-0.467468
0.747464,-0.467468
0.674571,-0.520918
0.646591,-0.55698
0.756298,-0.590626
0.756298,-0.590626
0.728318,-0.626689
0.818814,-0.547862
0.850408,-0.504453
0.862591,-0.490094
0.529667,-0.284994
0.380061,-0.351977
0.381993,-0.356456
0.547695,-0.503199
0.545889,-0.506872
0.819383,-0.480177
0.894185,-0.446685
0.892379,-0.450358
0.894185,-0.446685
0.894185,-0.446685
0.693985,-0.483876
0.891826,-0.450774
0.894185,-0.446685
0.899606,-0.435666
0.897799,-0.439339
0.892379,-0.450358
0.890572,-0.454032
0.894185,-0.446685
0.895992,-0.443012
0.780164,-0.379099
0.785585,-0.368079
0.781971,-0.375426
0.786528,-0.334198
0.676121,-0.259265
0.674314,-0.262938
0.791086,-0.29297
0.789279,-0.296644
0.561237,-0.16147
0.555579,-0.170357
0.716502,-0.317459
0.840739,-0.334931
0.855292,-0.279632
0.742098,-0.231118
0.946986,-0.019718
0.95335,0.025183
0.940622,-0.064618
0.934258,-0.109519
0.927894,-0.15442
0.927894,-0.15442
0.817278,-0.016338
0.940622,-0.064618
0.940622,-0.064618
0.93468,-0.108711
0.934258,-0.109519
0.927894,-0.15442
0.927894,-0.15442
0.95335,0.025183
0.95335,0.025183
0.95335,0.025183
0.940622,-0.064618
0.946986,-0.019718
0.95335,0.025183
0.966079,0.114984
0.972443,0.159885
0.972443,0.159885
0.966079,0.114984
0.966079,0.114984
0.966079,0.114984
0.959714,0.070084
0.95335,0.025183
0.959714,0.070084
0.966079,0.114984
0.966079,0.114984
0.958721,0.068279
0.834168,0.100169
0.840532,0.14507
0.827804,0.055268
0.708622,0.130254
0.583076,0.16034
0.451166,0.145524
0.319255,0.130709
0.451166,0.145524
0.319255,0.130709
0.319255,0.130709
0.187345,0.115894
0.319255,0.130709
0.187345,0.115894
-0.076476,0.086263
0.319255,0.130709
0.319255,0.130709
0.451166,0.145524
0.319338,0.128351
0.319338,0.128351
0.583159,0.157982
0.583159,0.157982
0.562277,0.27695
0.451249,0.143167
0.451249,0.143167
0.583076,0.16034
0.583076,0.16034
0.583076,0.16034
0.451166,0.145524
0.583076,0.16034
0.469826,0.192956
0.469826,0.192956
0.206005,0.163325
0.469826,0.192956
0.630711,0.097607
0.762621,0.112423
0.647243,-0.081291
0.562968,-0.158839
0.647243,-0.081291
0.679327,-0.202106
0.610602,-0.221571
0.510776,-0.357202
0.510776,-0.357202
0.595051,-0.279654
0.663776,-0.260189
0.58451,-0.265276
0.72196,-0.226346
0.484684,-0.400906
0.446653,-0.411763
0.482356,-0.330693
0.53553,-0.369312
0.449686,-0.422597
0.457638,-0.47031
0.373362,-0.547858
0.507778,-0.498094
0.270502,-0.672654
0.051811,-0.799966
-0.210989,-0.769437
-0.023399,-0.758291
-0.023399,-0.758291
-0.14684,-0.601455
-0.161663,-0.520251
0.000856,-0.495213
-0.270281,-0.44462
-0.339006,-0.464084
-0.417977,-0.550862
-0.526595,-0.475231
-0.240635,-0.607028
-0.375868,-0.516099
-0.246756,-0.457105
-0.342096,-0.461273
-0.179576,-0.436235
-0.317082,-0.29131
-0.248357,-0.271845
-0.397654,-0.192827
-0.451612,-0.109642
-0.369551,-0.025677
-0.246082,0.002312
-0.464829,0.094213
-0.576471,0.051122
-0.467853,-0.024509
-0.357724,-0.040779
-0.138976,-0.132681
-0.340635,0.089854
-0.449252,0.165485
-0.232017,0.014223
-0.219158,0.081685
-0.219158,0.081685
-0.232017,0.014223
-0.340635,0.089854
-0.123399,-0.061408
-0.340635,0.089854
-0.55787,0.241117
-0.775105,0.392379
-0.775105,0.392379
-0.775105,0.392379
-0.448785,0.166013
-0.223219,0.026087
-0.432589,0.188158
-0.105336,-0.037152
-0.447385,0.167596
-0.337679,0.179577
-0.446763,0.254681
-0.227351,0.278643
-0.164011,0.082898
-0.209134,0.049341
-0.232318,-0.054523
-0.318841,0.037359
-0.710677,0.284246
-0.710677,0.284246
-0.624154,0.192364
-0.624154,0.192364
-0.710677,0.284246
-0.642697,0.319093
-0.642697,0.319093
-0.710677,0.284246
-0.624154,0.192364
-0.624154,0.192364
-0.7972,0.376128
-0.883723,0.46801
-0.883723,0.46801
-0.883723,0.46801
-0.722405,0.469129
-0.722405,0.469129
-0.722405,0.469129
-0.81518,0.524284
-0.858548,0.457638
-0.772692,0.391665
-0.813114,0.331366
-0.675645,0.263176
-0.64078,0.095221
-0.785874,0.128076
-0.626442,0.171894
-0.663679,0.194481
-0.663679,0.194481
-0.707047,0.127836
-0.825454,0.084471
-0.945472,0.040532
-0.639959,0.076874
-0.647583,0.041539
-0.77785,0.056977
-0.953096,0.005197
-0.953096,0.005197
-0.953096,0.005197
-0.987564,-0.021758
-0.987564,-0.021758
-0.987564,-0.021758
-0.987564,-0.021758
-0.998075,-0.062022
-0.998075,-0.062022
-0.998075,-0.062022
-0.998075,-0.062022
-0.998075,-0.062022
-0.998075,-0.062022
-0.998075,-0.062022
-0.998075,-0.062022
-0.998075,-0.062022
-0.998075,-0.062022
-0.998075,-0.062022
-0.998075,-0.062022
-0.998075,-0.062022
-0.998075,-0.062022
-0.867165,-0.075231
-0.832133,-0.012344
-0.7971,0.050543
-0.92801,0.063752
-0.92801,0.063752
-0.892977,0.126639
-0.880064,0.170382
-0.845031,0.233269
-0.845031,0.233269
-0.822912,0.252413
-0.822912,0.252413
-0.752847,0.378187
-0.752847,0.378187
-0.752847,0.378187
-0.78788,0.3153
-0.691415,0.379008
-0.691415,0.379008
-0.796513,0.190346
-0.67365,0.191987
-0.56477,0.144627
-0.445689,0.382289
-0.50712,0.381468
-0.50712,0.381468
-0.445689,0.382289
-0.542153,0.318581
-0.735081,0.191166
-0.735081,0.191166
-0.831545,0.127459
-0.796513,0.190346
-0.796513,0.190346
-0.963042,0.000865
-0.893518,-0.003124
-0.893518,-0.003124
-0.893518,-0.003124
-0.998075,-0.062022
-0.998075,-0.062022
-0.998075,-0.062022
-0.9106,0.005406
-0.823126,0.072835
-0.823126,0.072835
-0.9106,0.005406
-0.9106,0.005406
-0.9106,0.005406
-0.998075,-0.062022
-0.998075,-0.062022
-0.929237,0.008739
-0.929237,0.008739
-0.929237,0.008739
-0.929237,0.008739
-0.956319,-0.119777
-0.840738,-0.070483
-0.956319,-0.119777
-0.998075,-0.062022
-0.998075,-0.062022
-0.998075,-0.062022
-0.998075,-0.062022
-0.998075,-0.062022
-0.998075,-0.062022
-0.997419,-0.06808
-0.997419,-0.06808
-0.997419,-0.06808
-0.997419,-0.06808
-0.997419,-0.06808
-0.997419,-0.06808
-0.997419,-0.06808
-0.997419,-0.06808
-0.868513,-0.079624
-0.738951,-0.097225
-0.738951,-0.097225
-0.998075,-0.062022
-0.998075,-0.062022
-0.858804,0.041546
-0.974865,-0.007221
-0.974865,-0.007221
-0.889174,0.06077
-0.974865,-0.007221
-0.974865,-0.007221
-0.974865,-0.007221
-0.928445,0.102382
-0.974865,-0.007221
-0.842141,-0.011084
-0.686208,0.039854
-0.842141,-0.011084
-0.951655,0.04758
-0.949768,0.035448
-0.935383,0.044837
-0.96048,0.002168
-0.998075,-0.062022
-0.998075,-0.062022
-0.998075,-0.062022
-0.998075,-0.062022
-0.998075,-0.062022
-0.998075,-0.062022
-0.998075,-0.062022
-0.998075,-0.062022
-0.998075,-0.062022
-0.998075,-0.062022
-0.998075,-0.062022
-0.998075,-0.062022
-0.998075,-0.062022
-0.998075,-0.062022
-0.998075,-0.062022
-0.963339,0.000705
-0.998075,-0.062022
-0.998075,-0.062022
-0.998075,-0.062022
-0.998075,-0.062022
-0.998075,-0.062022
-0.866409,-0.072131
-0.866409,-0.072131
-0.809176,-0.001983
-0.677511,-0.012092
-0.734744,-0.082241
-0.734744,-0.082241
-0.998075,-0.062022
-0.865561,-0.067463
-0.733047,-0.072904
-0.733047,-0.072904
-0.46802,-0.083786
-0.335506,-0.089228
-0.46802,-0.083786
-0.335506,-0.089228
-0.335506,-0.089228
-0.335506,-0.089228
-0.600534,-0.078345
-0.335506,-0.089228
-0.46802,-0.083786
-0.335506,-0.089228
-0.46802,-0.083786
-0.590327,-0.109864
-0.335506,-0.089228
-0.46802,-0.083786
-0.600534,-0.078345
-0.46802,-0.083786
-0.335506,-0.089228
-0.335506,-0.089228
-0.335506,-0.089228
-0.070479,-0.10011
-0.067302,-0.116705
-0.193462,-0.144456
0.068388,-0.138742
0.330239,-0.133029
-0.199816,-0.111264
-0.067302,-0.116705
-0.064125,-0.133301
-0.064125,-0.133301
0.200902,-0.144183
0.197725,-0.127587
0.197725,-0.127587
-0.320439,-0.063505
-0.452763,-0.148127
-0.144444,-0.092392
-0.21416,-0.191989
-0.150484,-0.06852
-0.32629,-0.129696
-0.723831,-0.113373
-0.727007,-0.096777
-0.771072,-0.024238
-0.903586,-0.018797
-0.903586,-0.018797
-0.815136,0.048301
-0.815136,0.048301
-0.584782,0.164724
-0.555035,0.143902
-0.673232,0.097626
-0.791429,0.051351
-0.791429,0.051351
-0.909626,0.005076
-0.909626,0.005076
-0.998075,-0.062022
-0.998075,-0.062022
-0.998075,-0.062022
-0.998075,-0.062022
-0.998075,-0.062022
-0.998075,-0.062022
-0.998075,-0.062022
-0.998075,-0.062022
-0.998075,-0.062022
-0.998075,-0.062022
-0.998075,-0.062022
-0.998075,-0.062022
-0.998075,-0.062022
-0.998075,-0.062022
-0.998075,-0.062022
-0.998075,-0.062022
-0.998075,-0.062022
-0.998075,-0.062022
-0.998075,-0.062022
-0.984992,0.004378
-0.984992,0.004378
-0.991533,-0.028822
-0.991533,-0.028822
-0.916314,0.007018
-0.916314,0.007018
-0.834554,0.076058
-0.834554,0.076058
-0.916314,0.007018
-0.916314,0.007018
-0.916314,0.007018
-0.834554,0.076058
-0.916314,0.007018
-0.998075,-0.062022
-0.998075,-0.062022
-0.998075,-0.062022
-0.970629,-0.003885
-0.949526,0.049035
-0.998075,-0.062022
-0.899964,0.000829
-0.899964,0.000829
-0.899964,0.000829
-0.801854,0.063681
-0.801854,0.063681
-0.703744,0.126532
-0.690231,0.116925
-0.886451,-0.008778
-0.866379,-0.054733
-0.866379,-0.054733
-0.970815,-0.004021
-0.970815,-0.004021
-0.970815,-0.004021
-0.916297,0.111982
-0.916297,0.111982
-0.932983,0.060284
-0.830059,0.246894
-0.830059,0.246894
-0.810531,0.129354
-0.810531,0.129354
-0.753172,0.076119
-0.69923,-0.02675
-0.715339,0.140423
-0.659598,-0.042959
-0.735262,-0.171568
-0.744217,-0.047725
-0.69743,-0.107263
-0.837791,0.071353
-0.791004,0.011814
-0.875623,0.007048
-0.782855,-0.034669
-0.782855,-0.034669
-0.866669,-0.116795
-0.960242,0.002282
-0.998075,-0.062022
-0.988309,-0.003037
-0.983427,0.026456
-0.968779,0.114934
-0.963896,0.144427
-0.968779,0.114934
-0.968779,0.114934
-0.983427,0.026456
-0.983427,0.026456
-0.949323,0.034299
-0.998075,-0.062022
-0.998075,-0.062022
-0.998075,-0.062022
-0.998075,-0.062022
-0.873269,-0.025494
-0.623657,0.047563
-0.726498,-0.037704
-0.598563,0.002074
-0.745419,0.004821
-0.623657,0.047563
-0.748463,0.011034
-0.998075,-0.062022
-0.998075,-0.062022
-0.865376,-0.066084
-0.998075,-0.062022
-0.998075,-0.062022
-0.998075,-0.062022
-0.998075,-0.062022
-0.998075,-0.062022
-0.998075,-0.062022
-0.998075,-0.062022
-0.998075,-0.062022
-0.998075,-0.062022
-0.998075,-0.062022
-0.998075,-0.062022
-0.998075,-0.062022
-0.998075,-0.062022
-0.998075,-0.062022
-0.89607,-0.001438
-0.998075,-0.062022
-0.998075,-0.062022
-0.998075,-0.062022
-0.98403,-0.016792
-0.98403,-0.016792
-0.891501,0.048735
-0.891501,0.048735
-0.599871,0.290545
-0.599871,0.290545
-0.414813,0.421599
-0.229756,0.552652
-0.215711,0.597883
-0.201667,0.643113
-0.437118,0.582226
-0.451163,0.536995
-0.266106,0.668048
-0.109138,0.70864
-0.201667,0.643113
-0.201667,0.643113
0.061874,0.794462
0.140358,0.814758
0.100102,0.774802
-0.07091,0.68898
-0.21586,0.634002
-0.3346,0.57375
-0.240483,0.414936
-0.160266,0.37093
-0.398662,0.293011
-0.572075,0.257088
-0.552213,0.278932
-0.491568,0.533158
-0.57193,0.417126
-0.380449,0.46032
-0.342221,0.440659
-0.43475,0.375133
-0.448795,0.329902
-0.139624,0.176277
-0.541323,0.264375
-0.29847,0.03995
-0.106989,0.083143
0.034469,0.043595
-0.315938,0.031883
-0.507419,-0.011311
-0.507993,-0.005794
-0.305942,-0.129261
-0.497423,-0.172454
-0.622586,-0.144846
-0.37226,-0.200062
-0.497423,-0.172454
-0.622586,-0.144846
-0.747749,-0.117238
-0.37226,-0.200062
-0.37226,-0.200062
-0.622586,-0.144846
-0.622586,-0.144846
-0.747749,-0.117238
-0.724439,-0.062351
-0.498489,-0.028627
-0.374391,0.087591
-0.452934,0.224973
-0.469273,0.074744
-0.314894,0.150507
-0.577031,0.108755
-0.904833,0.157526
-0.904833,0.157526
-0.904833,0.157526
-0.904833,0.157526
-0.928144,0.102639
-0.881523,0.212413
-0.858212,0.2673
-0.834902,0.322187
-0.858212,0.2673
-0.831145,0.303895
-0.730435,0.502194
-0.741661,0.541735
-0.71835,0.596622
-0.741661,0.541735
-0.741661,0.541735
-0.741661,0.541735
-0.764971,0.486848
-0.71835,0.596622
-0.741661,0.541735
-0.764971,0.486848
-0.741661,0.541735
-0.770414,0.442863
-0.793725,0.387976
-0.817035,0.333089
-0.793725,0.387976
-0.793725,0.387976
-0.788281,0.431961
-0.777973,0.439289
-0.651397,0.314722
-0.725634,0.336319
-0.768485,0.34446
-0.825016,0.227694
-0.801706,0.282582
-0.778395,0.337469
-0.811592,0.377074
-0.788281,0.431961
-0.764971,0.486848
-0.71835,0.596622
-0.620212,0.583676
-0.51422,0.510447
-0.51422,0.510447
-0.764971,0.486848
-0.764971,0.486848
-0.764971,0.486848
-0.555784,0.427571
-0.648723,0.484653
-0.745972,0.373988
-0.769282,0.319101
-0.745972,0.373988
-0.769282,0.319101
-0.638221,0.306465
-0.792593,0.264214
-0.839213,0.15444
-0.724864,0.07613
-0.69446,0.052228
-0.695634,0.236797
-0.718945,0.18191
-0.742255,0.127023
-0.807875,0.130109
-0.89132,0.061487
-0.868009,0.116374
-0.614147,0.381258
-0.518248,0.371374
-0.744538,0.296147
-0.821388,0.226148
-0.737944,0.29477
-0.821388,0.226148
-0.798078,0.281035
-0.607878,0.473166
-0.654499,0.363392
-0.631188,0.418279
-0.594981,0.394083
-0.608495,0.490122
-0.585184,0.545009
-0.540167,0.653373
-0.638112,0.662423
-0.636509,0.663834
-0.53955,0.636417
-0.728147,0.445696
-0.668013,0.459431
-0.764971,0.486848
-0.741661,0.541735
-0.69504,0.651509
-0.71835,0.596622
-0.71835,0.596622
-0.741661,0.541735
-0.71835,0.596622
-0.69504,0.651509
-0.671729,0.706397
-0.648419,0.761284
-0.648419,0.761284
-0.648419,0.761284
-0.648419,0.761284
-0.648419,0.761284
-0.648419,0.761284
-0.540477,0.726549
-0.648419,0.761284
-0.648419,0.761284
-0.637139,0.652018
-0.637139,0.652018
-0.637139,0.652018
-0.625859,0.542753
-0.625859,0.542753
-0.637139,0.652018
-0.637139,0.652018
-0.625859,0.542753
-0.625859,0.542753
-0.637139,0.652018
-0.637139,0.652018
-0.637139,0.652018
-0.648419,0.761284
-0.648419,0.761284
-0.648419,0.761284
-0.648419,0.761284
-0.648419,0.761284
-0.648419,0.761284
-0.648419,0.761284
-0.648419,0.761284
-0.579397,0.781895
-0.441353,0.823117
-0.441353,0.823117
-0.500916,0.809235
-0.491457,0.815964
-0.334933,0.569003
-0.441305,0.641137
-0.552674,0.741066
-0.529293,0.789048
-0.529293,0.789048
-0.410166,0.816812
-0.350603,0.830694
-0.231477,0.858459
-0.171913,0.872341
-0.052787,0.900105
0.006776,0.913987
0.066339,0.927869
0.066339,0.927869
0.066339,0.927869
0.099441,0.811224
0.039878,0.797342
0.039878,0.797342
0.158939,0.921915
0.225013,0.882242
0.191976,0.902079
0.286077,0.894441
0.25229,0.915119
0.34564,0.908323
0.311853,0.929001
0.328811,0.8909
0.328811,0.8909
0.328811,0.8909
0.412592,0.812284
0.303045,0.772856
0.330844,0.760135
0.233965,0.525086
0.138603,0.452479
0.171193,0.43313
0.024456,0.383307
-0.017907,0.119849
-0.025142,0.274108
-0.025142,0.274108
-0.0877,0.309655
-0.163043,0.213996
-0.238386,0.118337
-0.202819,0.242631
-0.0877,0.309655
0.217881,0.539362
0.179004,0.497441
0.370366,0.589568
0.368567,0.730681
0.352528,0.747961
0.316961,0.623666
0.357079,0.590757
0.35287,0.743686
0.329133,0.755041
0.328169,0.681583
0.276446,0.724157
0.311671,0.852726
0.389295,0.648538
0.389295,0.648538
0.389295,0.648538
0.245029,0.969516
0.28132,0.863956
0.28132,0.863956
0.28132,0.863956
0.272044,0.865613
0.272044,0.865613
0.253493,0.868928
0.226478,0.972831
0.235753,0.971173
0.235753,0.971173
0.245029,0.969516
0.245029,0.969516
0.245029,0.969516
0.245029,0.969516
0.245029,0.969516
0.245029,0.969516
0.245029,0.969516
0.245029,0.969516
0.245029,0.969516
0.245029,0.969516
0.245029,0.969516
0.245029,0.969516
0.245029,0.969516
0.245029,0.969516
0.245029,0.969516
0.245029,0.969516
0.245029,0.969516
0.245029,0.969516
0.245029,0.969516
0.29404,0.918085
0.313469,0.909712
0.332899,0.901339
0.302062,0.770945
0.352328,0.892965
0.352328,0.892965
0.303317,0.944396
0.303317,0.944396
0.23934,0.833128
0.248142,0.83024
0.256944,0.827351
0.255119,0.829948
0.164119,0.728737
0.164119,0.728737
0.172921,0.725849
0.217548,0.710014
0.281525,0.821282
0.272723,0.824171
0.261855,0.823231
0.199464,0.702942
0.210092,0.697458
0.016719,0.265662
-0.066687,0.162767
-0.011656,0.383935
0.073576,0.484234
0.084203,0.478749
-0.127985,0.286248
-0.064008,0.397516
-0.066533,0.397437
-0.196702,0.19384
-0.221581,0.07225
-0.082369,0.279383
0.001037,0.382278
-0.082369,0.279383
-0.199696,0.051362
-0.283102,-0.051534
-0.199696,0.051362
-0.355881,-0.159913
-0.336451,-0.168287
-0.336451,-0.168287
-0.317022,-0.17666
-0.233616,-0.073764
-0.214186,-0.082138
-0.36578,-0.387144
-0.547811,-0.493718
-0.714624,-0.699509
-0.714624,-0.699509
-0.714624,-0.699509
-0.577438,-0.633334
-0.577438,-0.633334
-0.510304,-0.529502
-0.510304,-0.529502
-0.612464,-0.614506
-0.714624,-0.699509
-0.714624,-0.699509
-0.714624,-0.699509
-0.714624,-0.699509
-0.714624,-0.699509
-0.714624,-0.699509
-0.714624,-0.699509
-0.682506,-0.588041
-0.663198,-0.719434
-0.611773,-0.739359
-0.560347,-0.759285
-0.457496,-0.799135
-0.611773,-0.739359
-0.611773,-0.739359
-0.552848,-0.650171
-0.56987,-0.619758
-0.552848,-0.650171
-0.443227,-0.557636
-0.553577,-0.6269
-0.622963,-0.572207
-0.732584,-0.664741
-0.718877,-0.560724
-0.750545,-0.629974
-0.714624,-0.699509
-0.714624,-0.699509
-0.714624,-0.699509
-0.714624,-0.699509
-0.714624,-0.699509
-0.730809,-0.633625
-0.730809,-0.633625
-0.714624,-0.699509
-0.714624,-0.699509
-0.714624,-0.699509
-0.714624,-0.699509
-0.714624,-0.699509
-0.714624,-0.699509
-0.714624,-0.699509
-0.65042,-0.588298
-0.714624,-0.699509
-0.714624,-0.699509
-0.714624,-0.699509
-0.617578,-0.608113
-0.492931,-0.4065
-0.492931,-0.4065
-0.520532,-0.516717
-0.520532,-0.516717
-0.423486,-0.425321
-0.423486,-0.425321
-0.520532,-0.516717
-0.423486,-0.425321
-0.423486,-0.425321
-0.520532,-0.516717
-0.423486,-0.425321
-0.423486,-0.425321
-0.423486,-0.425321
-0.520532,-0.516717
-0.462843,-0.535988
-0.617578,-0.608113
-0.617578,-0.608113
-0.714624,-0.699509
-0.731753,-0.668662
-0.748882,-0.637814
-0.731753,-0.668662
-0.731753,-0.668662
-0.731753,-0.668662
-0.800269,-0.545272
-0.716825,-0.554876
-0.817398,-0.514425
-0.817398,-0.514425
-0.766011,-0.606967
-0.78314,-0.57612
-0.766011,-0.606967
-0.748882,-0.637814
-0.648261,-0.631647
-0.648261,-0.631647
-0.447018,-0.619314
-0.599026,-0.532939
-0.716776,-0.508258
-0.810293,-0.465186
-0.810293,-0.465186
-0.766011,-0.606967
-0.766011,-0.606967
-0.731753,-0.668662
-0.748882,-0.637814
-0.78314,-0.57612
-0.714624,-0.699509
-0.691083,-0.590717
-0.714624,-0.699509
-0.714624,-0.699509
-0.676157,-0.586843
-0.676157,-0.586843
-0.714624,-0.699509
-0.714624,-0.699509
-0.714624,-0.699509
-0.714624,-0.699509
-0.714624,-0.699509
-0.714624,-0.699509
-0.714624,-0.699509
-0.714624,-0.699509
-0.714624,-0.699509
-0.714624,-0.699509
-0.694506,-0.713595
-0.694506,-0.713595
-0.694506,-0.713595
-0.694506,-0.713595
-0.714624,-0.699509
-0.714624,-0.699509
-0.714624,-0.699509
-0.714624,-0.699509
-0.714624,-0.699509
-0.714624,-0.699509
-0.714624,-0.699509
-0.714624,-0.699509
-0.714624,-0.699509
-0.714624,-0.699509
-0.714624,-0.699509
-0.714624,-0.699509
-0.714624,-0.699509
-0.714624,-0.699509
-0.714624,-0.699509
-0.714624,-0.699509
-0.714624,-0.699509
-0.714624,-0.699509
-0.714624,-0.699509
-0.714624,-0.699509
-0.714624,-0.699509
-0.714624,-0.699509
-0.714624,-0.699509
-0.714624,-0.699509
-0.714624,-0.699509
-0.714624,-0.699509
-0.696931,-0.593314
-0.679238,-0.487119
-0.6165,-0.37555
-0.634193,-0.481745
-0.598807,-0.269354
-0.626151,-0.16853
-0.496612,0.002305
-0.44131,0.115168
-0.196508,-0.016189
-0.30834,-0.080822
-0.214201,-0.122384
-0.102362,-0.057748
-0.214194,-0.122381
-0.288202,0.023028
-0.17152,0.082951
-0.153767,-0.042156
-0.245475,-0.002946
-0.372582,-0.176132
-0.280261,-0.555773
-0.25644,-0.453517
-0.189826,-0.368896
0.033839,-0.239629
0.107453,-0.249174
0.21686,-0.182186
0.040839,-0.333796
0.236939,-0.071452
0.236939,-0.071452
0.127532,-0.13844
0.041068,-0.239803
0.107682,-0.155181
0.326497,-0.021205
0.084681,-0.129993
0.10476,-0.019259
0.408159,-0.056556
0.634641,0.069024
0.525233,0.002036
0.415826,-0.064952
0.525233,0.002036
0.634641,0.069024
0.744049,0.136012
0.744049,0.136012
0.744049,0.136012
0.744049,0.136012
0.634641,0.069024
0.415826,-0.064952
0.525233,0.002036
0.525233,0.002036
0.634641,0.069024
0.638268,0.170116
0.863351,0.195448
0.863351,0.195448
0.863351,0.195448
0.863351,0.195448
0.863351,0.195448
0.749268,0.292014
0.749268,0.292014
0.905823,0.31827
0.905823,0.31827
0.905823,0.31827
0.848781,0.366553
0.905823,0.31827
0.962864,0.269987
0.964393,0.240792
0.962864,0.269987
0.962864,0.269987
0.962864,0.269987
0.962864,0.269987
0.962864,0.269987
0.962864,0.269987
0.962864,0.269987
0.962864,0.269987
0.964463,0.262763
0.966062,0.255539
0.715881,0.173067
0.715881,0.173067
0.715881,0.173067
0.599158,0.196114
0.352175,0.099193
0.228683,0.050733
0.475666,0.147654
0.599158,0.196114
0.599158,0.196114
0.599158,0.196114
0.839372,0.221527
0.839372,0.221527
0.839372,0.221527
0.839372,0.221527
0.839372,0.221527
0.839372,0.221527
0.839372,0.221527
0.839372,0.221527
0.839372,0.221527
0.715881,0.173067
0.962864,0.269987
0.962864,0.269987
0.962864,0.269987
0.962864,0.269987
0.962864,0.269987
0.962864,0.269987
0.962864,0.269987
0.962864,0.269987
0.832729,0.261778
0.816151,0.290442
0.929707,0.327316
0.941885,0.201223
0.941885,0.201223
0.920906,0.132458
0.920906,0.132458
0.85797,-0.073837
0.836991,-0.142602
0.85797,-0.073837
0.85797,-0.073837
0.85797,-0.073837
0.85797,-0.073837
0.920906,0.132458
0.920906,0.132458
0.899928,0.063693
0.920906,0.132458
0.899928,0.063693
0.941885,0.201223
0.919675,0.131435
0.962864,0.269987
0.962864,0.269987
0.855514,0.201177
0.748165,0.132366
0.640816,0.063556
0.533466,-0.005255
0.533466,-0.005255
0.748165,0.132366
0.855514,0.201177
0.748165,0.132366
0.434535,0.033646
0.442479,0.02785
0.748165,0.132366
0.855514,0.201177
0.855514,0.201177
0.855514,0.201177
0.855514,0.201177
0.855514,0.201177
0.962864,0.269987
0.962864,0.269987
0.962864,0.269987
0.962864,0.269987
0.962864,0.269987
0.962864,0.269987
0.962864,0.269987
0.86089,0.197062
0.86089,0.197062
0.758915,0.124137
0.554967,-0.021713
0.351018,-0.167564
0.554967,-0.021713
0.62964,0.120577
0.731614,0.193502
0.70282,0.244975
0.701328,0.227084
0.57056,0.205632
0.57056,0.205632
0.57056,0.205632
0.319615,0.202375
0.309023,0.162728
0.439791,0.18418
0.320863,0.193565
0.450538,0.224065
0.701328,0.227084
0.962864,0.269987
0.86762,0.192995
0.86762,0.192995
0.962864,0.269987
0.962864,0.269987
0.962864,0.269987
0.952266,0.291639
0.941669,0.313291
0.853784,0.251576
0.870741,0.228967
0.952266,0.291639
0.952266,0.291639
0.941669,0.313291
0.949721,0.299022
0.867204,0.257722
0.880346,0.228687
0.859151,0.271991
0.859151,0.271991
0.848553,0.293643
0.815387,0.317452
0.789114,0.382876
0.722715,0.320392
0.712117,0.342044
0.690922,0.385348
0.736126,0.491135
0.692362,0.536596
0.659196,0.560405
0.659196,0.560405
0.659196,0.560405
0.611836,0.572453
0.57867,0.596262
0.57867,0.596262
0.645002,0.548644
0.645002,0.548644
0.678168,0.524835
0.803899,0.594766
0.803899,0.594766
0.803899,0.594766
0.803899,0.594766
0.803899,0.594766
0.763929,0.489855
0.803899,0.594766
0.690589,0.525477
0.803899,0.594766
0.803899,0.594766
0.803899,0.594766
0.803899,0.594766
0.803899,0.594766
0.803899,0.594766
0.803899,0.594766
0.771547,0.491923
0.803899,0.594766
0.803899,0.594766
0.803899,0.594766
0.803899,0.594766
0.761415,0.489381
0.803899,0.594766
0.787784,0.61025
0.787784,0.61025
0.787784,0.61025
0.803899,0.594766
0.797207,0.507737
0.797207,0.507737
0.803899,0.594766
0.803899,0.594766
0.803899,0.594766
0.803899,0.594766
0.716627,0.497581
0.629356,0.400395
0.542084,0.30321
0.542084,0.30321
0.454812,0.206024
0.544393,0.301919
0.457121,0.204733
0.629356,0.400395
0.716627,0.497581
0.629356,0.400395
0.454812,0.206024
0.542084,0.30321
0.629356,0.400395
0.629356,0.400395
0.542084,0.30321
0.716627,0.497581
0.716627,0.497581
0.716627,0.497581
0.729693,0.458927
0.716627,0.497581
0.716627,0.497581
0.725642,0.480835
0.716627,0.497581
0.612055,0.414969
0.702444,0.437454
0.702035,0.279085
0.391845,0.114918
0.388728,0.189618
0.385612,0.264318
0.28104,0.181706
0.148482,-0.028493
0.148482,-0.028493
0.005618,-0.088617
-0.412669,-0.419065
-0.34639,-0.313966
-0.450962,-0.396578
-0.335512,-0.324263
-0.440084,-0.406874
-0.440084,-0.406874
-0.544656,-0.489486
-0.535192,-0.498689
-0.524314,-0.508986
-0.421564,-0.424733
-0.497744,-0.534952
-0.290423,-0.368087
-0.480229,-0.552262
-0.584392,-0.63542
-0.688964,-0.718032
-0.6795,-0.727235
-0.688964,-0.718032
-0.698428,-0.70883
-0.688964,-0.718032
-0.670036,-0.736437
-0.670036,-0.736437
-0.660572,-0.745639
-0.660572,-0.745639
-0.660572,-0.745639
-0.651107,-0.754842
-0.626957,-0.627279
-0.588659,-0.630838
-0.660572,-0.745639
-0.660572,-0.745639
-0.692589,-0.636823
-0.711517,-0.618419
-0.711517,-0.618419
-0.702053,-0.627621
-0.715142,-0.53721
-0.702053,-0.627621
-0.699839,-0.474406
-0.665612,-0.265418
-0.64548,-0.276433
-0.671658,-0.095611
-0.701461,0.16642
-0.678908,0.066807
-0.749981,0.040454
-0.749981,0.040454
-0.749981,0.040454
-0.77616,0.221277
-0.766696,0.212074
-0.753606,0.121663
-0.766696,0.212074
-0.799688,0.380578
-0.799688,0.380578
-0.77351,0.199756
-0.77351,0.199756
-0.766696,0.212074
-0.766696,0.212074
-0.727428,-0.059159
-0.70125,-0.239982
-0.675072,-0.420804
-0.688161,-0.330393
-0.688161,-0.330393
-0.688161,-0.330393
-0.648893,-0.601626
-0.648893,-0.601626
-0.635804,-0.692038
-0.635804,-0.692038
-0.675072,-0.420804
-0.661982,-0.511215
-0.675072,-0.420804
-0.661982,-0.511215
-0.675072,-0.420804
-0.675072,-0.420804
-0.550153,-0.44306
-0.542934,-0.532396
-0.516756,-0.713218
-0.516756,-0.713218
-0.410797,-0.643987
-0.516756,-0.713218
-0.540187,-0.677728
-0.540187,-0.677728
-0.622715,-0.782449
-0.63675,-0.767147
-0.614517,-0.766142
-0.628552,-0.75084
-0.592285,-0.765137
-0.519751,-0.79373
-0.54782,-0.763126
-0.567631,-0.686996
-0.567631,-0.686996
-0.629545,-0.564961
-0.662457,-0.688628
-0.690526,-0.658025
-0.740828,-0.628426
-0.718595,-0.627421
-0.768897,-0.597823
-0.782931,-0.582521
-0.782931,-0.582521
-0.833232,-0.552923
-0.833232,-0.552923
-0.825468,-0.469574
-0.825468,-0.469574
-0.825468,-0.469574
-0.825468,-0.469574
-0.817704,-0.386225
-0.724901,-0.40465
-0.724901,-0.40465
-0.732665,-0.487999
-0.732665,-0.487999
-0.724901,-0.40465
-0.717136,-0.3213
-0.701607,-0.154602
-0.693843,-0.071253
-0.593276,-0.006329
-0.577747,0.160369
-0.375289,0.139857
-0.197448,0.019659
-0.027371,-0.183889
0.065432,-0.202314
-0.019607,-0.10054
-0.25787,0.221119
-0.104645,0.001234
-0.104645,0.001234
-0.104645,0.001234
-0.104645,0.001234
-0.019607,-0.10054
0.154908,-0.19678
0.053018,-0.111344
0.133619,-0.320425
0.303696,-0.523973
0.218657,-0.422199
0.133619,-0.320425
0.133619,-0.320425
0.133619,-0.320425
-0.036458,-0.116878
-0.121497,-0.015104
-0.090621,-0.126078
-0.005583,-0.227852
-0.121497,-0.015104
-0.036458,-0.116878
-0.206535,0.08667
-0.054717,-0.172459
0.030321,-0.274233
-0.07768,-0.086781
-0.149027,-0.169788
-0.14727,-0.024687
0.085937,-0.294171
0.256014,-0.497718
0.121401,-0.133169
0.141416,0.067513
0.222418,-0.265357
0.222418,-0.265357
0.231158,-0.17552
0.379327,-0.343229
0.284306,-0.101019
0.279027,-0.101842
0.334456,-0.221713
0.334456,-0.221713
0.244714,0.02132
0.199843,0.142836
0.244714,0.02132
0.234437,0.033777
0.154972,0.264353
0.244714,0.02132
0.110101,0.385869
0.020359,0.628902
-0.069383,0.871935
-0.069383,0.871935
-0.069383,0.871935
-0.069383,0.871935
-0.069383,0.871935
-0.069383,0.871935
-0.069383,0.871935
-0.069383,0.871935
-0.069383,0.871935
-0.069383,0.871935
-0.069383,0.871935
0.020359,0.628902
0.06523,0.507386
0.154972,0.264353
0.199843,0.142836
0.199843,0.142836
0.154972,0.264353
0.104496,0.230829
0.149367,0.109313
0.194238,-0.012204
0.149367,0.109313
0.194238,-0.012204
0.104496,0.230829
0.194238,-0.012204
0.289585,-0.100196
0.289585,-0.100196
0.244714,0.02132
0.199843,0.142836
0.154972,0.264353
0.043839,0.152721
-0.021885,0.147725
-0.111627,0.390758
-0.157036,0.284122
-0.181054,0.53215
-0.135645,0.638787
-0.176813,0.613915
-0.135107,0.86694
-0.114254,0.993452
-0.114254,0.993452
-0.114254,0.993452
-0.114254,0.993452
-0.114254,0.993452
-0.114254,0.993452
-0.120444,0.992443
-0.114254,0.993452
-0.114254,0.993452
-0.114254,0.993452
-0.114254,0.993452
-0.114254,0.993452
-0.114254,0.993452
-0.114254,0.993452
-0.114254,0.993452
-0.114254,0.993452
-0.040314,0.933979
-0.040314,0.933979
0.099172,0.775281
-0.063669,0.978194
-0.114254,0.993452
-0.114254,0.993452
-0.114254,0.993452
-0.121305,0.992449
-0.11778,0.99295
-0.11778,0.99295
-0.11778,0.99295
0.034039,0.869532
0.034039,0.869532
-0.040107,0.931492
0.108186,0.807572
0.108186,0.807572
0.030735,0.84412
-0.043412,0.90608
-0.114254,0.993452
-0.114254,0.993452
-0.039972,0.926782
0.03431,0.860112
0.03431,0.860112
0.03431,0.860112
-0.039972,0.926782
-0.039972,0.926782
-0.034498,0.793919
0.113881,0.656021
0.136216,0.520254
0.168292,0.516041
0.190814,0.384832
0.210885,0.191082
0.120798,0.715919
0.120798,0.715919
0.19508,0.649249
0.217602,0.51804
0.304716,0.189334
0.133816,0.458441
-0.015905,0.463313
0.004648,0.419817
0.096628,0.247281
0.084839,0.243391
0.086131,0.37569
0.13727,0.254751
0.112856,0.033659
0.112856,0.033659
0.135378,-0.09755
0.159792,0.123541
0.204836,-0.138877
0.384719,-0.35319
0.226339,-0.512516
0.299872,-0.684604
0.030047,-0.913374
0.030047,-0.913374
0.030047,-0.913374
0.159064,-0.95425
0.159064,-0.95425
0.128496,-0.954071
0.193004,-0.974509
0.252567,-0.943497
0.252567,-0.943497
0.252567,-0.943497
0.311344,-0.8968
0.371693,-0.881472
0.341125,-0.881293
0.191432,-0.943139
0.160864,-0.942961
0.130296,-0.942782
0.130296,-0.942782
0.070733,-0.973795
0.02948,-0.965329
-0.001087,-0.96515
0.137183,-0.897947
0.198319,-0.898304
0.133194,-0.827512
0.183645,-0.819582
0.137494,-0.730238
0.255465,-0.828226
0.120424,-0.616389
0.315114,-0.803901
0.315114,-0.803901
0.315114,-0.803901
0.315114,-0.803901
0.295231,-0.812009
0.11928,-0.609852
0.14199,-0.706049
0.208969,-0.704541
0.189086,-0.712649
0.207587,-0.615719
0.273966,-0.731296
0.190418,-0.596836
0.144969,-0.589284
0.144969,-0.589284
0.144969,-0.589284
0.011027,-0.698217
-0.051344,-0.797219
-0.011578,-0.781002
-0.001584,-0.830748
0.054209,-0.843072
0.243215,-0.855524
0.138391,-0.717997
0.158273,-0.709889
0.156423,-0.716383
0.075189,-0.644705
0.156423,-0.716383
-0.117632,-0.548379
-0.204424,-0.409239
-0.387592,-0.454781
-0.51415,-0.331858
-0.53959,-0.272504
-0.51415,-0.331858
-0.337357,-0.399643
-0.542535,-0.270079
-0.542535,-0.270079
-0.466859,-0.274294
-0.567976,-0.210725
-0.567976,-0.210725
-0.186004,-0.408074
0.067183,-0.488656
0.080194,-0.608536
0.181311,-0.672105
0.117346,-0.598782
0.218463,-0.662351
0.218463,-0.662351
0.31958,-0.725921
0.218463,-0.662351
0.319424,-0.737533
0.420697,-0.78949
0.446959,-0.705834
0.357343,-0.611038
0.267728,-0.516241
0.166611,-0.452672
0.357343,-0.611038
0.383605,-0.527382
0.484722,-0.590952
0.510984,-0.507296
0.44763,-0.328844
0.493072,-0.29679
0.404151,-0.33169
0.262013,-0.404205
0.150338,-0.167184
0.053979,-0.083209
0.095016,-0.051304
0.213794,-0.118959
0.370911,-0.323926
0.311185,-0.208195
0.368449,-0.328977
0.3165,-0.207686
0.324276,-0.202126
0.391778,-0.312297
0.182384,-0.111461
0.227355,-0.096149
0.354583,-0.322049
0.399554,-0.306736
0.399554,-0.306736
0.45928,-0.422467
0.45928,-0.422467
0.45928,-0.422467
0.339828,-0.191006
0.339828,-0.191006
0.220377,0.040455
0.220377,0.040455
0.280103,-0.075276
0.160651,0.156185
0.160651,0.156185
0.220377,0.040455
0.0412,0.387646
0.0412,0.387646
-0.078252,0.619106
-0.197703,0.850567
-0.197703,0.850567
-0.197703,0.850567
-0.197703,0.850567
-0.197703,0.850567
-0.257429,0.966297
-0.257429,0.966297
-0.257429,0.966297
-0.257429,0.966297
-0.257429,0.966297
-0.257429,0.966297
-0.209824,0.961187
-0.209824,0.961187
-0.125508,0.746613
-0.178505,0.876779
-0.097044,0.794749
-0.167657,0.878727
-0.124321,0.706742
-0.121893,0.713837
-0.077885,0.791156
-0.19234,0.97798
-0.19234,0.97798
-0.224885,0.972139
-0.224885,0.972139
-0.214037,0.974086
-0.214037,0.974086
-0.224885,0.972139
-0.230305,0.840146
-0.224877,0.7101
-0.235725,0.708153
-0.235725,0.708153
-0.21945,0.580055
-0.222032,0.837257
-0.222032,0.837257
-0.216604,0.707211
-0.241146,0.57616
-0.235718,0.446115
-0.235718,0.446115
-0.224863,0.186023
-0.224863,0.186023
-0.18623,-0.334998
-0.20858,-0.204114
-0.214008,-0.074068
-0.197725,-0.464205
-0.192298,-0.594251
-0.197725,-0.464205
-0.197725,-0.464205
-0.20858,-0.204114
-0.20858,-0.204114
-0.20858,-0.204114
-0.203153,-0.334159
-0.197725,-0.464205
-0.192298,-0.594251
-0.209708,-0.204425
-0.20858,-0.204114
-0.203153,-0.334159
-0.18687,-0.724296
-0.18687,-0.724296
-0.181442,-0.854342
-0.181442,-0.854342
-0.18687,-0.724296
-0.192298,-0.594251
-0.18687,-0.724296
-0.197725,-0.464205
-0.197725,-0.464205
-0.192298,-0.594251
-0.197725,-0.464205
-0.197725,-0.464205
-0.197725,-0.464205
-0.192298,-0.594251
-0.197725,-0.464205
-0.197725,-0.464205
-0.181442,-0.854342
-0.181442,-0.854342
-0.229619,-0.932001
-0.229619,-0.932001
-0.229619,-0.932001
-0.176015,-0.984388
-0.176015,-0.984388
-0.176015,-0.984388
-0.176015,-0.984388
-0.176015,-0.984388
-0.176015,-0.984388
-0.176015,-0.984388
-0.176015,-0.984388
-0.176015,-0.984388
-0.169997,-0.852341
-0.169997,-0.852341
-0.169997,-0.852341
-0.163979,-0.720294
-0.163979,-0.720294
-0.151944,-0.4562
-0.157962,-0.588247
-0.151944,-0.4562
-0.163979,-0.720294
-0.163979,-0.720294
-0.151944,-0.4562
-0.122993,-0.326169
-0.145927,-0.324153
-0.192556,-0.226307
-0.101541,-0.200404
-0.161097,-0.429421
-0.024804,-0.216999
-0.03684,-0.481093
-0.119594,-0.596544
-0.113576,-0.464498
-0.113576,-0.464498
-0.173642,-0.5201
-0.072731,-0.629006
-0.072731,-0.629006
-0.117117,-0.752755
-0.117117,-0.752755
-0.176015,-0.984388
-0.176015,-0.984388
-0.20251,-0.864145
-0.219712,-0.858579
-0.083014,-0.825395
-0.229004,-0.743902
-0.229004,-0.743902
-0.281994,-0.503417
-0.308489,-0.383175
-0.316894,-0.253997
-0.316894,-0.253997
-0.307209,-0.115884
-0.244534,-0.218256
-0.21804,-0.338498
-0.309099,-0.138975
-0.309099,-0.138975
-0.420474,-0.227223
-0.415293,-0.13177
-0.372988,-0.0069
-0.364583,-0.136078
-0.364583,-0.136078
-0.266866,-0.428459
-0.182463,-0.535125
-0.077529,-0.615865
-0.091404,-0.734648
-0.1679,-0.852193
-0.176015,-0.984388
-0.176015,-0.984388
-0.176015,-0.984388
-0.176015,-0.984388
-0.176015,-0.984388
-0.176015,-0.984388
-0.176015,-0.984388
-0.176015,-0.984388
-0.176015,-0.984388
-0.176015,-0.984388
-0.176015,-0.984388
-0.176015,-0.984388
-0.176015,-0.984388
-0.176015,-0.984388
-0.176015,-0.984388
-0.176015,-0.984388
-0.176015,-0.984388
-0.176015,-0.984388
-0.176015,-0.984388
-0.176015,-0.984388
-0.176015,-0.984388
-0.176015,-0.984388
-0.176015,-0.984388
-0.176015,-0.984388
-0.230903,-0.9212
-0.230903,-0.9212
-0.28579,-0.858013
-0.28579,-0.858013
-0.329203,-0.627799
-0.350576,-0.504308
-0.384091,-0.564611
-0.340678,-0.794825
-0.28579,-0.858013
-0.216074,-0.922897
-0.19598,-0.924936
-0.151139,-0.987104
-0.146357,-0.987781
-0.141576,-0.988458
-0.146357,-0.987781
-0.161186,-0.986084
-0.165968,-0.985407
-0.176015,-0.984388
-0.176015,-0.984388
-0.176015,-0.984388
-0.176015,-0.984388
-0.176015,-0.984388
-0.176015,-0.984388
-0.176015,-0.984388
-0.176015,-0.984388
-0.176015,-0.984388
-0.176015,-0.984388
-0.176015,-0.984388
-0.200467,-0.974753
-0.200467,-0.974753
-0.200467,-0.974753
-0.159531,-0.849196
-0.118595,-0.723639
-0.053206,-0.607718
-0.135079,-0.858831
-0.094143,-0.733274
-0.053206,-0.607718
-0.053206,-0.607718
-0.094143,-0.733274
-0.053206,-0.607718
-0.094143,-0.733274
-0.094143,-0.733274
-0.053206,-0.607718
-0.059947,-0.772584
-0.047018,-0.640302
-0.034089,-0.50802
-0.034089,-0.50802
-0.034089,-0.50802
0.091893,-0.530092
0.105743,-0.207027
0.180874,-0.12078
0.191306,-0.249279
0.279366,-0.03075
0.279366,-0.03075
0.526027,0.056399
0.578211,-0.13563
0.575301,-0.121917
0.349906,-0.380658
0.199643,-0.553152
0.199643,-0.553152
0.349906,-0.380658
0.117888,-0.637863
0.111265,-0.636327
0.19302,-0.551616
0.19302,-0.551616
0.343283,-0.379122
0.405168,-0.289802
0.398545,-0.288266
0.316791,-0.372976
0.562055,-0.118845
0.637186,-0.032598
0.718941,0.052113
0.626568,0.000624
0.633191,-0.000913
0.783454,0.171581
0.925096,0.361454
0.907854,0.396211
0.890612,0.430969
0.881992,0.448348
0.881992,0.448348
0.881992,0.448348
0.873371,0.465727
0.856129,0.500484
0.878593,0.405793
0.785299,0.335276
0.790225,0.40702
0.693709,0.546889
0.873371,0.465727
0.881992,0.448348
0.86475,0.483105
0.881992,0.448348
0.881992,0.448348
0.881992,0.448348
0.881992,0.448348
0.890612,0.430969
0.788102,0.439508
0.788102,0.439508
0.694212,0.430668
0.800844,0.352897
0.750084,0.248351
0.920597,0.3096
0.916098,0.257747
0.907477,0.275126
0.881614,0.327262
0.880667,0.329973
0.788504,0.301276
0.601905,0.128218
0.593285,0.145597
0.429829,-0.104388
0.58238,-0.132709
0.552831,-0.282234
0.591721,-0.38236
0.479041,-0.498541
0.48502,-0.236998
0.40973,-0.221484
0.504042,-0.244693
0.546153,-0.127772
0.578131,-0.211012
0.553081,-0.308684
0.693016,-0.102859
0.817205,0.126166
0.816746,0.049513
0.816746,0.049513
0.817205,0.126166
0.729996,0.164507
0.704946,0.066835
0.679897,-0.030837
0.742361,-0.04319
0.854619,0.016142
0.725451,-0.140509
0.739339,-0.049854
0.866985,-0.191555
0.862863,-0.122323
0.862863,-0.122323
0.866985,-0.191555
0.871107,-0.260787
0.875228,-0.33002
0.854619,0.016142
0.813764,-0.016805
0.817886,-0.086037
0.813764,-0.016805
0.813764,-0.016805
0.812778,-0.094188
0.798441,-0.041258
0.840282,0.069072
0.850498,0.085374
0.858741,-0.053091
0.748836,-0.190881
0.761201,-0.398577
0.761201,-0.398577
0.761201,-0.398577
0.565944,-0.497762
0.861321,-0.492346
0.861321,-0.492346
0.838751,-0.517013
0.735881,-0.465183
0.735881,-0.465183
0.71415,-0.48824
0.692,-0.512102
0.71415,-0.48824
0.71415,-0.48824
0.692,-0.512102
0.81786,-0.53846
0.79487,-0.563932
0.793278,-0.566024
0.792858,-0.566829
0.8166,-0.540875
0.81702,-0.54007
0.862161,-0.490736
0.861741,-0.491541
0.723718,-0.449449
0.644984,-0.353897
0.692387,-0.503739
0.714537,-0.479877
0.81828,-0.537655
0.773559,-0.586184
0.750989,-0.610851
0.79613,-0.561517
0.79571,-0.562322
0.8187,-0.53685
0.8187,-0.53685
0.671503,-0.525052
0.84337,-0.508157
0.84253,-0.509767
0.84253,-0.509767
0.82038,-0.533629
0.84379,-0.507352
0.866781,-0.481879
0.866781,-0.481879
0.889771,-0.456407
0.889771,-0.456407
0.889771,-0.456407
0.889771,-0.456407
0.896344,-0.436123
0.902916,-0.415838
0.82661,-0.427491
0.820038,-0.447775
0.635073,-0.525556
0.520353,-0.565019
0.628501,-0.54584
0.628501,-0.54584
0.806893,-0.488345
0.889771,-0.456407
0.889771,-0.456407
0.889771,-0.456407
0.889771,-0.456407
0.864237,-0.483453
0.871451,-0.448794
0.871451,-0.448794
0.896985,-0.421748
0.889771,-0.456407
0.889771,-0.456407
0.889771,-0.456407
0.889771,-0.456407
0.889771,-0.456407
0.889771,-0.456407
0.889771,-0.456407
0.889771,-0.456407
0.889771,-0.456407
0.889771,-0.456407
0.870363,-0.479381
0.754257,-0.397573
0.877662,-0.446367
0.877662,-0.446367
0.877662,-0.446367
0.877662,-0.446367
0.911666,-0.357366
0.924749,-0.317196
0.889771,-0.456407
0.889771,-0.456407
0.889771,-0.456407
0.889771,-0.456407
0.911684,-0.357826
0.567,-0.490257
0.567,-0.490257
0.590352,-0.524017
0.690158,-0.50148
0.789965,-0.478944
0.792999,-0.424924
0.892806,-0.402388
0.892806,-0.402388
0.89584,-0.348368
0.89584,-0.348368
0.892806,-0.402388
0.89584,-0.348368
0.89584,-0.348368
0.886569,-0.159799
0.871229,-0.079268
0.889604,-0.10578
0.824819,-0.032975
0.81875,-0.141013
0.753229,-0.231197
0.784178,-0.066382
0.796483,-0.200933
0.796483,-0.200933
0.796483,-0.200933
0.793449,-0.254952
0.681953,-0.323594
0.576527,-0.284197
0.248111,-0.382083
0.350502,-0.475499
0.242042,-0.490121
0.133581,-0.504744
0.239007,-0.544141
0.347468,-0.529519
0.130546,-0.558763
0.347468,-0.529519
0.239007,-0.544141
0.239007,-0.544141
0.455928,-0.514896
0.564389,-0.500274
0.78131,-0.471029
0.435214,-0.572336
0.28872,-0.604562
0.136386,-0.597776
0.28872,-0.604562
0.097035,-0.61782
0.026449,-0.540929
-0.000104,-0.559357
-0.259741,-0.490843
-0.008151,-0.335306
0.013657,-0.363354
-0.016261,-0.273093
-0.187639,-0.522365
0.137743,-0.478498
0.103073,-0.60479
0.146947,-0.626199
-0.042064,-0.517739
0.174857,-0.488494
-0.120607,-0.622622
-0.007395,-0.391447
-0.097447,-0.70147
-0.088243,-0.849171
-0.088243,-0.849171
-0.088243,-0.849171
-0.088243,-0.849171
-0.097447,-0.70147
-0.141321,-0.680061
-0.141321,-0.680061
-0.001624,-0.47237
-0.018905,-0.596587
-0.018905,-0.596587
-0.097447,-0.70147
-0.062778,-0.575178
-0.185194,-0.658653
-0.053574,-0.722879
-0.04437,-0.87058
-0.04437,-0.87058
-0.04437,-0.87058
-0.079039,-0.996872
-0.079039,-0.996872
-0.079039,-0.996872
-0.079039,-0.996872
-0.079039,-0.996872
-0.079039,-0.996872
-0.079039,-0.996872
-0.079039,-0.996872
-0.079039,-0.996872
-0.079039,-0.996872
-0.079039,-0.996872
-0.079039,-0.996872
-0.079039,-0.996872
-0.079039,-0.996872
-0.079039,-0.996872
-0.079039,-0.996872
-0.048469,-0.868734
-0.048469,-0.868734
-0.048469,-0.868734
-0.079039,-0.996872
-0.079039,-0.996872
-0.079039,-0.996872
-0.079039,-0.996872
-0.079039,-0.996872
-0.079039,-0.996872
-0.079039,-0.996872
-0.079039,-0.996872
-0.079039,-0.996872
-0.13924,-0.942989
-0.13924,-0.942989
-0.272393,-0.83295
-0.19944,-0.889107
-0.269093,-0.485214
-0.23288,-0.669539
-0.218395,-0.537055
-0.184705,-0.673689
-0.138738,-0.777124
-0.157445,-0.517723
-0.31934,-0.615477
-0.379413,-0.562237
-0.511869,-0.449372
-0.730544,-0.430517
-0.730544,-0.430517
-0.850945,-0.322752
-0.780297,-0.401702
-0.900571,-0.294579
-0.840244,-0.349104
-0.840624,-0.347177
-0.971346,-0.214987
-0.981667,-0.190561
-0.981667,-0.190561
-0.981414,-0.191846
-0.981541,-0.191204
-0.981541,-0.191204
-0.96499,-0.22392
-0.981541,-0.191204
-0.981414,-0.191846
-0.981667,-0.190561
-0.981667,-0.190561
-0.981667,-0.190561
-0.981667,-0.190561
-0.981667,-0.190561
-0.981794,-0.189919
-0.981921,-0.189277
-0.981667,-0.190561
-0.981541,-0.191204
-0.981414,-0.191846
-0.981414,-0.191846
-0.977896,-0.155609
-0.977896,-0.155609
-0.981161,-0.193131
-0.981161,-0.193131
-0.981161,-0.193131
-0.981287,-0.192488
-0.981541,-0.191204
-0.859044,-0.365162
-0.85917,-0.36452
-0.948626,-0.255424
-0.948626,-0.255424
-0.80622,-0.119648
-0.80622,-0.119648
-0.680652,0.050164
-0.518405,-0.074176
-0.447983,-0.103456
-0.50328,-0.244112
-0.630001,-0.230366
-0.63146,-0.36755
-0.722654,-0.464399
-0.689486,-0.529904
-0.672902,-0.562656
-0.689486,-0.529904
-0.689486,-0.529904
-0.795823,-0.454474
-0.843844,-0.298159
-0.839092,-0.259444
-0.895327,-0.257959
-0.924696,-0.098018
-0.884196,-0.031848
-0.901374,-0.267431
-0.687447,-0.232019
-0.782483,-0.277233
-0.877518,-0.322446
-0.873419,-0.28383
-0.904907,-0.304669
-0.965463,-0.221387
-0.965463,-0.221387
-0.957148,-0.24313
-0.973732,-0.210378
-0.973732,-0.210378
-0.965417,-0.232121
-0.965417,-0.232121
-0.973732,-0.210378
-0.973732,-0.210378
-0.973732,-0.210378
-0.845838,-0.221204
-0.845838,-0.221204
-0.646645,-0.235217
-0.382433,-0.206015
-0.118222,-0.176813
-0.118222,-0.176813
0.410201,-0.11841
0.533992,-0.082066
0.33901,-0.042626
0.603221,-0.013425
0.471116,-0.028025
0.206904,-0.057227
0.471116,-0.028025
0.603221,-0.013425
0.206904,-0.057227
0.33901,-0.042626
0.471116,-0.028025
0.603221,-0.013425
0.471116,-0.028025
0.071976,-0.093148
0.074798,-0.071828
0.206904,-0.057227
0.074798,-0.071828
0.074798,-0.071828
0.206904,-0.057227
-0.189413,-0.101029
0.074798,-0.071828
0.074798,-0.071828
-0.057307,-0.086429
-0.057307,-0.086429
0.074798,-0.071828
0.33901,-0.042626
-0.057307,-0.086429
0.074798,-0.071828
-0.057307,-0.086429
-0.189413,-0.101029
-0.057307,-0.086429
0.206904,-0.057227
0.33901,-0.042626
0.471116,-0.028025
0.603221,-0.013425
0.603221,-0.013425
0.33901,-0.042626
0.603221,-0.013425
0.735327,0.001176
0.603221,-0.013425
0.735327,0.001176
0.867433,0.015777
0.603221,-0.013425
0.471116,-0.028025
0.603221,-0.013425
0.603221,-0.013425
0.603221,-0.013425
0.471116,-0.028025
0.603221,-0.013425
0.471116,-0.028025
0.603221,-0.013425
0.471116,-0.028025
0.471116,-0.028025
0.603221,-0.013425
0.714169,-0.049595
0.582063,-0.064196
0.538352,-0.082093
0.274141,-0.111295
-0.122176,-0.155097
-0.05494,-0.209165
0.077166,-0.194564
0.341377,-0.165362
0.475851,-0.273498
0.14677,-0.371368
0.278876,-0.356767
0.281244,-0.479503
0.086636,-0.685508
0.211499,-0.525096
0.079394,-0.539696
-0.052712,-0.554297
-0.249687,-0.637566
-0.122456,-0.59989
-0.122456,-0.59989
-0.249687,-0.637566
-0.511391,-0.567108
-0.441952,-0.629614
-0.376917,-0.675243
-0.376917,-0.675243
-0.578627,-0.51304
-0.71266,-0.377645
-0.645424,-0.431713
-0.780337,-0.350837
-0.847574,-0.296769
-0.914811,-0.242702
-0.914811,-0.242702
-0.982047,-0.188634
-0.982047,-0.188634
-0.982047,-0.188634
-0.982047,-0.188634
-0.982047,-0.188634
-0.982047,-0.188634
-0.982047,-0.188634
-0.982047,-0.188634
-0.982047,-0.188634
-0.982047,-0.188634
-0.940406,-0.238321
-0.940406,-0.238321
-0.846716,-0.224022
-0.838715,-0.177658
-0.85972,-0.199679
-0.85972,-0.199679
-0.85972,-0.199679
-0.85172,-0.153315
-0.916406,-0.099228
-0.908405,-0.052864
-0.950047,-0.003177
-0.950047,-0.003177
-0.942047,0.043188
-0.942047,0.043188
-0.942047,0.043188
-0.938936,-0.029195
-0.938936,-0.029195
-0.839058,0.210672
-0.868737,0.121967
-0.803427,0.154383
-0.841758,0.147464
-0.860737,0.168332
-0.664807,0.265578
-0.648807,0.358306
-0.714117,0.325891
-0.787427,0.247111
-0.730117,0.233162
-0.601741,0.267811
-0.65105,0.328125
-0.65105,0.328125
-0.71636,0.295709
-0.755426,0.432569
-0.755426,0.432569
-0.820736,0.400153
-0.820736,0.400153
-0.886046,0.367738
-0.658029,0.264449
-0.333001,0.232469
-0.422011,0.207524
-0.752037,0.432004
-0.752037,0.432004
-0.495341,0.311904
-0.752037,0.432004
-0.862045,0.506831
-0.862045,0.506831
-0.862045,0.506831
-0.862045,0.506831
-0.862045,0.506831
-0.862045,0.506831
-0.862045,0.506831
-0.862045,0.506831
-0.862045,0.506831
-0.862045,0.506831
-0.862045,0.506831
-0.862045,0.506831
-0.862045,0.506831
-0.804402,0.406376
-0.631606,0.305554
-0.631606,0.305554
-0.680728,0.38042
-0.441767,0.153554
-0.50351,0.270414
-0.561153,0.370869
-0.618796,0.471324
-0.618796,0.471324
-0.738371,0.480876
-0.704902,0.509283
-0.582748,0.491628
-0.616216,0.46322
-0.616216,0.46322
-0.491022,0.428964
-0.491022,0.428964
-0.491022,0.428964
-0.443956,0.329326
-0.691306,0.381237
-0.738371,0.480876
-0.862045,0.506831
-0.862045,0.506831
-0.862045,0.506831
-0.862045,0.506831
-0.862045,0.506831
-0.862045,0.506831
-0.862045,0.506831
-0.862045,0.506831
-0.862045,0.506831
-0.862045,0.506831
-0.862045,0.506831
-0.862045,0.506831
-0.862045,0.506831
-0.862045,0.506831
-0.862045,0.506831
-0.862045,0.506831
-0.759088,0.521779
-0.65613,0.536727
-0.876164,0.46927
-0.870788,0.480814
-0.870788,0.480814
-0.870788,0.480814
-0.862045,0.506831
-0.862045,0.506831
-0.862045,0.506831
-0.862045,0.506831
-0.862045,0.506831
-0.862045,0.506831
-0.862045,0.506831
-0.862045,0.506831
-0.753142,0.591392
-0.697566,0.643204
-0.640302,0.614165
-0.723385,0.586404
-0.715947,0.582751
-0.538605,0.513212
-0.594181,0.4614
-0.594181,0.4614
-0.587193,0.456807
-0.587193,0.456807
-0.587193,0.456807
-0.587193,0.456807
-0.684703,0.437292
-0.775225,0.413185
-0.871059,0.47798
-0.750403,0.422931
-0.75937,0.394683
-0.75937,0.394683
-0.880026,0.449731
-0.880026,0.449731
-0.880026,0.449731
-0.88904,0.420879
-0.88904,0.420879
-0.907067,0.363176
-0.898101,0.391425
-0.880073,0.449128
-0.871059,0.47798
-0.871059,0.47798
-0.871059,0.47798
-0.862045,0.506831
-0.862045,0.506831
-0.862045,0.506831
-0.862045,0.506831
-0.862045,0.506831
-0.862045,0.506831
-0.862045,0.506831
-0.862045,0.506831
-0.740362,0.455124
-0.740362,0.455124
-0.618679,0.403417
-0.562022,0.43629
-0.562022,0.43629
-0.496996,0.35171
-0.131946,0.196589
-0.010263,0.144882
0.233104,0.041468
0.13733,0.118109
0.13733,0.118109
-0.131946,0.196589
-0.010263,0.144882
-0.131946,0.196589
-0.015107,0.0874
0.09738,0.001654
0.09738,0.001654
0.219063,-0.050053
0.345098,-0.125203
0.096887,-0.079272
0.223415,-0.073496
-0.268163,0.075849
0.099191,0.015612
0.351094,-0.020279
0.587075,-0.143773
0.472778,-0.071986
0.472778,-0.071986
0.229411,0.031428
0.152285,0.168993
0.285302,0.074138
0.425442,-0.065418
0.494927,-0.149794
0.257138,-0.163857
0.360364,-0.127715
0.134246,-0.015431
0.110558,-0.039116
0.493589,-0.053151
0.365466,-0.016258
0.335468,-0.054681
0.591714,-0.128467
0.719837,-0.16536
0.719837,-0.16536
0.47647,-0.061946
0.598154,-0.113653
0.354787,-0.010239
0.598154,-0.113653
0.47647,-0.061946
0.354787,-0.010239
0.47647,-0.061946
0.47647,-0.061946
0.467758,-0.103757
0.716031,-0.171313
0.591894,-0.137535
0.478924,-0.044016
0.605513,-0.059865
0.60306,-0.077794
0.48383,-0.008158
0.123686,0.182821
0.033383,0.10167
0.121233,0.164892
0.213386,0.16854
-0.029981,0.271954
0.176302,0.266319
0.456558,0.161338
0.583148,0.145489
0.168749,0.308743
0.28575,0.304961
0.203604,0.276818
-0.000226,0.300382
-0.022939,0.189016
-0.125856,0.261693
-0.00172,0.227915
-0.382758,0.286777
-0.382758,0.286777
-0.382758,0.286777
-0.431398,0.350949
-0.183125,0.283394
-0.471408,0.457593
-0.538276,0.46967
-0.423413,0.401963
-0.393319,0.269934
-0.393319,0.269934
-0.508182,0.33764
-0.632319,0.371418
-0.862045,0.506831
-0.862045,0.506831
-0.862045,0.506831
-0.862045,0.506831
-0.862045,0.506831
-0.851387,0.52051
-0.851387,0.52051
-0.851387,0.52051
-0.851387,0.52051
-0.840728,0.534189
-0.840728,0.534189
-0.782591,0.332607
-0.658513,-0.118779
-0.647818,-0.051815
-0.724382,0.237595
-0.721493,0.35278
-0.721493,0.35278
-0.707944,0.481644
-0.747689,0.542114
-0.74281,0.325422
-0.713724,0.251274
-0.698185,0.048261
-0.701075,-0.066924
-0.65645,-0.344085
-0.559489,-0.403327
-0.559489,-0.403327
-0.533328,-0.378259
-0.5149,-0.466086
-0.413972,-0.255653
-0.40624,-0.142757
-0.350976,-0.024055
-0.279074,0.092644
-0.251788,0.081061
-0.168547,0.330048
-0.197216,0.057894
-0.176972,0.075284
-0.176972,0.075284
-0.203566,0.228735
-0.251096,0.222929
-0.258829,0.110033
-0.146789,0.231489
-0.091526,0.35019
-0.154522,0.118593
-0.314228,-0.04314
-0.245321,0.122688
-0.246329,0.118702
-0.324158,0.066716
-0.32796,-0.043914
-0.251405,-0.071684
-0.051276,0.245526
-0.180295,0.014228
-0.226312,-0.107527
-0.226312,-0.107527
-0.226312,-0.107527
-0.180295,0.014228
-0.180295,0.014228
-0.18954,0.01728
-0.35533,-0.338825
-0.35533,-0.338825
-0.35533,-0.338825
-0.410593,-0.457527
-0.465857,-0.576228
-0.323463,-0.351977
-0.235564,-0.266983
-0.456611,-0.579281
-0.303519,-0.364982
0.026738,0.046618
0.12081,0.150316
0.11532,0.145268
0.074884,0.012619
-0.102281,-0.184681
-0.041148,-0.027169
-0.065222,-0.01017
-0.140818,0.08269
-0.028163,0.164341
-0.168268,0.141552
-0.324737,-0.030884
-0.382492,-0.230259
-0.226024,-0.057822
-0.226024,-0.057822
-0.097006,0.173476
-0.11264,0.265659
-0.208417,0.334375
-0.091215,0.532353
-0.19499,0.442244
-0.011072,0.555819
0.15245,0.724842
0.15245,0.724842
-0.021179,0.729942
-0.188519,0.686423
-0.200344,0.690069
-0.188528,0.723389
-0.135026,0.755066
-0.120918,0.748238
0.199646,0.87907
0.119503,0.855604
0.107678,0.859249
0.131328,0.851959
0.03936,0.832137
0.058238,0.825078
0.051668,0.760602
-0.022511,0.671277
-0.122848,0.522271
-0.016772,0.535265
-0.103486,0.447322
0.109721,0.575279
0.049263,0.565559
0.121869,0.66033
0.121869,0.66033
0.244506,0.660672
0.33122,0.748614
0.33122,0.748614
0.365819,0.658084
0.452533,0.746026
0.417933,0.836557
0.525705,0.573753
0.56163,0.486151
0.597554,0.39855
0.705327,0.135745
0.687031,0.212601
0.669403,0.223347
0.777175,-0.039458
0.775224,-0.038687
0.777175,-0.039458
0.777175,-0.039458
0.777175,-0.039458
0.849024,-0.214661
0.849024,-0.214661
0.920873,-0.389864
0.894555,-0.420567
0.894555,-0.420567
0.894555,-0.420567
0.920873,-0.389864
0.920873,-0.389864
0.920873,-0.389864
0.920873,-0.389864
0.841058,-0.427943
0.920873,-0.389864
0.920873,-0.389864
0.920873,-0.389864
0.819535,-0.310499
0.819535,-0.310499
0.819535,-0.310499
0.819535,-0.310499
0.819535,-0.310499
0.920873,-0.389864
0.920873,-0.389864
0.920873,-0.389864
0.920873,-0.389864
0.903195,-0.414207
0.812749,-0.448218
0.830427,-0.423875
0.887972,-0.303601
0.887972,-0.303601
0.7298,-0.210419
0.7298,-0.210419
0.7298,-0.210419
0.6969,-0.124156
0.413456,-0.024054
0.446356,-0.110317
0.512156,-0.282842
0.637428,-0.289762
0.41293,-0.241262
0.663474,-0.255102
0.779037,-0.256386
0.703001,-0.295433
0.735901,-0.381696
0.659865,-0.420743
0.616729,-0.546054
0.616729,-0.546054
0.700606,-0.375649
0.669112,-0.409245
0.768801,-0.467959
0.540693,-0.585101
0.540693,-0.585101
0.540693,-0.585101
0.389202,-0.661779
0.465238,-0.622731
0.465819,-0.621314
0.389783,-0.660362
0.389783,-0.660362
0.389783,-0.660362
0.313747,-0.699409
0.313166,-0.700826
0.23655,-0.741291
0.393599,-0.630914
0.440146,-0.542621
0.339599,-0.500141
0.440146,-0.542621
0.719778,-0.304904
0.695267,-0.223377
0.771303,-0.18433
0.746792,-0.102802
0.795814,-0.265857
0.771303,-0.18433
0.719778,-0.304904
0.771303,-0.18433
0.776532,-0.258207
0.752021,-0.17668
0.72751,-0.095152
0.776532,-0.258207
0.776532,-0.258207
0.534219,-0.147146
0.614,-0.002681
0.564978,0.160374
0.560491,0.144603
0.318177,0.255664
0.351663,0.205677
0.396198,0.026853
-0.063917,0.167447
-0.335229,0.344264
-0.431874,0.318267
-0.553031,0.373798
-0.557518,0.358027
-0.654163,0.332031
-0.654163,0.332031
-0.776504,0.385033
-0.777688,0.382506
-0.534191,0.273973
-0.413034,0.218442
-0.655347,0.329503
-0.655347,0.329503
-0.684427,0.413807
-0.621428,0.526883
-0.621428,0.526883
-0.643877,0.534504
-0.735955,0.50573
-0.713506,0.49811
-0.806767,0.466809
-0.807951,0.464282
-0.898845,0.438036
-0.656482,0.430822
-0.778847,0.431902
-0.652424,0.389778
-0.652424,0.389778
-0.401627,0.34908
-0.157891,0.247161
-0.281947,0.29434
-0.205061,0.20037
-0.25223,0.153579
-0.048414,-0.031142
-0.098458,-0.034361
-0.420581,0.110395
-0.497467,0.204365
-0.423455,0.153967
-0.104207,0.052783
-0.257979,0.240724
-0.181093,0.146753
-0.302274,0.15036
-0.257979,0.240724
-0.29057,0.425057
-0.169389,0.42145
-0.344702,0.487464
-0.223521,0.483857
-0.223521,0.483857
-0.223734,0.484355
-0.223734,0.484355
0.018203,0.478138
-0.344702,0.487464
-0.10234,0.48025
0.140023,0.473036
-0.129397,0.397187
-0.223512,0.36959
-0.102331,0.365983
-0.317628,0.341994
-0.775295,0.439484
-0.775295,0.439484
-0.654114,0.435877
-0.654114,0.435877
-0.896477,0.443091
-0.896477,0.443091
-0.903364,0.412203
-0.903364,0.412203
-0.689795,0.4758
-0.720197,0.504666
-0.720197,0.504666
-0.896477,0.443091
-0.896477,0.443091
-0.896477,0.443091
-0.773414,0.389202
-0.656831,0.324789
-0.773414,0.389202
-0.663311,0.314264
-0.546729,0.24985
-0.425849,0.246947
-0.659015,0.375775
-0.556741,0.397592
-0.673324,0.462005
-0.552445,0.459103
-0.552445,0.459103
-0.654718,0.437286
-0.654718,0.437286
-0.654718,0.437286
-0.775597,0.440188
-0.871423,0.356635
-0.890537,0.452886
-0.890537,0.452886
-0.818487,0.488872
-0.896477,0.443091
-0.896477,0.443091
-0.896477,0.443091
-0.896477,0.443091
-0.896477,0.443091
-0.896477,0.443091
-0.896477,0.443091
-0.896477,0.443091
-0.896477,0.443091
-0.896477,0.443091
-0.783646,0.373197
-0.783646,0.373197
-0.896477,0.443091
-0.896477,0.443091
-0.896477,0.443091
-0.896477,0.443091
-0.896477,0.443091
-0.770091,0.416031
-0.643705,0.388971
-0.51732,0.361911
-0.51732,0.361911
-0.390934,0.334851
-0.390934,0.334851
-0.264548,0.307791
-0.390934,0.334851
-0.51732,0.361911
-0.51732,0.361911
-0.51732,0.361911
-0.063641,0.316204
-0.143235,0.30387
-0.143235,0.30387
-0.01685,0.27681
-0.081084,0.207707
-0.204479,0.046361
-0.462386,0.055695
-0.216832,-0.208478
-0.341135,-0.016151
-0.469603,-0.154358
-0.52662,-0.013408
-0.588771,0.082755
-0.591586,0.060957
-0.464446,0.100091
-0.243096,0.031466
-0.280289,-0.001724
-0.461353,0.233156
-0.51968,0.318916
-0.5133,0.415823
-0.5133,0.415823
-0.5133,0.415823
-0.323752,0.260398
-0.329938,-0.005732
-0.454241,0.186595
-0.329938,-0.005732
-0.142494,-0.143705
-0.145586,-0.276771
0.042848,-0.264227
-0.030346,-0.269338
0.025835,-0.032676
0.141075,-0.025243
0.211177,-0.153198
0.032795,-0.214984
0.032795,-0.214984
0.144943,-0.340616
0.13588,-0.140857
0.303219,-0.180344
0.13684,-0.126194
0.228953,-0.183895
0.184927,-0.487251
0.123848,-0.392647
-0.044481,-0.503676
-0.245061,-0.41166
-0.159721,-0.511109
-0.168784,-0.31135
-0.053544,-0.303917
-0.053544,-0.303917
-0.067451,-0.500462
-0.106633,-0.407513
-0.106633,-0.407513
-0.168784,-0.31135
-0.221087,-0.281731
-0.360027,-0.051254
-0.228877,-0.211342
-0.33794,-0.207243
-0.159921,-0.107846
-0.234648,0.211241
-0.34577,0.211497
-0.172496,0.115078
0.000777,0.01866
-0.006227,0.222263
0.000777,0.01866
0.000777,0.01866
-0.006227,0.222263
-0.066319,0.322271
-0.34577,0.211497
-0.412866,0.515108
-0.526047,0.511519
-0.639228,0.50793
-0.75241,0.504341
-0.75241,0.504341
-0.629375,0.484247
-0.742556,0.480659
-0.742556,0.480659
-0.742556,0.480659
-0.742556,0.480659
-0.742556,0.480659
-0.742556,0.480659
-0.742556,0.480659
-0.496487,0.440472
-0.521196,0.411878
-0.75568,0.425907
-0.75568,0.425907
-0.865591,0.500752
-0.744585,0.446451
-0.865591,0.500752
-0.862819,0.50514
-0.862819,0.50514
-0.865591,0.500752
-0.761652,0.5154
-0.694956,0.324518
-0.694956,0.324518
-0.728304,0.419959
-0.714912,0.342105
-0.376623,0.293605
-0.155664,0.30831
0.259757,0.362602
0.252906,0.43316
0.323534,0.334375
0.316683,0.404933
0.199353,0.468139
0.082156,0.444552
-0.098952,0.535985
0.239203,0.574277
0.239203,0.574277
0.239203,0.574277
0.349683,0.581629
0.570642,0.596334
0.570642,0.596334
0.570642,0.596334
0.570642,0.596334
0.570642,0.596334
0.570642,0.596334
0.570642,0.596334
0.681121,0.603687
0.570642,0.596334
0.681121,0.603687
0.460162,0.588982
0.460162,0.588982
0.349683,0.581629
0.349683,0.581629
0.381321,0.486887
0.460162,0.588982
0.460162,0.588982
0.460162,0.588982
0.570642,0.596334
0.568283,0.430423
0.565925,0.264512
0.501937,0.372236
0.569462,0.513379
0.247405,0.213929
-0.087114,0.086183
-0.260353,-0.011812
0.000402,0.198508
0.108523,0.03995
-0.107828,0.069094
-0.218307,0.061741
-0.101524,0.121109
0.117319,0.145971
0.114024,0.073173
-0.007233,-0.141948
-0.003938,-0.06915
-0.11518,-0.232083
-0.217373,-0.240832
-0.477092,-0.319357
-0.481539,-0.308045
-0.223772,-0.281436
0.372476,-0.293203
0.171298,-0.123312
0.167577,-0.128321
0.286903,-0.146899
0.38787,-0.234444
0.197435,-0.137682
-0.001326,0.021489
0.116019,-0.180567
-0.026143,-0.230763
0.176766,-0.173255
0.41859,-0.328606
0.647756,-0.364438
0.726187,-0.353634
0.726187,-0.353634
0.769286,-0.422125
0.769286,-0.422125
0.797585,-0.526809
0.788711,-0.597101
0.803511,-0.560909
0.803511,-0.560909
0.803511,-0.560909
0.788711,-0.597101
0.788711,-0.597101
0.691345,-0.650109
0.608779,-0.666925
0.691345,-0.650109
0.691345,-0.650109
0.773912,-0.633293
0.773912,-0.633293
0.773912,-0.633293
0.65784,-0.608015
0.65784,-0.608015
0.65784,-0.608015
0.686968,-0.534551
0.513081,-0.337065
0.426138,-0.238323
0.339194,-0.13958
0.295177,-0.031126
0.295177,-0.031126
0.56033,-0.459184
0.56033,-0.459184
0.473387,-0.360442
0.520636,-0.482561
0.520636,-0.482561
0.607579,-0.581304
0.52819,-0.628057
0.441247,-0.529314
0.511927,-0.642383
0.432538,-0.689136
0.535745,-0.773552
0.615134,-0.726799
0.694523,-0.680046
0.694523,-0.680046
0.672623,-0.697515
0.668518,-0.709076
0.622718,-0.612407
0.65904,-0.632898
0.65904,-0.632898
0.625709,-0.714865
0.712155,-0.674219
0.773912,-0.633293
0.658075,-0.573262
0.658075,-0.573262
0.773912,-0.633293
0.773912,-0.633293
0.773912,-0.633293
0.773912,-0.633293
0.773912,-0.633293
0.721682,-0.657737
0.734691,-0.656582
0.574136,-0.618132
0.527567,-0.378211
0.438417,-0.648476
0.309733,-0.323528
0.384499,-0.145345
0.413209,-0.296909
0.366547,-0.174228
0.366547,-0.174228
0.417612,-0.329669
0.423489,-0.126178
0.466384,-0.234494
0.301674,-0.142475
0.262454,-0.165764
0.262454,-0.165764
0.212473,-0.43782
0.137336,-0.33323
0.287611,-0.542411
0.173253,-0.461109
0.140639,-0.182062
0.126204,-0.299224
0.075853,-0.288508
0.383789,-0.227503
0.308652,-0.122912
0.323086,-0.00575
0.398224,-0.11034
0.323086,-0.00575
0.323086,-0.00575
0.398224,-0.11034
0.398224,-0.11034
0.323086,-0.00575
0.473361,-0.214931
0.623637,-0.424112
0.473361,-0.214931
0.548499,-0.319521
0.698774,-0.528703
0.698774,-0.528703
0.773912,-0.633293
0.773912,-0.633293
0.773912,-0.633293
0.699264,-0.653627
0.699264,-0.653627
0.773912,-0.633293
0.773912,-0.633293
0.668284,-0.552025
0.773912,-0.633293
0.773912,-0.633293
0.773912,-0.633293
0.773912,-0.633293
0.773912,-0.633293
0.773912,-0.633293
0.773912,-0.633293
0.773912,-0.633293
0.677091,-0.682035
0.619227,-0.653583
0.725501,-0.657664
0.725501,-0.657664
0.725501,-0.657664
0.725501,-0.657664
0.725501,-0.657664
0.677091,-0.682035
0.628681,-0.706406
0.58027,-0.730778
0.58027,-0.730778
0.483449,-0.77952
0.53186,-0.755149
0.628681,-0.706406
0.46921,-0.501095
0.500535,-0.628122
0.58027,-0.730778
0.628681,-0.706406
0.725501,-0.657664
0.725501,-0.657664
0.773912,-0.633293
0.773912,-0.633293
0.773912,-0.633293
0.773912,-0.633293
0.764407,-0.643728
0.754903,-0.654164
0.750151,-0.659381
0.537507,-0.624725
0.426432,-0.612615
0.32011,-0.595286
-0.082765,-0.58091
-0.25874,-0.585536
-0.369814,-0.573426
0.1064,-0.666368
0.050722,-0.647956
-0.050848,-0.62541
-0.161923,-0.613299
-0.309666,-0.561906
-0.309666,-0.561906
-0.314418,-0.567124
-0.309666,-0.561906
-0.10902,-0.637453
0.136607,-0.610872
0.064178,-0.638567
0.064178,-0.638567
0.281575,-0.668006
0.412176,-0.628267
0.52325,-0.640378
0.629572,-0.657706
0.52325,-0.640378
0.648429,-0.578035
0.648581,-0.636836
0.643829,-0.642053
0.648581,-0.636836
0.648581,-0.636836
0.653333,-0.631618
0.764407,-0.643728
0.646943,-0.611782
0.646943,-0.611782
0.646943,-0.611782
0.515427,-0.590444
0.651695,-0.606564
0.545808,-0.528174
0.545808,-0.528174
0.32453,-0.381827
0.333354,-0.398171
0.446436,-0.405955
0.335796,-0.332782
0.444215,-0.409864
0.552634,-0.486947
0.663273,-0.56012
0.663273,-0.56012
0.460488,-0.391812
0.479932,-0.368662
0.184052,-0.106407
0.294691,-0.179581
0.438756,-0.393321
0.323563,-0.371092
0.205407,-0.325131
0.197891,-0.352343
-0.046581,-0.225738
-0.061842,-0.2899
-0.103362,-0.323217
-0.018653,-0.290162
0.098208,-0.34597
0.098208,-0.34597
-0.044663,-0.339336
-0.161734,-0.309656
-0.632187,-0.158375
-0.7546,-0.098526
-0.815678,0.019329
-0.813927,-0.065493
-0.877384,0.058799
-0.879262,0.066249
-0.823478,0.128297
-0.769864,0.222909
-0.768779,0.206627
-0.768779,0.206627
-0.768779,0.206627
-0.770949,0.239192
-0.825648,0.160862
-0.773119,0.271756
-0.883601,0.131379
-0.883601,0.131379
-0.884686,0.147661
-0.884686,0.147661
-0.774204,0.288039
-0.831073,0.242273
-0.831073,0.242273
-0.712128,0.279768
-0.600561,0.403863
-0.483101,0.569178
-0.58558,0.536627
-0.563221,0.582791
-0.507437,0.644838
-0.540862,0.628954
-0.418229,0.72277
-0.552155,0.552511
-0.539793,0.55337
-0.496371,0.614559
-0.384804,0.738654
-0.384804,0.738654
-0.440588,0.676607
-0.440588,0.676607
-0.496371,0.614559
-0.511351,0.4272
-0.455567,0.489247
-0.399784,0.551295
-0.399784,0.551295
-0.511351,0.4272
-0.344,0.613343
-0.288217,0.67539
-0.303196,0.488031
-0.262392,0.362719
-0.084195,0.048832
-0.206608,0.424767
-0.165804,0.299455
-0.191629,0.612126
-0.080062,0.736222
-0.120866,0.861533
-0.120866,0.861533
-0.080062,0.736222
-0.007768,0.696127
0.033037,0.570815
-0.017082,0.906655
-0.017082,0.906655
-0.017082,0.906655
-0.16167,0.986845
-0.16167,0.986845
-0.16167,0.986845
-0.16167,0.986845
-0.16167,0.986845
-0.16167,0.986845
-0.16167,0.986845
-0.16167,0.986845
-0.16167,0.986845
-0.16167,0.986845
-0.093219,0.887615
-0.093219,0.887615
-0.018743,0.841496
-0.018743,0.841496
-0.018743,0.841496
0.061759,0.848491
0.136235,0.802372
0.210711,0.756254
0.285188,0.710136
0.285188,0.710136
0.065426,0.716414
-0.083526,0.808651
-0.158003,0.854769
-0.158003,0.854769
-0.154335,0.722693
-0.082888,0.771507
-0.115551,0.756288
-0.082888,0.771507
0.067341,0.604984
0.063673,0.73706
0.213902,0.570537
0.231874,0.43847
0.306988,0.355208
0.32496,0.223141
0.400074,0.13988
0.267817,0.174336
0.382103,0.271947
0.231874,0.43847
0.156759,0.521731
-0.000367,0.38944
-0.034475,0.580478
0.040639,0.497217
0.190868,0.330694
0.248011,0.379499
0.172896,0.462761
0.063673,0.73706
0.107145,0.72937
0.107145,0.72937
0.107145,0.72937
0.364131,0.404014
0.589474,0.154229
0.589474,0.154229
0.527091,0.238339
0.451977,0.321601
0.376862,0.404862
0.464708,0.322449
0.415057,0.407407
0.264828,0.57393
0.290291,0.575627
0.227908,0.659737
0.215176,0.658889
0.140062,0.74215
0.092337,0.56095
-0.052489,0.860977
-0.065221,0.860128
-0.039758,0.861825
-0.027027,0.862673
-0.052489,0.860977
-0.032429,0.72917
-0.037831,0.595666
-0.083355,0.725776
-0.070623,0.726625
-0.063294,0.593969
-0.063294,0.593969
-0.076026,0.593121
-0.076026,0.593121
-0.121549,0.723231
-0.16167,0.986845
-0.16167,0.986845
-0.16167,0.986845
-0.16167,0.986845
-0.16167,0.986845
-0.16167,0.986845
-0.16167,0.986845
-0.16167,0.986845
-0.16167,0.986845
-0.098836,0.962704
-0.16167,0.986845
-0.16167,0.986845
-0.16167,0.986845
-0.16167,0.986845
-0.16167,0.986845
-0.16167,0.986845
-0.16167,0.986845
-0.16167,0.986845
-0.110127,0.868304
-0.110127,0.868304
-0.110127,0.868304
-0.110127,0.868304
-0.16167,0.986845
-0.16167,0.986845
-0.16167,0.986845
-0.095358,0.957939
0.037266,0.900127
-0.029046,0.929033
0.037266,0.900127
0.108257,0.805721
0.037266,0.900127
0.037266,0.900127
-0.081297,0.884964
-0.133548,0.840896
-0.060429,0.79873
-0.238049,0.752759
-0.408863,0.693528
-0.408863,0.693528
-0.513365,0.605391
-0.427293,0.521112
-0.408863,0.693528
-0.408863,0.693528
-0.408863,0.693528
-0.370673,0.810571
-0.422924,0.766503
-0.475175,0.722434
-0.475175,0.722434
-0.475175,0.722434
-0.370673,0.810571
-0.475175,0.722434
-0.266172,0.898708
-0.2481,0.818831
-0.2481,0.818831
-0.195849,0.862899
-0.073275,0.871159
-0.143598,0.906967
-0.101802,0.966162
-0.101802,0.966162
-0.101802,0.966162
-0.100983,0.965254
-0.100983,0.965254
-0.100983,0.965254
-0.040296,0.943663
0.020391,0.922072
0.020391,0.922072
0.020391,0.922072
0.081078,0.900481
0.081078,0.900481
0.030907,0.906752
-0.02978,0.928343
-0.113869,0.966906
-0.140638,0.956204
-0.105976,0.982665
-0.124851,0.987722
-0.16167,0.986845
-0.16167,0.986845
-0.16167,0.986845
-0.16167,0.986845
-0.16167,0.986845
-0.111223,0.867476
-0.111223,0.867476
-0.060775,0.748106
-0.060775,0.748106
-0.060775,0.748106
-0.060775,0.748106
-0.060775,0.748106
-0.060775,0.748106
-0.010328,0.628737
0.04012,0.509368
0.141015,0.270629
0.090567,0.389998
-0.010328,0.628737
-0.010328,0.628737
-0.010328,0.628737
-0.060775,0.748106
-0.010328,0.628737
-0.010328,0.628737
-0.060775,0.748106
-0.060775,0.748106
-0.111223,0.867476
-0.100124,0.73502
-0.060775,0.748106
0.04012,0.509368
-0.060775,0.748106
-0.060775,0.748106
0.016507,0.686972
0.016507,0.686972
0.066954,0.567602
0.089498,0.597225
0.016507,0.686972
0.066954,0.567602
-0.174288,0.983482
-0.16167,0.986845
-0.190493,0.974685
-0.190493,0.974685
-0.190493,0.974685
-0.16167,0.986845
-0.16167,0.986845
-0.16167,0.986845
-0.16167,0.986845
-0.16167,0.986845
-0.16167,0.986845
-0.183503,0.979201
-0.16167,0.986845
-0.16167,0.986845
-0.16167,0.986845
-0.16167,0.986845
-0.16167,0.986845
-0.16167,0.986845
-0.16167,0.986845
-0.16167,0.986845
-0.16167,0.986845
-0.16167,0.986845
-0.16167,0.986845
-0.177432,0.982212
-0.177432,0.982212
-0.16167,0.986845
-0.16167,0.986845
-0.16167,0.986845
-0.16167,0.986845
-0.10741,0.726822
-0.10741,0.726822
-0.083537,0.836277
-0.16167,0.986845
-0.16167,0.986845
-0.085608,0.934564
-0.085608,0.934564
-0.059767,0.961671
-0.110719,0.974258
-0.008816,0.949084
-0.059767,0.961671
-0.16167,0.986845
-0.16167,0.986845
-0.16167,0.986845
-0.16167,0.986845
-0.180501,0.980786
-0.199332,0.974727
-0.199332,0.974727
-0.230993,0.942694
-0.191254,0.862367
-0.210085,0.856308
-0.191254,0.862367
-0.109931,0.866688
-0.253747,0.864106
-0.253747,0.864106
-0.216086,0.876224
-0.197255,0.882283
-0.119854,0.814075
-0.234916,0.870165
-0.253747,0.864106
-0.176347,0.795898
-0.195177,0.789839
-0.31024,0.845929
-0.31024,0.845929
-0.329071,0.83987
-0.347902,0.833811
-0.347902,0.833811
-0.347902,0.833811
-0.444133,0.895961
-0.444133,0.895961
-0.41129,0.769642
-0.444133,0.895961
-0.444133,0.895961
-0.444133,0.895961
-0.444133,0.895961
-0.444133,0.895961
-0.444133,0.895961
-0.444133,0.895961
-0.444133,0.895961
-0.444133,0.895961
-0.444133,0.895961
-0.257427,0.737454
-0.35078,0.816707
-0.35078,0.816707
-0.35078,0.816707
-0.35078,0.816707
-0.35078,0.816707
-0.070721,0.578948
0.024367,0.531743
-0.162339,0.690249
-0.070501,0.579683
-0.070501,0.579683
-0.257427,0.737454
-0.164074,0.658201
-0.12746,0.505135
-0.12746,0.505135
-0.265069,0.451117
-0.265069,0.451117
-0.295957,0.412631
-0.307581,0.536557
-0.370045,0.654296
-0.307581,0.536557
-0.307581,0.536557
-0.338374,0.653244
-0.27591,0.535505
-0.27591,0.535505
-0.256741,0.542743
-0.319205,0.660482
-0.194276,0.425004
-0.256741,0.542743
-0.381669,0.778222
-0.381669,0.778222
-0.381669,0.778222
-0.381669,0.778222
-0.381669,0.778222
-0.444133,0.895961
-0.444133,0.895961
-0.444133,0.895961
-0.435597,0.899479
-0.444133,0.895961
-0.444133,0.895961
-0.454044,0.662486
-0.343129,0.665465
-0.343129,0.665465
-0.338174,0.782203
-0.27764,0.663412
-0.27764,0.663412
-0.111146,0.430864
-0.196889,0.550893
-0.176673,0.557164
-0.070713,0.443406
0.020368,0.357876
-0.135133,0.554252
-0.145018,0.574971
-0.342059,0.774259
-0.269003,0.859883
-0.158321,0.884957
-0.225359,0.900833
-0.289321,0.903429
-0.334746,0.898397
-0.353283,0.906026
-0.353283,0.906026
-0.217008,0.921124
-0.307858,0.911059
-0.084476,0.832685
0.006374,0.84275
0.0518,0.847783
0.050279,0.717904
0.133904,0.697246
0.138906,0.754311
0.097225,0.852815
0.140421,0.739544
0.191819,0.966418
0.191819,0.966418
0.146393,0.961385
0.100968,0.956352
0.146393,0.961385
0.146393,0.961385
0.146393,0.961385
0.146393,0.961385
0.191819,0.966418
0.23799,0.971263
0.23799,0.971263
0.237244,0.97145
0.237244,0.97145
0.171663,0.862326
0.040501,0.644076
0.106082,0.753201
0.029547,0.807439
0.029547,0.807439
0.166186,0.944007
0.237244,0.97145
0.237244,0.97145
0.154767,0.905764
0.154767,0.905764
0.154767,0.905764
0.154767,0.905764
0.154767,0.905764
0.237692,0.971339
0.237692,0.971339
0.238141,0.971228
0.166345,0.943463
0.237692,0.971339
0.237692,0.971339
0.237692,0.971339
0.237692,0.971339
0.181071,0.959751
0.181071,0.959751
0.181071,0.959751
0.181071,0.959751
0.181071,0.959751
0.124899,0.948052
0.124899,0.948052
0.250689,0.743471
0.138344,0.720073
0.173153,0.611933
0.025999,0.696675
0.025999,0.696675
0.106664,0.827368
0.071855,0.935507
0.071855,0.935507
0.131156,0.946361
0.184772,0.901201
0.217941,0.889258
0.217941,0.889258
0.068975,0.81604
-0.165425,0.709171
-0.168554,0.710016
0.065846,0.816885
0.262171,0.846632
0.259042,0.847478
0.211684,0.890948
0.287731,0.927134
0.315703,0.886411
0.315703,0.886411
0.365159,0.808085
0.315703,0.886411
0.331961,0.884509
0.287964,0.910849
0.338791,0.844315
0.338791,0.844315
0.287964,0.910849
0.237244,0.97145
0.237244,0.97145
0.135533,0.948972
0.170694,0.949937
0.170694,0.949937
0.170694,0.949937
0.104145,0.928424
0.170694,0.949937
0.237244,0.97145
0.237244,0.97145
0.237244,0.97145
0.237244,0.97145
0.237244,0.97145
0.237244,0.97145
0.237244,0.97145
0.237244,0.97145
0.237244,0.97145
0.237244,0.97145
0.237244,0.97145
0.237244,0.97145
0.237244,0.97145
0.237244,0.97145
0.237244,0.97145
0.237244,0.97145
0.237244,0.97145
0.237244,0.97145
0.256796,0.850175
0.256796,0.850175
0.2959,0.607626
0.2959,0.607626
0.322075,0.689767
0.276348,0.728901
0.256796,0.850175
0.256796,0.850175
0.256796,0.850175
0.256796,0.850175
0.256796,0.850175
0.237244,0.97145
0.237244,0.97145
0.237244,0.97145
0.237244,0.97145
0.237244,0.97145
0.237244,0.97145
0.237244,0.97145
0.237244,0.97145
0.237244,0.97145
0.237244,0.97145
0.237244,0.97145
0.237244,0.97145
0.286699,0.920255
0.307598,0.799846
0.279043,0.730633
0.279043,0.730633
0.258143,0.851041
0.258143,0.851041
0.256781,0.726884
0.206413,0.577852
0.206413,0.577852
0.21669,0.709051
0.206413,0.577852
0.226967,0.840251
0.226967,0.840251
0.237244,0.97145
0.287096,0.918181
0.287096,0.918181
0.325961,0.815282
0.336948,0.864913
0.3868,0.811644
0.3868,0.811644
0.3868,0.811644
0.527204,0.465286
0.626769,0.359516
0.60628,0.480193
0.705984,0.373655
0.685495,0.494333
0.735347,0.441064
0.593296,0.283661
0.643148,0.230392
0.671687,0.04592
0.671548,0.046687
0.529497,-0.110715
0.458332,-0.18865
0.600662,-0.032781
0.504339,0.22149
0.326149,0.240528
0.16589,0.243035
0.315541,0.408469
0.244376,0.330535
0.394027,0.495969
0.344175,0.549238
0.394027,0.495969
0.372714,0.364766
0.401253,0.180294
0.493731,0.389431
0.572122,0.151691
0.593435,0.282894
0.593435,0.282894
0.593435,0.282894
0.714451,0.307559
0.616723,0.230656
0.759052,0.386525
0.682637,0.440825
0.682637,0.440825
0.556369,0.548394
0.483229,0.6539
0.45994,0.706138
0.559644,0.5996
0.410088,0.759406
0.433377,0.707169
0.310384,0.865944
0.310384,0.865944
0.233969,0.920244
0.260532,0.919213
0.287096,0.918181
0.287096,0.918181
0.287096,0.918181
0.387678,0.804147
0.337826,0.857415
0.437836,0.6149
0.350779,0.852792
0.414463,0.787402
0.465193,0.726636
0.466071,0.719139
0.466071,0.719139
0.529755,0.65375
0.535562,0.650609
0.516802,0.658373
0.529755,0.65375
0.559441,0.54322
0.538478,0.411989
0.274961,0.266601
0.020748,0.138571
0.082137,0.06794
0.020748,0.138571
0.225524,0.20887
0.364763,0.031196
0.641233,0.171961
0.375066,0.172293
0.508149,0.172127
0.500837,0.244774
0.53246,0.366139
0.326191,0.546421
0.243838,0.485822
0.345299,0.36429
0.478382,0.364124
0.611465,0.363958
0.560735,0.424723
0.662196,0.303192
0.662196,0.303192
0.712926,0.242426
0.662196,0.303192
0.592357,0.546089
0.661472,0.477785
0.610742,0.538551
0.661472,0.477785
0.813664,0.295487
0.643087,0.485323
0.592357,0.546089
0.791069,0.322663
0.740338,0.383429
0.689608,0.444194
0.791069,0.322663
0.740338,0.383429
0.588147,0.565726
0.537416,0.626492
0.537416,0.626492
0.638877,0.50496
0.638877,0.50496
0.634667,0.524598
0.537416,0.626492
0.588147,0.565726
0.50963,0.436079
0.498158,0.561669
0.548634,0.503957
0.512108,0.502562
0.477314,0.415047
0.498192,0.405943
0.474582,0.351619
0.506476,0.217224
0.467218,0.1524
0.376689,0.234323
0.47869,0.026811
0.517948,0.091635
0.619409,-0.029897
0.444171,-0.220685
0.444171,-0.220685
0.434917,-0.035396
0.395658,-0.100219
0.393441,-0.159919
0.417179,-0.210362
0.350134,-0.465598
0.428651,-0.335951
0.440123,-0.46154
0.272799,-0.515964
0.284271,-0.641553
0.180979,-0.701177
0.245012,-0.706377
0.256485,-0.831966
0.320518,-0.837166
0.295743,-0.767143
0.320518,-0.837166
0.423809,-0.777542
0.436317,-0.784021
0.366229,-0.854591
0.32697,-0.919414
0.378496,-0.918135
0.409325,-0.912389
0.319049,-0.829722
0.335632,-0.899428
0.409325,-0.912389
0.409325,-0.912389
0.409325,-0.912389
0.409325,-0.912389
0.409325,-0.912389
0.409325,-0.912389
0.409325,-0.912389
0.409325,-0.912389
0.409325,-0.912389
0.409325,-0.912389
0.409325,-0.912389
0.35055,-0.910325
0.291775,-0.908261
0.148595,-0.879756
0.148595,-0.879756
0.266146,-0.883883
0.324921,-0.885946
0.324921,-0.885946
0.324921,-0.885946
0.324921,-0.885946
0.324921,-0.885946
0.324921,-0.885946
0.409325,-0.912389
0.409325,-0.912389
0.409325,-0.912389
0.340412,-0.799488
0.340412,-0.799488
0.343868,-0.679508
0.343868,-0.679508
0.274955,-0.566607
0.278412,-0.446628
0.281868,-0.326648
0.350782,-0.439548
0.347325,-0.559528
0.412782,-0.792409
0.355155,-0.669069
0.355155,-0.669069
0.416239,-0.672429
0.416239,-0.672429
0.416239,-0.672429
0.419696,-0.552449
0.416239,-0.672429
0.416239,-0.672429
0.412782,-0.792409
0.409325,-0.912389
0.409325,-0.912389
0.409325,-0.912389
0.409325,-0.912389
0.409325,-0.912389
0.409325,-0.912389
0.409325,-0.912389
0.409325,-0.912389
0.409325,-0.912389
0.325052,-0.886163
0.409325,-0.912389
0.409325,-0.912389
0.409325,-0.912389
0.409325,-0.912389
0.409325,-0.912389
0.409325,-0.912389
0.409325,-0.912389
0.409325,-0.912389
0.409325,-0.912389
0.409325,-0.912389
0.409325,-0.912389
0.409325,-0.912389
0.409325,-0.912389
0.362399,-0.915271
0.362399,-0.915271
0.315472,-0.918154
0.268546,-0.921037
0.22162,-0.923919
0.268546,-0.921037
0.268546,-0.921037
0.174693,-0.926802
0.22162,-0.923919
0.174693,-0.926802
0.08084,-0.932568
0.08084,-0.932568
0.033914,-0.93545
0.127767,-0.929685
0.033914,-0.93545
0.033914,-0.93545
-0.013013,-0.938333
-0.106481,-0.869469
-0.246876,-0.803488
-0.031507,-0.565357
0.076178,-0.446291
0.062346,-0.559591
0.108888,-0.631338
0.061962,-0.63422
0.134247,-0.688812
0.08084,-0.932568
0.127767,-0.929685
0.08084,-0.932568
0.174693,-0.926802
0.127767,-0.929685
0.127767,-0.929685
0.127767,-0.929685
0.08084,-0.932568
0.174693,-0.926802
0.174693,-0.926802
0.22162,-0.923919
0.174693,-0.926802
0.268546,-0.921037
0.268546,-0.921037
0.268546,-0.921037
0.268546,-0.921037
0.268546,-0.921037
0.362399,-0.915271
0.409325,-0.912389
0.409325,-0.912389
0.33839,-0.901955
0.33839,-0.901955
0.33839,-0.901955
0.322942,-0.920221
0.366133,-0.916305
0.255937,-0.673474
0.311035,-0.794889
0.311035,-0.794889
0.299129,-0.669558
0.299129,-0.669558
0.282236,-0.474868
0.244031,-0.548143
0.299129,-0.669558
0.133834,-0.305313
0.078736,-0.183898
-0.03146,0.058933
-0.03146,0.058933
-0.086558,0.180348
0.007776,0.115412
-0.03146,0.058933
-0.086558,0.180348
-0.086558,0.180348
-0.141657,0.301763
-0.178975,0.226934
-0.436686,0.637765
-0.434627,0.623302
-0.302834,0.637083
-0.265516,0.711913
-0.359991,0.772961
-0.454466,0.834009
-0.417147,0.908839
-0.343541,0.896697
-0.198515,0.67686
-0.268385,0.789173
-0.343541,0.896697
-0.269935,0.884555
-0.269935,0.884555
-0.216763,0.74772
-0.104343,0.793768
-0.233178,0.751549
-0.049208,0.594259
-0.049208,0.594259
0.410717,0.201035
0.686671,-0.034899
0.594687,0.043746
0.464813,0.05048
0.464813,0.05048
0.594687,0.043746
0.594687,0.043746
0.242851,0.180535
0.242851,0.180535
0.188807,0.308752
0.055883,0.329387
0.056381,0.335943
-0.127589,0.493233
-0.325305,0.642063
-0.287364,0.691636
-0.301111,0.683177
-0.376351,0.778718
-0.376351,0.778718
-0.335554,0.648598
-0.431335,0.744882
-0.364044,0.738011
-0.192674,0.598351
-0.257293,0.602175
-0.045126,0.332395
-0.148208,0.358852
-0.072618,0.315476
0.073508,0.280479
0.025097,0.401948
-0.010482,0.58979
-0.066244,0.630534
-0.126005,0.694474
-0.338248,0.75848
-0.41583,0.631381
-0.41583,0.631381
-0.398859,0.527088
-0.655112,0.469823
-0.693903,0.406274
-0.732694,0.342725
-0.810276,0.215627
-0.921432,0.082701
-0.84385,0.209799
-0.960223,0.019151
-0.76538,0.143301
-0.76538,0.143301
-0.901593,0.017677
-0.999014,-0.044398
-0.999014,-0.044398
-0.999014,-0.044398
-0.999014,-0.044398
-0.999014,-0.044398
-0.988921,-0.006065
-0.988921,-0.006065
-0.988921,-0.006065
-0.978829,0.032268
-0.978829,0.032268
-0.978829,0.032268
-0.968736,0.070601
-0.897881,0.00703
-0.867603,0.122029
-0.877696,0.083696
-0.867603,0.122029
-0.918273,0.262265
-0.938459,0.185599
-0.938459,0.185599
-0.958644,0.108934
-0.963487,0.047476
-0.963487,0.047476
-0.943302,0.124141
-0.578871,0.254753
-0.662612,0.293142
-0.376673,0.439017
-0.277996,0.500419
-0.024618,0.496426
0.195703,0.536665
0.29438,0.598067
0.393057,0.65947
0.492232,0.526771
0.646934,0.461374
0.679993,0.417141
0.811728,0.43431
0.679494,0.611243
0.745611,0.522777
0.77867,0.478543
0.712553,0.56701
0.650689,0.652931
0.650689,0.652931
0.712553,0.56701
0.679494,0.611243
0.646436,0.655476
0.54726,0.788176
0.459549,0.693001
0.42649,0.737235
0.54726,0.788176
0.294319,0.711074
0.204403,0.61948
0.211395,0.60186
0.301311,0.693454
0.211395,0.60186
0.183483,0.454516
0.242397,0.573985
0.330638,0.547805
0.389552,0.667274
0.389552,0.667274
0.387877,0.5495
0.297961,0.457906
0.20972,0.484086
0.20972,0.484086
0.014364,0.343468
0.108692,0.178228
0.292937,0.104583
0.381178,0.078403
0.377828,-0.157145
0.469419,0.052223
0.472769,0.287772
0.474443,0.405546
0.474443,0.405546
0.469542,-0.062722
0.477885,-0.059142
0.47621,-0.176916
0.474535,-0.29469
0.378555,-0.560794
0.371764,-0.331655
0.279134,-0.36221
0.186082,-0.057935
0.075377,-0.049151
-0.094642,-0.162877
0.041622,-0.200688
0.051415,-0.271793
-0.036917,-0.306939
-0.03954,-0.184574
-0.031422,-0.373454
-0.099689,-0.371113
-0.111157,-0.417782
-0.158163,-0.439878
-0.154813,-0.20433
-0.003709,-0.105009
0.117559,-0.154894
0.04237,-0.025598
0.062423,-0.042484
-0.118056,-0.47365
0.047127,-0.504398
-0.034035,-0.488285
-0.104359,-0.375563
-0.01236,-0.295067
0.009368,-0.194179
-0.045407,-0.267181
0.172169,-0.248005
0.174771,-0.327627
0.30199,-0.221586
0.263277,-0.248234
0.499173,-0.042854
0.501775,-0.122476
0.602968,-0.112732
0.602968,-0.112732
0.704162,-0.102988
0.810558,-0.252489
0.805355,-0.093245
0.805355,-0.093245
0.802753,-0.013622
0.805355,-0.093245
0.684334,-0.062254
0.565914,-0.110885
0.576321,-0.429374
0.47929,-0.313717
0.491349,-0.267869
0.597837,-0.258055
0.589097,-0.318715
0.589097,-0.318715
0.473996,-0.382158
0.591699,-0.398337
0.245562,-0.29174
0.338677,-0.210391
0.450241,-0.366852
0.678674,-0.45727
0.560971,-0.441091
0.536383,-0.343563
0.511795,-0.246034
0.629498,-0.262214
0.542781,-0.278895
0.802775,-0.408782
0.802775,-0.408782
0.802775,-0.408782
0.809173,-0.344114
0.796377,-0.473449
0.771789,-0.375921
0.771789,-0.375921
0.506793,-0.227384
0.407965,-0.206098
0.552757,-0.329131
0.552757,-0.329131
0.577345,-0.426659
0.720513,-0.58143
0.720513,-0.58143
0.820966,-0.570978
0.820966,-0.570978
0.820966,-0.570978
0.820966,-0.570978
0.820966,-0.570978
0.820966,-0.570978
0.820966,-0.570978
0.820966,-0.570978
0.706544,-0.562602
0.4777,-0.54585
0.266912,-0.447341
0.39939,-0.373961
0.303024,-0.283829
0.284968,-0.365585
0.303024,-0.283829
0.363278,-0.537474
0.592122,-0.554226
0.592122,-0.554226
0.592122,-0.554226
0.592122,-0.554226
0.4777,-0.54585
0.4777,-0.54585
0.592122,-0.554226
0.592122,-0.554226
0.592122,-0.554226
0.706544,-0.562602
0.706544,-0.562602
0.592122,-0.554226
0.592122,-0.554226
0.592122,-0.554226
0.706544,-0.562602
0.706544,-0.562602
0.545021,-0.582389
0.424289,-0.534925
0.424289,-0.534925
0.182825,-0.439996
0.297247,-0.448372
0.338038,-0.38112
0.46272,-0.413608
0.583452,-0.461073
0.583452,-0.461073
0.341989,-0.366144
0.45877,-0.428584
0.700234,-0.523513
0.700234,-0.523513
0.820966,-0.570978
0.773631,-0.599168
0.773631,-0.599168
0.773631,-0.599168
0.584967,-0.680697
0.561638,-0.679176
0.396981,-0.730995
0.396981,-0.730995
0.396981,-0.730995
0.255652,-0.784334
0.04366,-0.864342
0.184988,-0.811003
0.184988,-0.811003
0.114324,-0.837673
-0.075531,-0.809267
-0.004867,-0.782597
-0.004867,-0.782597
0.326317,-0.757664
0.255652,-0.784334
0.226377,-0.641529
0.226377,-0.641529
0.416917,-0.638757
0.487581,-0.612088
0.558245,-0.585418
0.436852,-0.546519
0.366188,-0.573189
0.22486,-0.626528
0.083532,-0.679867
0.154196,-0.653198
0.275588,-0.692096
0.416917,-0.638757
0.487581,-0.612088
0.487581,-0.612088
0.264731,-0.442053
-0.038721,-0.392983
-0.160114,-0.354084
-0.291445,-0.409482
-0.10402,-0.462262
0.195563,-0.422218
0.205861,-0.586895
0.216167,-0.534179
0.220788,-0.491345
0.165062,-0.424748
0.037984,-0.39573
0.047923,-0.301434
-0.028048,-0.381848
-0.073469,-0.262536
-0.194861,-0.223637
0.058229,-0.248719
-0.062107,-0.375629
-0.162083,-0.260339
-0.142757,-0.26212
-0.174479,-0.391227
-0.2213,-0.474316
-0.398742,-0.368814
-0.486191,-0.431324
-0.421286,-0.498802
-0.421286,-0.498802
-0.355412,-0.566299
-0.290184,-0.633784
-0.290507,-0.633778
-0.225279,-0.701262
-0.290507,-0.633778
-0.346671,-0.662364
-0.476481,-0.527407
-0.607583,-0.392425
-0.673135,-0.324934
-0.542679,-0.459903
-0.477451,-0.527388
-0.411899,-0.594879
-0.411899,-0.594879
-0.411899,-0.594879
-0.283146,-0.729798
-0.199606,-0.84299
-0.233536,-0.719824
-0.28513,-0.550964
-0.283428,-0.551014
-0.173166,-0.556155
-0.053491,-0.87664
-0.118336,-0.497027
-0.114353,-0.363765
-0.114353,-0.363765
-0.09914,-0.488779
-0.094833,-0.355523
-0.084407,-0.620193
-0.156573,-0.507117
-0.156573,-0.507117
-0.156896,-0.507111
-0.28635,-0.340625
-0.28635,-0.340625
-0.066418,-0.27527
0.03537,-0.644768
0.0693,-0.767933
0.025213,-0.6532
0.093466,-0.594665
0.132877,-0.709108
0.064948,-0.76765
0.098714,-0.881786
0.103713,-0.882082
0.046104,-0.941221
0.11371,-0.882673
0.121213,-0.731827
0.053607,-0.790375
0.053607,-0.790375
0.11371,-0.882673
0.11371,-0.882673
0.11371,-0.882673
0.11371,-0.882673
0.046104,-0.941221
0.046104,-0.941221
0.11371,-0.882673
0.11371,-0.882673
0.048955,-0.823993
-0.0158,-0.765313
0.10221,-0.699818
0.10221,-0.699818
0.037418,-0.625509
-0.030188,-0.684057
-0.030188,-0.684057
0.034604,-0.758366
0.034604,-0.758366
-0.033001,-0.816914
-0.040193,-0.684157
-0.093485,-0.792702
-0.093485,-0.792702
-0.093485,-0.792702
-0.093485,-0.792702
-0.086293,-0.92546
-0.151085,-0.851151
-0.086293,-0.92546
-0.075285,-0.895761
-0.075285,-0.895761
-0.075285,-0.895761
-0.075285,-0.895761
-0.060077,-0.763882
-0.075285,-0.895761
-0.075285,-0.895761
-0.021501,-0.999769
0.029915,-0.977233
0.029915,-0.977233
0.029915,-0.977233
0.029915,-0.977233
-0.084472,-0.95034
-0.210412,-0.851483
-0.120425,-0.772698
-0.120425,-0.772698
-0.030437,-0.693913
-0.057455,-0.822127
0.050614,-0.309272
0.050614,-0.309272
0.104648,-0.052845
0.014661,-0.13163
0.188124,0.164971
0.153315,0.037383
0.188124,0.164971
0.379596,0.293494
0.387388,0.292868
0.350154,0.332106
0.431206,0.716746
0.339938,0.499557
0.302704,0.538794
0.329721,0.667008
0.302704,0.538794
0.233083,0.527284
0.2601,0.655498
0.217497,0.772201
0.300404,0.667987
0.327421,0.7962
0.257801,0.78469
0.327421,0.7962
0.327421,0.7962
0.327421,0.7962
0.314135,0.911925
0.423657,0.849382
0.423657,0.849382
0.46356,0.775328
0.46356,0.775328
0.46356,0.775328
0.502816,0.698266
0.502816,0.698266
0.46356,0.775328
0.503462,0.701275
0.503462,0.701275
0.503462,0.701275
0.543364,0.627222
0.663071,0.405062
0.663071,0.405062
0.503462,0.701275
0.503462,0.701275
0.461962,0.574974
0.663071,0.405062
0.543364,0.627222
0.46356,0.775328
0.317139,0.80933
0.298763,0.831621
0.213772,0.739807
0.213772,0.739807
0.043789,0.55618
0.043789,0.55618
0.12878,0.647993
0.213772,0.739807
0.213772,0.739807
0.213772,0.739807
0.298763,0.831621
0.383755,0.923435
0.383755,0.923435
0.383755,0.923435
0.383755,0.923435
0.383755,0.923435
0.383755,0.923435
0.383755,0.923435
0.383755,0.923435
0.383755,0.923435
0.383755,0.923435
0.383755,0.923435
0.383755,0.923435
0.383755,0.923435
0.383755,0.923435
0.383755,0.923435
0.383755,0.923435
0.383755,0.923435
0.383755,0.923435
0.383755,0.923435
0.383755,0.923435
0.383755,0.923435
0.359419,0.928528
0.359419,0.928528
0.270747,0.845417
0.335083,0.93362
0.310747,0.938713
0.310747,0.938713
0.335083,0.93362
0.335083,0.93362
0.310747,0.938713
0.310747,0.938713
0.335083,0.93362
0.335083,0.93362
0.286411,0.943806
0.310747,0.938713
0.310747,0.938713
0.335083,0.93362
0.359419,0.928528
0.359419,0.928528
0.359419,0.928528
0.359419,0.928528
0.359419,0.928528
0.359419,0.928528
0.383755,0.923435
0.320713,0.917021
0.320713,0.917021
0.320713,0.917021
0.169732,0.87263
0.068545,0.891364
-0.057539,0.878536
-0.120581,0.872121
-0.183623,0.865707
-0.246665,0.859293
-0.120581,0.872121
-0.309707,0.852879
-0.183623,0.865707
-0.246665,0.859293
-0.095318,0.767442
-0.095318,0.767442
-0.208404,0.637448
-0.120099,0.539183
-0.081962,0.527302
-0.145004,0.520888
-0.169909,0.502592
-0.107225,0.631981
-0.158971,0.23303
0.117244,0.616597
0.025358,0.569494
-0.106084,0.460209
-0.256101,0.329498
-0.283442,0.165482
-0.273876,0.179874
-0.339573,0.180026
-0.406022,0.127479
-0.406361,0.249311
-0.30178,0.192917
-0.392897,0.119112
-0.524082,-0.025436
-0.614447,-0.046542
-0.795891,0.157196
-0.704793,0.081676
-0.613318,0.032506
-0.704417,0.108025
-0.613318,0.032506
-0.704775,0.231
-0.614034,0.278455
-0.614392,0.40143
-0.483073,0.395515
-0.573814,0.34806
-0.641484,0.338201
-0.822965,0.243291
-0.822965,0.243291
-0.822965,0.243291
-0.691647,0.237376
-0.560328,0.231462
-0.691647,0.237376
-0.56803,0.224094
-0.63026,0.21532
-0.661,0.154863
-0.869918,0.121775
-0.877527,0.257378
-0.915876,0.332524
-0.915876,0.332524
-0.817826,0.482275
-0.814911,0.466465
-0.833196,0.452047
-0.851481,0.437628
-0.833196,0.452047
-0.817826,0.482275
-0.848566,0.421818
-0.817826,0.482275
-0.851481,0.437628
-0.863935,0.391589
-0.820025,0.459948
-0.879305,0.361361
-0.827365,0.420426
-0.842734,0.390198
-0.775424,0.479492
-0.741769,0.524139
-0.775424,0.479492
-0.910044,0.300904
-0.977354,0.21161
-0.977354,0.21161
-0.977354,0.21161
-0.977354,0.21161
-0.977354,0.21161
-0.977354,0.21161
-0.978018,0.208088
-0.847678,0.207965
-0.847014,0.211487
-0.847014,0.211487
-0.847014,0.211487
-0.847014,0.211487
-0.977354,0.21161
-0.977354,0.21161
-0.977354,0.21161
-0.977354,0.21161
-0.977354,0.21161
-0.853464,0.229043
-0.770831,0.1506
-0.770831,0.1506
-0.688198,0.072158
-0.564308,0.089591
-0.440417,0.107024
-0.440417,0.107024
-0.440417,0.107024
-0.474361,0.13737
-0.556994,0.215813
-0.556994,0.215813
-0.598252,0.119937
-0.598252,0.119937
-0.639509,0.024061
-0.722142,0.102503
-0.722142,0.102503
-0.812089,0.054724
-0.894721,0.133167
-0.894721,0.133167
-0.894721,0.133167
-0.894721,0.133167
-0.894721,0.133167
-0.977354,0.21161
-0.977354,0.21161
-0.977354,0.21161
-0.845694,0.202164
-0.619965,0.267082
-0.601169,0.225178
-0.86449,0.244069
-0.824443,0.168204
-0.784396,0.09234
-0.709132,0.012337
-0.633869,-0.067667
-0.598653,-0.071806
-0.372863,-0.311817
-0.31391,-0.259547
-0.04189,-0.449741
-0.079491,-0.562203
-0.020538,-0.509933
-0.020538,-0.509933
0.014678,-0.514072
0.014678,-0.514072
-0.047862,-0.431615
0.011091,-0.379345
0.102665,-0.591622
0.086355,-0.459348
0.102665,-0.591622
0.100301,-0.470779
0.152261,-0.585642
0.294194,-0.9188
0.365493,-0.883978
0.329843,-0.901389
0.294194,-0.9188
0.294194,-0.9188
0.365493,-0.883978
0.436792,-0.849157
0.472442,-0.831746
0.401142,-0.866567
0.268163,-0.877737
0.202296,-0.892813
0.309245,-0.84058
0.180453,-0.813024
0.168675,-0.848828
0.144804,-0.830435
0.242133,-0.836675
0.277783,-0.819264
0.251753,-0.778202
0.384732,-0.767032
0.199692,-0.696078
0.199692,-0.696078
0.303655,-0.478257
0.303655,-0.478257
0.26494,-0.139046
0.246609,-0.269923
0.103931,-0.148532
-0.038747,-0.02714
0.180877,0.315317
0.316921,-0.030135
0.226225,0.200166
0.316921,-0.030135
0.414251,-0.036376
0.368903,0.078775
0.238629,0.296357
0.283978,0.181206
0.283978,0.181206
0.238629,0.296357
0.153704,0.398789
0.102585,0.64181
0.226975,0.526141
0.226975,0.526141
0.226975,0.526141
0.18751,0.539378
0.368903,0.078775
0.576836,-0.346837
0.576836,-0.346837
0.544758,-0.214191
0.576836,-0.346837
0.531487,-0.231686
0.373718,-0.068448
0.202678,0.077295
-0.011812,-0.14139
-0.078885,-0.208453
-0.349076,0.002873
-0.506846,0.166111
-0.506846,0.166111
-0.372699,0.300238
-0.3056,0.365792
-0.221443,0.46066
-0.199718,0.642874
-0.195102,0.798792
-0.128029,0.865855
-0.128029,0.865855
-0.014194,0.924143
0.07626,0.986819
0.07626,0.986819
0.123021,0.978044
0.154704,0.752073
0.229575,0.699861
0.311854,0.598358
0.158539,0.885316
0.147296,0.801363
0.323991,0.510018
0.223047,0.464733
0.281946,0.367617
0.246428,0.460345
0.441789,0.315787
0.359509,0.41729
0.477306,0.223059
0.297121,0.436161
0.238222,0.533276
0.29089,0.303083
0.120425,0.727506
0.187579,0.820052
0.12868,0.917168
0.12868,0.917168
0.067041,0.95945
0.127963,0.918919
0.127963,0.918919
0.127963,0.918919
0.067041,0.95945
0.127963,0.918919
0.191716,0.745134
0.188886,0.878387
0.310732,0.797325
0.249809,0.837856
0.190061,0.740807
0.190061,0.740807
0.195262,0.718915
0.194087,0.856495
0.25501,0.815964
0.448203,0.598371
0.509126,0.55784
0.453404,0.576479
0.458582,0.606801
0.463783,0.584909
0.397659,0.647332
0.336377,0.675518
0.336377,0.675518
0.138365,0.875134
0.138365,0.875134
0.138365,0.875134
0.072242,0.937558
0.138365,0.875134
0.204489,0.812711
0.138365,0.875134
0.006118,0.999981
0.006118,0.999981
0.006118,0.999981
0.006118,0.999981
0.006118,0.999981
0.006118,0.999981
0.006118,0.999981
0.006118,0.999981
0.006118,0.999981
0.006118,0.999981
0.006118,0.999981
0.006118,0.999981
0.006118,0.999981
0.006118,0.999981
0.006118,0.999981
-0.056335,0.908925
0.006118,0.999981
0.071118,0.946208
0.136119,0.892435
0.136119,0.892435
0.116058,0.830675
0.116058,0.830675
0.095997,0.768915
0.140937,0.653382
0.095997,0.768915
0.140937,0.653382
0.230817,0.422316
0.140937,0.653382
0.031534,0.683773
0.031534,0.683773
-0.032929,0.598632
-0.032929,0.598632
-0.052452,0.397957
-0.097392,0.51349
-0.142332,0.629023
-0.142332,0.629023
-0.251734,0.659414
-0.187271,0.744556
-0.316197,0.574272
-0.38066,0.48913
-0.767439,-0.021721
-0.767439,-0.021721
-0.767439,-0.021721
-0.614275,0.11357
-0.743201,-0.056714
-0.79071,-0.076199
-0.807664,-0.141856
-0.821601,-0.188576
-0.872128,-0.226998
-0.896365,-0.192005
-0.896365,-0.192005
-0.960828,-0.277147
-0.960828,-0.277147
-0.960828,-0.277147
-0.960828,-0.277147
-0.960828,-0.277147
-0.960828,-0.277147
-0.960828,-0.277147
-0.960828,-0.277147
-0.960828,-0.277147
-0.948788,-0.216971
-0.936748,-0.156794
-0.948788,-0.216971
-0.960828,-0.277147
-0.960828,-0.277147
-0.958416,-0.233283
-0.958416,-0.233283
-0.958416,-0.233283
-0.958416,-0.233283
-0.958416,-0.233283
-0.958416,-0.233283
-0.958416,-0.233283
-0.958416,-0.233283
-0.895368,-0.148148
-0.89778,-0.192011
-0.89778,-0.192011
-0.960828,-0.277147
-0.830557,-0.25093
-0.309472,-0.146065
-0.309472,-0.146065
-0.570015,-0.198498
-0.439743,-0.172282
-0.374355,-0.087152
-0.244084,-0.060935
-0.179201,-0.119849
-0.04893,-0.093633
0.472154,0.011233
0.602425,0.037449
0.602425,0.037449
0.602425,0.037449
0.602425,0.037449
0.70556,0.001915
0.808696,-0.03362
0.938967,-0.007404
0.966102,0.054347
0.993238,0.116098
0.993238,0.116098
0.77165,0.156419
0.77165,0.156419
0.77165,0.156419
0.77165,0.156419
0.697667,0.082466
0.697667,0.082466
0.904182,0.17099
0.904182,0.17099
0.993238,0.116098
0.993238,0.116098
0.786594,-0.010153
0.476627,-0.19953
0.347133,-0.228253
0.553777,-0.102002
0.683271,-0.073279
0.269983,-0.325781
-0.039983,-0.515157
-0.039983,-0.515157
-0.039983,-0.515157
-0.022229,-0.395975
0.081093,-0.33285
-0.125551,-0.459101
0.166661,-0.388906
0.269983,-0.325781
0.476627,-0.19953
0.476627,-0.19953
0.373305,-0.262655
0.166661,-0.388906
0.166661,-0.388906
0.063339,-0.452032
-0.005523,-0.215787
-0.028184,-0.114144
-0.420136,-0.106197
-0.443016,-0.021726
-0.466017,0.046303
-0.718422,0.088996
-0.890267,0.295729
-0.896939,0.267683
-0.896939,0.267683
-0.883595,0.323775
-0.890267,0.295729
-0.834968,-0.013779
-0.844506,0.126785
-0.851177,0.098739
-0.821625,0.042313
-0.775863,-0.12663
-0.814953,0.07036
-0.785401,0.013934
-0.831162,0.182878
-0.818076,0.201171
-0.818076,0.201171
-0.879839,0.465799
-0.879839,0.465799
-0.792139,0.471144
-0.886046,0.458718
-0.859347,0.487394
-0.747382,0.446981
-0.720682,0.475657
-0.774081,0.418306
-0.899804,0.436293
-0.899804,0.436293
-0.899804,0.436293
-0.899804,0.436293
-0.899804,0.436293
-0.899804,0.436293
-0.899804,0.436293
-0.899804,0.436293
-0.899804,0.436293
-0.899804,0.436293
-0.774148,0.418697
-0.774148,0.418697
-0.899804,0.436293
-0.803871,0.351062
-0.899804,0.436293
-0.899804,0.436293
-0.899804,0.436293
-0.899804,0.436293
-0.899804,0.436293
-0.899804,0.436293
-0.899804,0.436293
-0.779737,0.436099
-0.779737,0.436099
-0.899804,0.436293
-0.899804,0.436293
-0.899804,0.436293
-0.899804,0.436293
-0.814053,0.442824
-0.687546,0.418155
-0.814053,0.442824
-0.43914,0.582884
-0.623405,0.524248
-0.599011,0.430522
-0.599011,0.430522
-0.715538,0.49493
-0.715538,0.49493
-0.531272,0.553566
-0.415254,0.488357
-0.59952,0.42972
-0.783786,0.371084
-0.899804,0.436293
-0.899804,0.436293
-0.899804,0.436293
-0.899804,0.436293
-0.899804,0.436293
-0.899804,0.436293
-0.899804,0.436293
-0.899804,0.436293
-0.880889,0.354695
-0.880889,0.354695
-0.880889,0.354695
-0.686671,0.407272
-0.686671,0.407272
-0.705586,0.488871
-0.608477,0.51516
-0.705586,0.488871
-0.705586,0.488871
-0.608477,0.51516
-0.705586,0.488871
-0.626457,0.523644
-0.414259,0.567737
-0.511368,0.541448
-0.414259,0.567737
-0.533926,0.55113
-0.631036,0.524841
-0.705586,0.488871
-0.608477,0.51516
-0.614278,0.475287
-0.517169,0.501575
-0.614278,0.475287
-0.517169,0.501575
-0.717644,0.42741
-0.523545,0.378769
-0.353991,0.527624
-0.456901,0.461462
-0.463158,0.439874
-0.578008,0.413469
-0.814022,0.250593
-0.764054,0.108425
-0.769855,0.068552
-0.660688,0.156302
-0.672291,0.076556
-0.56938,0.142718
-0.56938,0.142718
-0.36356,0.275042
-0.557778,0.222464
-0.660688,0.156302
-0.647758,0.097452
-0.66649,0.116429
-0.7694,0.050267
-0.66649,0.116429
-0.628091,0.061652
-0.530982,0.087941
-0.633893,0.021779
-0.799531,-0.161311
-0.946641,-0.212569
-0.906458,-0.263335
-0.906458,-0.263335
-0.906458,-0.263335
-0.88008,-0.268444
-0.946641,-0.212569
-0.946641,-0.212569
-0.946641,-0.212569
-0.946641,-0.212569
-0.946641,-0.212569
-0.946641,-0.212569
-0.946641,-0.212569
-0.946641,-0.212569
-0.949254,-0.090616
-0.949254,-0.090616
-0.874116,0.051757
-0.911685,-0.019429
-0.949254,-0.090616
-0.949254,-0.090616
-0.825927,-0.20212
-0.764264,-0.257872
-0.726695,-0.186686
-0.788358,-0.130934
-0.825927,-0.20212
-0.750789,-0.059747
-0.812453,-0.003995
-0.726695,-0.186686
-0.689126,-0.115499
-0.675651,0.082626
-0.737315,0.138378
-0.699746,0.209565
-0.662177,0.280751
-0.613988,0.026874
-0.647115,-0.046081
-0.623021,-0.17302
-0.467299,-0.196369
-0.515487,0.057508
-0.61472,0.042074
-0.577151,0.11326
-0.501281,0.240433
-0.576419,0.09806
-0.53885,0.169247
-0.513118,0.314188
-0.449747,0.310434
-0.487316,0.239248
-0.129741,0.230142
0.038081,0.295527
-0.018495,0.417207
0.000368,0.456231
0.004484,0.296353
-0.109943,0.538934
-0.030689,0.521429
-0.218981,0.622415
-0.25655,0.551228
-0.214865,0.462537
-0.177296,0.533723
-0.369257,0.337669
-0.640471,0.15912
-0.798978,0.19413
-0.754745,0.245301
-0.754745,0.245301
-0.754745,0.245301
-0.754745,0.245301
-0.792314,0.174115
-0.748081,0.225286
-0.792314,0.174115
-0.756084,0.103957
-0.718515,0.175144
-0.544354,0.227487
-0.351184,0.42206
-0.426322,0.279687
-0.586927,0.175215
-0.299739,0.298672
-0.275726,0.421988
-0.082556,0.616561
0.073045,0.739947
0.408452,0.611873
0.52337,0.492066
0.349901,0.267664
0.242955,0.188145
0.223431,0.204817
0.409407,0.409013
0.298323,0.53049
0.382294,0.513271
0.382294,0.513271
0.298323,0.53049
0.489241,0.59279
0.401818,0.496599
0.522635,0.526141
0.474589,0.551262
0.336213,0.434453
0.599368,0.423341
0.599368,0.423341
0.71477,0.443412
0.742511,0.343457
0.561915,0.282844
0.462856,0.49507
0.290244,0.559277
0.363797,0.707296
0.516386,0.678045
0.693184,0.634404
0.602715,0.64761
0.512245,0.660815
0.331306,0.687227
0.436178,0.63428
0.436178,0.63428
0.427325,0.561293
0.427325,0.561293
0.240837,0.700433
0.150367,0.713638
0.240837,0.700433
0.331306,0.687227
0.602715,0.64761
0.512245,0.660815
0.512245,0.660815
0.421776,0.674021
0.421776,0.674021
0.421776,0.674021
0.602715,0.64761
0.693184,0.634404
0.602715,0.64761
0.593238,0.546419
0.593238,0.546419
0.693184,0.634404
0.783653,0.621198
0.783653,0.621198
0.783653,0.621198
0.783653,0.621198
0.783653,0.621198
0.783653,0.621198
0.783653,0.621198
0.783653,0.621198
0.776964,0.53111
0.704561,0.426152
0.71125,0.51624
0.71125,0.51624
0.783653,0.621198
0.783653,0.621198
0.783653,0.621198
0.783653,0.621198
0.774587,0.52899
0.756455,0.344573
0.765521,0.436781
0.765521,0.436781
0.778328,0.409959
0.765521,0.436781
0.765521,0.436781
0.772017,0.363838
0.790149,0.548255
0.783653,0.621198
0.783653,0.621198
0.783653,0.621198
0.669774,0.554379
0.669774,0.554379
0.783653,0.621198
0.783653,0.621198
0.783653,0.621198
0.783653,0.621198
0.783653,0.621198
0.783653,0.621198
0.783653,0.621198
0.783653,0.621198
0.684799,0.53212
0.585946,0.443043
0.585946,0.443043
0.783653,0.621198
0.783653,0.621198
0.783653,0.621198
0.783653,0.621198
0.710811,0.516381
0.783653,0.621198
0.783653,0.621198
0.783653,0.621198
0.670161,0.553459
0.670161,0.553459
0.670161,0.553459
0.670161,0.553459
0.783653,0.621198
0.783653,0.621198
0.783653,0.621198
0.783653,0.621198
0.783653,0.621198
0.783653,0.621198
0.783653,0.621198
0.783653,0.621198
0.783653,0.621198
0.73112,0.646451
0.73112,0.646451
0.783653,0.621198
0.783653,0.621198
0.783653,0.621198
0.705082,0.518537
0.783653,0.621198
0.783653,0.621198
0.783653,0.621198
0.783653,0.621198
0.783653,0.621198
0.783653,0.621198
0.783653,0.621198
0.783653,0.621198
0.783653,0.621198
0.783653,0.621198
0.783653,0.621198
0.783653,0.621198
0.731021,0.51312
0.678348,0.538372
0.625716,0.430293
0.467861,-0.027274
0.520493,0.080805
0.678389,0.405041
0.783653,0.621198
0.783653,0.621198
0.788468,0.614264
0.798098,0.600394
0.793283,0.607329
0.793283,0.607329
0.788468,0.614264
0.788468,0.614264
0.69847,0.521825
0.783653,0.621198
0.783653,0.621198
0.78062,0.53481
0.795024,0.495007
0.795024,0.495007
0.765852,0.307569
0.777222,0.181377
0.809063,0.18816
0.823467,0.148358
0.73668,0.12013
0.895849,0.216388
0.881446,0.25619
0.860976,0.123216
0.857942,0.036827
0.826102,0.030044
0.820035,-0.142733
0.802599,-0.189319
0.805632,-0.10293
0.791228,-0.063128
0.817002,-0.229122
0.823069,-0.056345
0.813969,-0.31551
0.734709,-0.473133
0.761658,-0.455268
0.758625,-0.541657
0.714483,-0.573491
0.697419,-0.664979
0.71949,-0.649062
0.727204,-0.599011
0.705133,-0.614928
0.722897,-0.607575
0.678754,-0.63941
0.661317,-0.685996
0.592917,-0.588367
0.653142,-0.534897
0.805193,-0.538187
0.779715,-0.595591
0.791127,-0.522879
0.800523,-0.487111
0.832744,-0.305919
0.820695,-0.253667
0.820695,-0.253667
0.829455,-0.092935
0.80663,-0.238359
0.80663,-0.238359
0.829455,-0.092935
0.829455,-0.092935
0.80663,-0.238359
0.795217,-0.311071
0.759798,-0.260008
0.748386,-0.33272
0.759798,-0.260008
0.748386,-0.33272
0.80663,-0.238359
0.795217,-0.311071
0.795217,-0.311071
0.829455,-0.092935
0.818042,-0.165647
0.588962,-0.049128
0.703502,-0.107387
0.631608,-0.016736
0.639571,0.186597
0.688655,0.148673
0.650983,0.259309
0.688655,0.148673
0.601899,0.297233
0.662396,0.332021
0.584824,0.553645
0.537968,0.591216
0.488884,0.62914
0.412015,0.576764
0.412015,0.576764
0.313847,0.652612
0.467583,0.757365
0.565752,0.681517
0.502252,0.657622
0.438751,0.633728
0.326167,0.647758
0.066329,0.775559
0.017245,0.813483
-0.060672,0.72777
0.051913,0.71374
0.047259,0.776138
0.012591,0.87588
0.076091,0.899775
0.120522,0.924249
0.076091,0.899775
0.130371,0.823512
0.14022,0.722775
0.07672,0.698881
0.154636,0.784593
0.163857,0.884751
0.163857,0.884751
0.173078,0.984908
0.173078,0.984908
0.173078,0.984908
0.173078,0.984908
0.173078,0.984908
0.279294,0.886159
0.279294,0.886159
0.438619,0.738034
0.544836,0.639285
0.491728,0.68866
0.438619,0.738034
0.438619,0.738034
0.332403,0.836784
0.260905,0.581232
0.260905,0.581232
0.296654,0.709008
0.260905,0.581232
0.296654,0.709008
0.243546,0.758383
0.243546,0.758383
0.319086,0.683908
0.305769,0.531033
0.292452,0.378157
0.292452,0.378157
0.372194,0.634534
0.531519,0.48641
0.478411,0.535784
0.531519,0.48641
0.159601,0.171156
0.21271,0.121781
0.279135,0.225282
0.279135,0.225282
0.265818,0.072406
0.146284,0.01828
-0.1061,-0.242847
0.132967,-0.134595
0.167016,-0.168658
0.406084,-0.060406
0.611102,0.081909
0.491568,0.027783
0.296022,-0.10832
0.372035,-0.026343
0.252501,-0.080469
0.013434,-0.188721
0.37092,-0.0222
0.491423,0.027424
0.252356,-0.080828
0.13338,-0.137026
0.013846,-0.191152
0.013846,-0.191152
0.133937,-0.139097
0.001705,-0.153495
0.10951,-0.064142
0.097781,-0.028916
0.097781,-0.028916
-0.021752,-0.083042
0.097781,-0.028916
-0.153014,-0.101942
-0.296005,-0.085615
-0.450725,-0.034062
-0.713249,-0.071861
-0.462453,0.001165
-0.593716,-0.017735
-0.581987,-0.052961
-0.593716,-0.017735
-0.85624,-0.055534
-0.85624,-0.055534
-0.85624,-0.055534
-0.85624,-0.055534
-0.987502,-0.074434
-0.987502,-0.074434
-0.987502,-0.074434
-0.999231,-0.039207
-0.999231,-0.039207
-0.999231,-0.039207
-0.999231,-0.039207
-0.98806,0.019679
-0.98806,0.019679
-0.98806,0.019679
-0.977248,0.077732
-0.977248,0.077732
-0.887286,0.174979
-0.892872,0.145535
-0.982474,0.049123
-0.98806,0.019679
-0.98806,0.019679
-0.982474,0.049123
-0.931091,-0.043672
-0.817155,-0.170374
-0.71439,-0.355963
-0.828326,-0.229261
-0.828326,-0.229261
-0.828326,-0.229261
-0.932015,-0.135542
-0.978735,-0.105174
-0.988983,-0.07219
-0.978735,-0.105174
-0.988983,-0.07219
-0.988983,-0.07219
-0.968487,-0.138157
-0.926857,-0.073736
-0.916609,-0.106719
-0.916609,-0.106719
-0.926857,-0.073736
-0.926857,-0.073736
-0.937105,-0.040752
-0.895474,0.023669
-0.885226,-0.009314
-0.853844,0.088091
-0.853844,0.088091
-0.874978,-0.042297
-0.854482,-0.108264
-0.836461,-0.018132
-0.856957,0.047835
-0.898587,-0.016587
-0.838935,0.137966
-0.776809,0.136421
-0.815965,-0.084099
-0.815965,-0.084099
-0.876255,-0.435007
-0.866008,-0.46799
-0.866008,-0.46799
-0.85576,-0.500974
-0.85576,-0.500974
-0.737636,-0.440265
-0.609264,-0.412539
-0.727388,-0.473248
-0.609264,-0.412539
-0.845512,-0.533957
-0.845512,-0.533957
-0.845512,-0.533957
-0.845512,-0.533957
-0.845512,-0.533957
-0.845512,-0.533957
-0.845512,-0.533957
-0.845512,-0.533957
-0.845512,-0.533957
-0.845512,-0.533957
-0.845512,-0.533957
-0.845512,-0.533957
-0.845512,-0.533957
-0.845512,-0.533957
-0.845512,-0.533957
-0.845512,-0.533957
-0.845512,-0.533957
-0.845512,-0.533957
-0.845512,-0.533957
-0.78951,-0.431694
-0.78951,-0.431694
-0.78951,-0.431694
-0.78951,-0.431694
-0.78951,-0.431694
-0.564488,-0.132879
-0.433479,0.068988
-0.339466,0.165935
-0.133449,0.467408
-0.283464,0.268198
-0.302469,0.270856
-0.227462,0.370461
-0.077447,0.569671
-0.180892,0.29259
-0.08688,0.389537
0.034697,0.411271
-0.011257,0.513566
-0.10527,0.416619
-0.186659,0.184024
-0.252849,0.240129
-0.252849,0.240129
-0.203229,0.209402
-0.184224,0.206744
-0.053214,0.408612
0.04718,0.638549
0.0968,0.607822
0.103182,0.740812
0.103182,0.740812
0.184571,0.973407
0.184571,0.973407
0.222582,0.968091
0.222582,0.968091
0.222582,0.968091
0.222582,0.968091
0.241587,0.965433
0.241587,0.965433
0.217886,0.834951
0.222582,0.968091
0.222582,0.968091
0.203576,0.970749
0.184571,0.973407
0.222582,0.968091
0.215094,0.847285
0.215094,0.847285
0.290295,0.741528
0.310211,0.398365
0.279689,0.524486
0.273021,0.498806
0.299514,0.616954
0.292026,0.496148
0.340734,0.272243
0.368958,0.145011
0.387963,0.142353
0.427705,-0.108343
0.464556,-0.477623
0.471476,-0.603309
0.441205,-0.628553
0.466878,-0.605531
0.42475,-0.776151
0.390198,-0.40576
0.399416,-0.530335
0.399416,-0.530335
0.394819,-0.532557
0.338314,-0.411792
0.394819,-0.532557
0.394819,-0.532557
0.383302,-0.409093
0.374083,-0.284519
0.3856,-0.407982
0.383302,-0.409093
0.381003,-0.410204
0.390222,-0.534779
0.39944,-0.659354
0.390222,-0.534779
0.343656,-0.659323
0.343656,-0.659323
0.408659,-0.783929
0.39944,-0.659354
0.39944,-0.659354
0.408659,-0.783929
0.408659,-0.783929
0.408659,-0.783929
0.408659,-0.783929
0.408659,-0.783929
0.408659,-0.783929
0.417878,-0.908503
0.417878,-0.908503
0.417878,-0.908503
0.417878,-0.908503
0.320748,-0.780418
0.282658,-0.653975
0.250722,-0.616517
0.212632,-0.490074
0.083567,-0.324531
-0.007407,-0.285433
0.121658,-0.450975
0.077537,-0.7843
0.077537,-0.7843
-0.17183,-0.699196
-0.262804,-0.660098
-0.353778,-0.620999
-0.262804,-0.660098
-0.397643,-0.646284
-0.467396,-0.605229
-0.537149,-0.564173
-0.46973,-0.57108
-0.602234,-0.591415
-0.563038,-0.497833
-0.537149,-0.564173
-0.51126,-0.630514
-0.602234,-0.591415
-0.456868,-0.542952
-0.597286,-0.405321
-0.667039,-0.364266
-0.457402,-0.234132
-0.433847,-0.266324
-0.250194,-0.417352
-0.262872,-0.538592
-0.291724,-0.476785
-0.452102,-0.61234
-0.369671,-0.532155
-0.475657,-0.580148
-0.711184,-0.643942
-0.664074,-0.708325
-0.617631,-0.61809
-0.617631,-0.61809
-0.620481,-0.606269
-0.599238,-0.761048
-0.599238,-0.761048
-0.548746,-0.783609
-0.599238,-0.761048
-0.599238,-0.761048
-0.578598,-0.771313
-0.599238,-0.761048
-0.622793,-0.728856
-0.513762,-0.824036
-0.489623,-0.688398
-0.578598,-0.771313
-0.557957,-0.781579
-0.534402,-0.813771
-0.531488,-0.835697
-0.531488,-0.835697
-0.531488,-0.835697
-0.572769,-0.815166
-0.572769,-0.815166
-0.469198,-0.752488
-0.46694,-0.754228
0.082845,-0.459804
0.079582,-0.457238
0.188673,-0.398866
-0.046251,-0.622742
-0.12323,-0.668733
0.018297,-0.541273
-0.087532,-0.602211
-0.17272,-0.673414
-0.193361,-0.663149
-0.193361,-0.663149
-0.324628,-0.587591
-0.515645,-0.719732
-0.572769,-0.815166
-0.59341,-0.804901
-0.59341,-0.804901
-0.538573,-0.816134
-0.59341,-0.804901
-0.59341,-0.804901
-0.59341,-0.804901
-0.59341,-0.804901
-0.59341,-0.804901
-0.59341,-0.804901
-0.614526,-0.778858
-0.65676,-0.726772
-0.635643,-0.752815
-0.59652,-0.788284
-0.575403,-0.814327
-0.575403,-0.814327
-0.575403,-0.814327
-0.59341,-0.804901
-0.59341,-0.804901
-0.59341,-0.804901
-0.619239,-0.764223
-0.619239,-0.764223
-0.619239,-0.764223
-0.619239,-0.764223
-0.619239,-0.764223
-0.619239,-0.764223
-0.645069,-0.723546
-0.670899,-0.682869
-0.645069,-0.723546
-0.645069,-0.723546
-0.422038,-0.594977
-0.396208,-0.635654
-0.297607,-0.551031
-0.219807,-0.445863
-0.429436,-0.532382
-0.528037,-0.617005
-0.530618,-0.545365
-0.647123,-0.542531
-0.608097,-0.337051
-0.608097,-0.337051
-0.643906,-0.162138
-0.736646,-0.105249
-0.772455,0.069663
-0.808264,0.244576
-0.808264,0.244576
-0.79036,0.15712
-0.826169,0.332033
-0.79036,0.15712
-0.808264,0.244576
-0.808264,0.244576
-0.79036,0.15712
-0.754551,-0.017793
-0.79036,0.15712
-0.772455,0.069663
-0.754551,-0.017793
-0.754551,-0.017793
-0.700837,-0.280162
-0.565732,-0.371816
-0.583636,-0.284359
-0.466436,-0.288556
-0.196225,-0.471863
-0.196225,-0.471863
0.101663,-0.222085
-0.196225,-0.471863
-0.295521,-0.555123
-0.295521,-0.555123
-0.293968,-0.446691
-0.196225,-0.471863
-0.295521,-0.555123
-0.295521,-0.555123
-0.295521,-0.555123
-0.494113,-0.721641
-0.295521,-0.555123
-0.295521,-0.555123
0.002367,-0.305344
0.101663,-0.222085
0.101663,-0.222085
0.200959,-0.138826
0.002367,-0.305344
0.101663,-0.222085
0.002367,-0.305344
-0.196225,-0.471863
0.002367,-0.305344
0.101663,-0.222085
-0.096929,-0.388604
0.002367,-0.305344
0.200959,-0.138826
0.002367,-0.305344
-0.320527,-0.484859
-0.419823,-0.568119
-0.320527,-0.484859
-0.323555,-0.482489
-0.422851,-0.565748
-0.420878,-0.376356
-0.321582,-0.293097
-0.252293,-0.326596
-0.227288,-0.396859
-0.00369,-0.300603
-0.099958,-0.386233
-0.202282,-0.467122
-0.321434,-0.353723
-0.324463,-0.351352
-0.309866,-0.239558
-0.445289,-0.206308
-0.133889,-0.331667
-0.136917,-0.329296
-0.304763,-0.264608
-0.141742,-0.256017
-0.230824,-0.254386
-0.031857,-0.267555
0.314031,-0.296243
0.281714,0.013164
0.309285,0.097352
0.239502,0.176762
0.153449,0.176022
0.138084,0.260263
0.064953,0.402964
0.372023,0.115004
0.347387,0.381612
0.351801,0.457462
0.351801,0.457462
0.473904,0.529961
0.56219,0.499316
0.666747,0.548821
0.666747,0.548821
0.51389,0.618708
0.284606,0.723539
0.055321,0.82837
-0.021107,0.863314
-0.097536,0.898257
0.055321,0.82837
-0.021107,0.863314
-0.097536,0.898257
-0.097536,0.898257
-0.097536,0.898257
-0.134835,0.931436
-0.134835,0.931436
-0.134835,0.931436
-0.211264,0.96638
-0.211264,0.96638
-0.211264,0.96638
-0.250392,0.968144
-0.250392,0.968144
-0.250392,0.968144
-0.297393,0.791496
-0.297393,0.791496
-0.345845,0.873386
-0.345845,0.873386
-0.345845,0.873386
-0.298119,0.920765
-0.296971,0.791393
-0.296971,0.791393
-0.276618,0.789729
-0.228892,0.837108
-0.114361,0.81382
-0.135861,0.944856
-0.135861,0.944856
-0.250392,0.968144
-0.250392,0.968144
-0.250392,0.968144
-0.250392,0.968144
-0.250392,0.968144
-0.250392,0.968144
-0.250392,0.968144
-0.250392,0.968144
-0.250392,0.968144
-0.250392,0.968144
-0.250392,0.968144
-0.250392,0.968144
-0.199996,0.961121
-0.199996,0.961121
-0.250392,0.968144
-0.250392,0.968144
-0.250392,0.968144
-0.250392,0.968144
-0.250392,0.968144
-0.27509,0.955863
-0.27509,0.955863
-0.27509,0.955863
-0.27509,0.955863
-0.27509,0.955863
-0.27509,0.955863
-0.299788,0.943581
-0.299788,0.943581
-0.220334,0.946052
-0.195636,0.958334
-0.195636,0.958334
-0.229533,0.971802
-0.147662,0.871048
-0.19138,0.749181
-0.20181,0.747352
-0.273251,0.849935
-0.273251,0.849935
-0.273251,0.849935
-0.29611,0.731725
-0.318969,0.613515
-0.318969,0.613515
-0.341827,0.495306
-0.341827,0.495306
-0.341827,0.495306
-0.433262,0.022467
-0.468501,-0.083881
-0.454748,-0.070566
-0.41951,0.035781
-0.373793,0.272201
-0.379581,0.589138
-0.344343,0.695486
-0.418707,0.657794
-0.467319,0.579843
-0.392576,0.659246
-0.463667,0.504797
-0.336661,0.587104
-0.560891,0.348896
-0.635634,0.269493
-0.684246,0.191542
-0.635634,0.269493
-0.613154,0.345991
-0.515931,0.501893
-0.467319,0.579843
-0.515931,0.501893
-0.441187,0.581296
-0.489799,0.503345
-0.215343,0.639677
-0.040291,0.705315
-0.088177,0.703905
-0.114575,0.786535
-0.077179,0.753753
-0.01649,0.697375
0.07986,0.686712
0.105992,0.688164
0.146366,0.55172
0.146366,0.55172
0.188212,0.425437
0.256244,0.340337
0.280833,0.657005
0.347035,0.266439
0.333442,0.27857
0.394777,0.392492
0.371173,0.27234
0.326801,0.414176
0.423206,0.645069
0.408902,0.404723
0.417849,0.523748
0.433975,0.638183
0.434388,0.880353
0.413318,0.886767
0.462639,0.869349
0.446624,0.77889
0.446624,0.77889
0.446624,0.77889
0.248682,0.661704
0.248682,0.661704
0.144327,0.606554
0.252272,0.659409
0.252272,0.659409
0.147917,0.604259
0.147917,0.604259
0.252272,0.659409
0.252272,0.659409
0.147917,0.604259
0.252272,0.659409
0.356628,0.714559
0.356628,0.714559
0.356628,0.714559
0.252272,0.659409
-0.165151,0.43881
-0.059262,0.479905
-0.05773,0.46585
0.149449,0.590204
0.356628,0.714559
0.252272,0.659409
-0.165151,0.43881
-0.165151,0.43881
-0.269507,0.38366
-0.269507,0.38366
-0.165151,0.43881
-0.373862,0.32851
-0.165151,0.43881
0.145473,0.605856
0.562896,0.826455
0.562896,0.826455
0.583592,0.74578
0.562896,0.826455
0.562896,0.826455
0.56534,0.824858
0.56534,0.824858
0.56534,0.824858
0.56534,0.824858
0.56534,0.824858
0.56534,0.824858
0.504847,0.832513
0.56534,0.824858
0.56534,0.824858
0.56534,0.824858
0.56534,0.824858
0.590709,0.748232
0.585975,0.737577
0.585975,0.737577
0.585975,0.737577
0.56534,0.824858
0.56534,0.824858
0.56534,0.824858
0.56534,0.824858
0.593771,0.761349
0.622201,0.69784
0.650632,0.634331
0.679063,0.570821
0.735925,0.443803
0.709055,0.398434
0.737486,0.334925
0.737486,0.334925
0.789489,0.077878
0.881201,-0.091499
0.800592,-0.227605
0.716924,-0.10833
0.65631,-0.061139
0.64281,-0.109041
0.66968,-0.063672
0.807623,-0.04886
0.783064,-0.089962
0.836692,-0.163966
0.718135,-0.224335
0.745005,-0.178966
0.621606,-0.204559
0.498207,-0.230152
0.374809,-0.255745
0.128011,-0.306931
0.25141,-0.281338
0.25141,-0.281338
0.004612,-0.332524
-0.118786,-0.358117
-0.242185,-0.38371
0.004612,-0.332524
-0.242185,-0.38371
-0.488983,-0.434896
-0.365584,-0.409303
-0.612381,-0.460489
-0.576728,-0.489439
-0.576728,-0.489439
-0.781928,-0.584002
-0.731419,-0.620215
-0.597715,-0.74318
-0.526407,-0.801081
-0.517495,-0.793917
-0.517495,-0.793917
-0.517495,-0.793917
-0.496696,-0.815605
-0.446187,-0.851817
-0.374879,-0.909718
-0.368936,-0.924144
-0.354081,-0.931406
-0.354081,-0.931406
-0.385199,-0.763243
-0.426765,-0.838466
-0.363854,-0.84387
-0.363854,-0.84387
-0.315799,-0.842011
-0.320084,-0.893971
-0.363854,-0.84387
-0.276314,-0.944072
-0.276314,-0.944072
-0.32437,-0.94593
-0.32437,-0.94593
-0.32437,-0.94593
-0.32437,-0.94593
-0.351394,-0.837286
-0.32437,-0.94593
-0.32437,-0.94593
-0.32437,-0.94593
-0.26573,-0.938315
-0.26573,-0.938315
-0.26573,-0.938315
-0.257122,-0.809869
-0.257122,-0.809869
-0.255551,-0.809576
-0.381954,-0.678813
-0.424088,-0.635225
-0.424088,-0.635225
-0.472549,-0.514102
-0.378101,-0.472538
-0.335967,-0.516126
-0.38828,-0.601277
-0.378101,-0.472538
-0.335967,-0.516126
-0.335967,-0.516126
-0.356325,-0.773604
-0.450773,-0.815167
-0.577175,-0.684404
-0.61931,-0.640816
-0.661444,-0.597228
-0.745712,-0.510053
-0.703578,-0.55364
-0.661444,-0.597228
-0.577175,-0.684404
-0.492907,-0.771579
-0.492907,-0.771579
-0.535041,-0.727991
-0.492907,-0.771579
-0.450773,-0.815167
-0.408638,-0.858755
-0.366504,-0.902343
-0.32437,-0.94593
-0.32437,-0.94593
-0.32437,-0.94593
-0.362044,-0.913334
-0.32437,-0.94593
-0.32437,-0.94593
-0.241262,-0.857095
-0.241262,-0.857095
-0.241262,-0.857095
-0.158154,-0.76826
-0.039653,-0.681592
-0.00426,-0.683759
0.043455,-0.592757
0.043455,-0.592757
-0.039653,-0.681592
-0.122761,-0.770427
-0.122761,-0.770427
-0.205869,-0.859262
-0.011232,-0.671154
0.101919,-0.690261
0.137312,-0.692429
0.22042,-0.603594
0.255813,-0.605761
0.374314,-0.519093
0.457421,-0.430258
0.540529,-0.341422
0.540529,-0.341422
0.397385,-0.61443
0.34967,-0.705433
0.34967,-0.705433
0.227028,-0.890313
0.227028,-0.890313
0.288349,-0.797873
0.274742,-0.79931
0.288349,-0.797873
0.34967,-0.705433
0.301955,-0.796436
0.314323,-0.669877
0.362038,-0.578874
0.409838,-0.539214
0.30342,-0.614234
0.291052,-0.740793
0.291052,-0.740793
0.322763,-0.588956
0.216345,-0.663977
0.476982,-0.474276
0.381381,-0.553597
0.285952,-0.735602
0.158345,-0.693255
0.02651,-0.764199
0.193835,-0.701522
0.082317,-0.771351
0.106402,-0.897549
0.042598,-0.876375
0.154202,-0.857888
0.329609,-0.860575
0.377409,-0.820914
0.404892,-0.782369
0.500493,-0.703048
0.548293,-0.663387
0.527976,-0.664502
0.596093,-0.623727
0.575776,-0.624842
0.691693,-0.544406
0.80761,-0.46397
0.85541,-0.42431
0.719176,-0.50586
0.499206,-0.560396
0.456307,-0.538767
0.383462,-0.588809
0.277174,-0.598688
0.22436,-0.502002
0.327254,-0.488634
0.434876,-0.466
0.545892,-0.446854
0.614008,-0.406079
0.730211,-0.471257
0.730211,-0.471257
0.747897,-0.507901
0.757352,-0.489367
0.662448,-0.513835
0.65772,-0.523102
0.746322,-0.476579
0.918799,-0.392802
0.923527,-0.383534
0.579444,-0.341825
0.489608,-0.16158
0.258197,-0.188252
0.554528,-0.269611
0.528658,-0.463193
0.682876,-0.425943
0.807821,-0.39687
0.807821,-0.39687
0.57641,-0.423543
0.692116,-0.410207
0.692116,-0.410207
0.695806,-0.398267
0.692116,-0.410207
0.692116,-0.410207
0.806619,-0.399592
0.921122,-0.388978
0.921122,-0.388978
0.921122,-0.388978
0.918718,-0.394421
0.91992,-0.391699
0.921122,-0.388978
0.91992,-0.391699
0.921122,-0.388978
0.921122,-0.388978
0.921122,-0.388978
0.921122,-0.388978
0.866519,-0.42971
0.866519,-0.42971
0.866519,-0.42971
0.866519,-0.42971
0.865317,-0.432432
0.811915,-0.470443
0.810713,-0.473165
0.756109,-0.513898
0.868983,-0.420607
0.872649,-0.408781
0.866578,-0.42605
0.793941,-0.371217
0.670366,-0.345291
0.794,-0.367556
0.791596,-0.372999
0.791596,-0.372999
0.791596,-0.372999
0.927372,-0.360727
0.813239,-0.354463
0.64542,-0.418431
0.527621,-0.423992
0.329907,-0.499187
0.237108,-0.530962
0.099157,-0.606598
0.196804,-0.671112
0.201673,-0.656564
0.32434,-0.636456
0.325083,-0.636549
0.310637,-0.527022
0.087977,-0.588268
0.156952,-0.550451
0.009265,-0.655181
0.07824,-0.617363
0.098392,-0.547288
0.142347,-0.594092
0.211323,-0.556275
0.211323,-0.556275
0.211323,-0.556275
0.183103,-0.514608
0.041049,-0.664101
-0.072647,-0.595805
0.13861,-0.508915
0.203255,-0.444534
0.272231,-0.406716
0.418249,-0.442821
0.53781,-0.475222
0.253389,-0.454087
0.092632,-0.391497
0.090541,-0.417277
0.092632,-0.391497
0.204566,-0.42183
0.322365,-0.416269
0.557962,-0.405147
0.322365,-0.416269
0.552097,-0.441042
0.503705,-0.504245
0.302811,-0.544188
0.302811,-0.544188
0.385906,-0.509806
0.233404,-0.486546
0.351203,-0.480985
0.552097,-0.441042
0.552097,-0.441042
0.552097,-0.441042
0.316499,-0.452164
0.552097,-0.441042
0.552097,-0.441042
0.1987,-0.457725
0.552097,-0.441042
0.669896,-0.435481
0.787695,-0.42992
0.787695,-0.42992
0.787695,-0.42992
0.787695,-0.42992
0.787695,-0.42992
0.754825,-0.462362
0.637026,-0.467923
0.637026,-0.467923
0.604156,-0.500364
0.721955,-0.494803
0.675985,-0.531607
0.708855,-0.499165
0.708855,-0.499165
0.596259,-0.512306
0.596259,-0.512306
0.621202,-0.459146
0.621202,-0.459146
0.621202,-0.459146
0.529261,-0.532752
0.48329,-0.569555
0.596673,-0.516066
0.675642,-0.608375
0.675642,-0.608375
0.629671,-0.645179
0.675642,-0.608375
0.675642,-0.608375
0.675642,-0.608375
0.4623,-0.626873
0.50827,-0.590069
0.505095,-0.45926
0.50192,-0.32845
0.43284,-0.498157
0.294929,-0.608567
0.38687,-0.53496
0.370359,-0.700479
0.324389,-0.737282
0.157017,-0.718976
0.370359,-0.700479
0.278418,-0.774085
0.081587,-0.627064
-0.039814,-0.571955
-0.039814,-0.571955
0.081587,-0.627064
0.006157,-0.535152
0.081587,-0.627064
0.081587,-0.627064
0.272961,-0.651416
0.295786,-0.650378
0.232448,-0.810889
0.307878,-0.902801
0.307878,-0.902801
0.275981,-0.507838
0.219379,-0.412987
0.275981,-0.507838
0.265349,-0.376184
0.265349,-0.376184
0.230011,-0.544642
0.221916,-0.677728
0.289151,-0.904233
0.427062,-0.793823
0.445789,-0.792391
0.583701,-0.681982
0.629671,-0.645179
0.583701,-0.681982
0.583701,-0.681982
0.49176,-0.755588
0.353848,-0.865998
0.261907,-0.939604
0.261907,-0.939604
0.261907,-0.939604
0.307878,-0.902801
0.033435,-0.805674
0.067618,-0.896601
0.057294,-0.89805
0.02915,-0.772936
-0.027027,-0.775696
-0.084868,-0.748565
-0.028691,-0.745806
-0.054327,-0.838161
0.025826,-0.892285
0.10598,-0.946409
0.174145,-0.972091
0.174145,-0.972091
0.132354,-0.967775
0.132354,-0.967775
0.090562,-0.963459
-0.034813,-0.95051
-0.034813,-0.95051
0.090562,-0.963459
0.121031,-0.968028
0.112457,-0.970537
0.149212,-0.972826
0.174145,-0.972091
0.174145,-0.972091
0.215937,-0.976407
0.215937,-0.976407
0.215937,-0.976407
0.215937,-0.976407
0.215937,-0.976407
0.215937,-0.976407
0.217509,-0.976053
0.217509,-0.976053
0.218033,-0.975935
0.216985,-0.976171
0.216461,-0.976289
0.216985,-0.976171
0.16125,-0.963379
0.161774,-0.963261
0.186662,-0.832988
0.266042,-0.593693
0.278389,-0.467531
0.291978,-0.463183
0.254744,-0.719618
0.231098,-0.971705
0.23005,-0.971942
0.229526,-0.97206
0.215937,-0.976407
0.185335,-0.97598
0.215937,-0.976407
0.215937,-0.976407
0.134942,-0.91432
0.053948,-0.852233
0.053948,-0.852233
0.053948,-0.852233
0.053948,-0.852233
-0.108041,-0.728059
-0.270031,-0.603886
-0.351025,-0.541799
-0.189036,-0.665973
-0.189036,-0.665973
-0.270031,-0.603886
-0.174734,-0.540705
-0.270031,-0.603886
-0.351025,-0.541799
-0.43202,-0.479712
-0.513015,-0.417625
-0.559835,-0.29428
-0.559835,-0.29428
-0.519982,-0.286279
-0.675004,-0.293451
-0.702244,-0.293775
-0.43202,-0.479712
-0.460968,-0.357992
-0.303086,-0.500343
-0.093157,-0.583062
0.034944,-0.705895
0.16471,-0.624325
0.074501,-0.524064
0.257645,-0.721574
0.188591,-0.694649
0.365464,-0.673826
0.24847,-0.688356
0.392288,-0.56399
0.536106,-0.439624
0.6531,-0.425094
0.646663,-0.360245
0.722154,-0.452018
0.722154,-0.452018
0.721273,-0.472943
0.65426,-0.358128
0.676085,-0.37798
0.628145,-0.419435
0.719568,-0.50306
0.671629,-0.544515
0.696039,-0.513325
0.791209,-0.478943
0.791209,-0.478943
0.791209,-0.478943
0.791209,-0.478943
0.887087,-0.396032
0.887087,-0.396032
0.839148,-0.437488
0.839148,-0.437488
0.759235,-0.349542
0.711296,-0.390997
0.599452,-0.644765
0.516482,-0.684519
0.660299,-0.560153
0.468542,-0.725974
0.420603,-0.76743
0.337633,-0.807184
0.337633,-0.807184
0.289694,-0.848639
0.516482,-0.684519
0.69533,-0.561854
0.570179,-0.644656
0.570179,-0.644656
0.410926,-0.486942
0.458865,-0.445487
0.55233,-0.242372
0.55233,-0.242372
0.424764,-0.20497
0.55233,-0.242372
0.679896,-0.279774
0.679896,-0.279774
0.807461,-0.317175
0.807461,-0.317175
0.807461,-0.317175
0.935027,-0.354577
0.935027,-0.354577
0.935027,-0.354577
0.935027,-0.354577
0.935027,-0.354577
0.935027,-0.354577
0.935027,-0.354577
0.935027,-0.354577
0.935027,-0.354577
0.809644,-0.352605
0.809644,-0.352605
0.809644,-0.352605
0.809644,-0.352605
0.809644,-0.352605
0.935027,-0.354577
0.935027,-0.354577
0.935027,-0.354577
0.935027,-0.354577
0.935027,-0.354577
0.935027,-0.354577
0.935027,-0.354577
0.935027,-0.354577
0.935027,-0.354577
0.935027,-0.354577
0.935027,-0.354577
0.935027,-0.354577
0.935027,-0.354577
0.934937,-0.354812
0.934937,-0.354812
0.934937,-0.354812
0.934848,-0.355047
0.934937,-0.354812
0.934937,-0.354812
0.934937,-0.354812
0.829683,-0.280159
0.934937,-0.354812
0.934937,-0.354812
0.934848,-0.355047
0.806133,-0.324566
0.806223,-0.324331
0.806223,-0.324331
0.677687,-0.293381
0.806312,-0.324096
0.805698,-0.325693
0.805608,-0.325928
0.805256,-0.326843
0.419822,-0.233546
0.548358,-0.264496
0.548358,-0.264496
0.419822,-0.233546
0.548448,-0.264262
0.548537,-0.264027
0.805787,-0.325458
0.806139,-0.324542
0.806139,-0.324542
0.805877,-0.325223
0.806139,-0.324542
0.806139,-0.324542
0.806139,-0.324542
0.807302,-0.321214
0.841355,-0.386645
0.841355,-0.386645
0.747046,-0.42068
0.936189,-0.351248
0.936189,-0.351248
0.936189,-0.351248
0.935027,-0.354577
0.935027,-0.354577
0.935027,-0.354577
0.935027,-0.354577
0.935027,-0.354577
0.935027,-0.354577
0.869079,-0.397507
0.737183,-0.483368
0.737183,-0.483368
0.803131,-0.440438
0.803131,-0.440438
0.869079,-0.397507
0.755228,-0.331553
0.755228,-0.331553
0.641378,-0.2656
0.641378,-0.2656
0.641378,-0.2656
0.413676,-0.133692
0.527527,-0.199646
0.527527,-0.199646
0.524254,-0.199387
0.524254,-0.199387
0.638105,-0.265341
0.682735,-0.373967
0.650337,-0.290761
0.682735,-0.373967
0.821176,-0.288623
0.707325,-0.222669
0.593475,-0.156715
0.593475,-0.156715
0.479624,-0.090762
0.365774,-0.024808
0.479624,-0.090762
0.365774,-0.024808
0.365774,-0.024808
0.479624,-0.090762
0.707325,-0.222669
0.600675,-0.149225
0.600675,-0.149225
0.701043,-0.146176
0.828376,-0.281133
0.935027,-0.354577
0.935027,-0.354577
0.935027,-0.354577
0.935027,-0.354577
0.935027,-0.354577
0.935027,-0.354577
0.935027,-0.354577
0.935027,-0.354577
0.935027,-0.354577
0.935027,-0.354577
0.785868,-0.438365
0.860447,-0.396471
0.860447,-0.396471
0.752672,-0.421614
0.935027,-0.354577
0.878763,-0.397328
0.883049,-0.376141
0.883049,-0.376141
0.770521,-0.461644
0.714257,-0.504395
0.653707,-0.568333
0.515441,-0.651146
0.459177,-0.693897
0.402913,-0.736648
0.346649,-0.779399
0.346649,-0.779399
0.234121,-0.864901
0.177857,-0.907653
0.152119,-0.904963
0.121593,-0.950404
0.177857,-0.907653
0.152119,-0.904963
0.121593,-0.950404
0.208383,-0.862212
0.290385,-0.82215
0.402913,-0.736648
0.515441,-0.651146
0.627969,-0.565643
0.654972,-0.364623
0.654972,-0.364623
0.880028,-0.193618
0.880028,-0.193618
0.852529,-0.113138
0.82503,-0.032659
0.852529,-0.113138
0.852529,-0.113138
0.807456,-0.153893
0.807456,-0.153893
0.692671,-0.117358
0.710245,0.003877
0.710245,0.003877
0.631747,0.060196
0.584195,0.018828
0.611694,-0.061652
0.689811,-0.154922
0.652386,0.127271
0.697459,0.168025
0.656171,-0.026669
0.728743,-0.066394
0.756243,-0.146874
0.756243,-0.146874
0.880028,-0.193618
0.880028,-0.193618
0.880028,-0.193618
0.880028,-0.193618
0.880028,-0.193618
0.852529,-0.113138
0.852529,-0.113138
0.880028,-0.193618
0.785764,-0.28067
0.785764,-0.28067
0.813263,-0.361149
0.813263,-0.361149
0.694481,-0.330733
0.573273,-0.275814
0.451509,-0.282386
0.335553,-0.219135
0.695037,-0.269242
0.452066,-0.220895
0.455603,-0.122415
0.340358,0.00648
0.097943,0.116318
-0.023264,0.171238
0.219151,0.061399
0.213797,0.00416
-0.033468,0.163005
0.08774,0.108086
0.333136,0.035236
0.346877,0.141947
0.474047,0.161004
0.22567,0.196867
0.355821,0.252912
0.657483,0.156643
0.855557,0.218175
0.813248,0.142254
0.775188,-0.003165
0.650396,-0.046633
0.854954,0.156776
0.854954,0.156776
0.854954,0.156776
0.854954,0.156776
0.854954,0.156776
0.979746,0.200244
0.979746,0.200244
0.979746,0.200244
0.979746,0.200244
0.979746,0.200244
0.979746,0.200244
0.980724,0.179858
0.979746,0.200244
0.858593,0.15047
0.858593,0.15047
0.858593,0.15047
0.858593,0.15047
0.979746,0.200244
0.931167,0.122363
0.744401,-0.115337
0.792979,-0.037456
0.744401,-0.115337
0.606213,-0.275155
0.537119,-0.355064
0.537119,-0.355064
0.703678,-0.179803
0.585698,-0.277183
0.520027,-0.223867
0.430418,-0.305804
0.568605,-0.145986
0.43384,-0.172579
0.364746,-0.252488
0.437263,-0.039354
0.43384,-0.172579
0.499512,-0.225895
0.400766,-0.24428
0.538954,-0.084461
0.473283,-0.031145
0.506356,0.040555
0.299075,-0.199172
0.364746,-0.252488
0.368169,-0.119263
0.368169,-0.119263
0.361324,-0.385713
0.223136,-0.545532
0.088371,-0.572125
0.160887,-0.35899
-0.105618,-0.534237
-0.171488,-0.608564
-0.230513,-0.416441
-0.168066,-0.475339
-0.240582,-0.688474
-0.240582,-0.688474
-0.244004,-0.821699
-0.181557,-0.880597
-0.181557,-0.880597
-0.119109,-0.939495
-0.018719,-0.710671
-0.006467,-0.883981
-0.006467,-0.883981
-0.006467,-0.883981
-0.056662,-0.998393
-0.056662,-0.998393
-0.113045,-0.90311
-0.090319,-0.87667
-0.090319,-0.87667
-0.056662,-0.998393
-0.056662,-0.998393
-0.056662,-0.998393
-0.056662,-0.998393
-0.118837,-0.941564
-0.118837,-0.941564
-0.118837,-0.941564
-0.118837,-0.941564
-0.056662,-0.998393
-0.056662,-0.998393
-0.056662,-0.998393
-0.056662,-0.998393
-0.056662,-0.998393
-0.056662,-0.998393
0.008597,-0.906056
-0.056662,-0.998393
-0.056662,-0.998393
-0.056662,-0.998393
-0.056662,-0.998393
-0.056662,-0.998393
-0.056662,-0.998393
-0.056662,-0.998393
-0.116844,-0.950639
-0.116844,-0.950639
-0.056662,-0.998393
-0.056662,-0.998393
-0.056662,-0.998393
-0.056662,-0.998393
-0.056662,-0.998393
-0.056662,-0.998393
-0.056662,-0.998393
-0.056662,-0.998393
-0.056662,-0.998393
-0.056662,-0.998393
-0.056662,-0.998393
-0.056662,-0.998393
-0.056662,-0.998393
-0.056662,-0.998393
0.007747,-0.959552
0.007747,-0.959552
-0.056662,-0.998393
-0.056662,-0.998393
0.004894,-0.898575
0.004894,-0.898575
0.004894,-0.898575
0.004894,-0.898575
0.066449,-0.798756
0.066449,-0.798756
0.189559,-0.599118
0.189559,-0.599118
0.189559,-0.599118
0.128004,-0.698937
0.066449,-0.798756
0.004894,-0.898575
0.160909,-0.555211
0.140986,-0.643346
0.099353,-0.65503
0.160909,-0.555211
0.004894,-0.898575
0.004894,-0.898575
0.085109,-0.797181
0.085109,-0.797181
0.189559,-0.599118
0.189559,-0.599118
0.251114,-0.4993
0.251114,-0.4993
0.374225,-0.299662
0.31267,-0.399481
0.374225,-0.299662
0.144407,-0.577839
0.205962,-0.478021
0.082852,-0.677658
0.144407,-0.577839
0.16081,-0.456742
0.267517,-0.378202
0.205962,-0.478021
0.177213,-0.335644
0.132061,-0.314365
0.177213,-0.335644
-0.036202,-0.492723
-0.097757,-0.592542
-0.188062,-0.549984
-0.233214,-0.528705
-0.064952,-0.350346
-0.118085,-0.411075
-0.118085,-0.411075
-0.212703,-0.310984
-0.315097,-0.447057
-0.196096,-0.344042
-0.190726,-0.161692
0.119714,-0.05089
0.546544,0.263269
0.439836,0.184729
0.226422,0.02765
0.108922,-0.131444
0.204838,-0.133457
0.409331,-0.060414
0.430915,0.100693
0.533824,0.07074
0.429045,0.104176
0.439836,0.184729
0.262471,0.00752
0.333129,0.106189
0.119714,-0.05089
0.226422,0.02765
0.19782,-0.065553
0.013007,-0.12943
0.333129,0.106189
0.439836,0.184729
0.339763,0.090121
0.197353,-0.098367
0.197353,-0.098367
0.404699,0.053329
0.453105,0.152593
0.675408,0.276787
0.573704,0.142563
0.558182,0.191516
0.451475,0.112976
0.458109,0.096908
0.458109,0.096908
0.241535,-0.056499
0.134828,-0.135038
0.02812,-0.213578
0.241535,-0.056499
0.229897,0.015254
0.113396,-0.043545
0.00353,-0.118412
0.107079,-0.0362
-0.109495,-0.189607
-0.109495,-0.189607
0.006689,-0.122085
-0.206726,-0.279164
-0.09686,-0.204297
0.009848,-0.125757
0.341988,0.20475
0.359405,0.26342
0.475423,0.18479
0.786686,0.321849
0.828725,0.239673
0.730904,0.305068
0.854427,0.165374
0.854427,0.165374
0.722697,0.159045
0.837311,0.245156
0.926574,0.219652
0.952572,0.105591
0.970011,0.031422
0.873854,-0.089071
0.873854,-0.089071
0.986805,-0.053972
0.995363,-0.093863
0.995363,-0.093863
0.995363,-0.093863
0.893913,-0.035974
0.878637,-0.072207
0.878637,-0.072207
0.893913,-0.035974
0.99504,-0.099475
0.99504,-0.099475
0.99504,-0.099475
0.99504,-0.099475
0.992216,-0.113108
0.992216,-0.113108
0.99027,-0.067267
0.93501,0.067178
0.93024,0.099385
0.93024,0.099385
0.905357,0.127489
0.849067,0.129001
0.890015,0.091179
0.911158,0.228215
0.911158,0.228215
0.915929,0.196008
0.925469,0.131593
0.889292,0.137208
0.834033,0.271653
0.879751,0.201623
0.925469,0.131593
0.93501,0.067178
0.93501,0.067178
0.93024,0.099385
0.975958,0.029355
0.980729,-0.002852
0.980729,-0.002852
0.980729,-0.002852
0.980729,-0.002852
0.975958,0.029355
0.985499,-0.03506
0.985499,-0.03506
0.980729,-0.002852
0.894387,-0.09032
0.621052,-0.256101
0.621052,-0.256101
0.462577,-0.371388
0.611512,-0.191686
0.347717,-0.421882
0.165494,-0.532402
0.079153,-0.61987
0.079153,-0.61987
0.266146,-0.541557
0.266146,-0.541557
0.266146,-0.541557
0.539482,-0.375776
0.539482,-0.375776
0.630593,-0.320516
0.44837,-0.431036
0.44837,-0.431036
0.266146,-0.541557
0.44837,-0.431036
0.539482,-0.375776
0.44837,-0.431036
0.44837,-0.431036
0.539482,-0.375776
0.630593,-0.320516
0.630593,-0.320516
0.630593,-0.320516
0.630593,-0.320516
0.812817,-0.209995
0.692937,-0.163646
0.784048,-0.108386
0.784048,-0.108386
0.812817,-0.209995
0.630593,-0.320516
0.266146,-0.541557
0.357258,-0.486297
0.265961,-0.52665
0.265961,-0.52665
0.17485,-0.58191
0.174665,-0.567003
0.265222,-0.46702
0.173925,-0.507373
0.355778,-0.367038
0.628558,-0.156536
0.628558,-0.156536
0.610126,-0.145413
0.589408,-0.132253
0.327747,-0.116493
0.399487,0.018562
0.439391,-0.059486
0.548751,-0.000441
0.679581,-0.008321
0.679581,-0.008321
0.588655,-0.078489
0.4787,0.005624
0.346922,0.009074
0.243394,0.075644
0.334321,0.145811
0.466099,0.142362
0.466099,0.142362
0.466099,0.142362
0.587349,0.167388
0.587349,0.167388
0.587349,0.167388
0.587349,0.167388
0.586401,0.162958
0.487245,0.017259
0.476716,0.045734
0.768793,0.168636
0.762367,-0.081837
0.702261,-0.126211
0.592576,-0.243434
0.553527,-0.344759
0.493037,-0.540072
0.532086,-0.438748
0.425852,-0.620258
0.436381,-0.648733
0.425852,-0.620258
0.41001,-0.622347
0.321493,-0.555234
0.282444,-0.656559
0.274906,-0.739487
0.164409,-0.613442
0.16097,-0.672291
0.147725,-0.622011
0.146674,-0.685312
0.221386,-0.710063
0.173858,-0.71633
-0.03647,-0.69394
-0.150444,-0.748663
-0.122133,-0.752998
-0.051187,-0.959214
-0.051187,-0.959214
-0.051187,-0.959214
-0.051187,-0.959214
-0.051187,-0.959214
-0.113332,-0.918487
-0.175477,-0.877761
-0.175477,-0.877761
-0.113332,-0.918487
-0.113332,-0.918487
-0.175477,-0.877761
-0.299767,-0.796308
-0.610493,-0.592676
-0.796929,-0.470497
-0.796929,-0.470497
-0.734784,-0.511223
-0.734784,-0.511223
-0.734784,-0.511223
-0.672638,-0.55195
-0.610493,-0.592676
-0.548348,-0.633402
-0.424058,-0.714855
-0.251543,-0.684393
-0.486203,-0.674129
-0.424058,-0.714855
-0.237622,-0.837034
-0.237622,-0.837034
-0.420263,-0.723055
-0.606698,-0.600876
-0.668843,-0.560149
-0.732886,-0.515323
-0.672638,-0.55195
-0.610493,-0.592676
-0.548348,-0.633402
-0.424058,-0.714855
-0.486203,-0.674129
-0.486203,-0.674129
-0.361913,-0.755582
-0.424058,-0.714855
-0.299767,-0.796308
-0.299767,-0.796308
-0.361913,-0.755582
-0.35761,-0.5546
-0.338541,-0.418992
-0.281628,-0.326541
-0.281628,-0.326541
-0.28686,-0.193364
-0.271039,-0.216066
-0.213196,-0.457774
-0.16164,-0.608975
-0.119494,-0.451151
-0.10903,-0.717506
-0.249008,-0.639032
-0.239473,-0.571227
-0.229939,-0.503423
-0.370818,-0.195467
-0.287752,-0.366392
-0.302489,-0.405696
-0.302489,-0.405696
-0.365251,-0.015101
-0.332462,0.177939
-0.37889,0.116967
-0.365251,-0.015101
-0.245293,-0.192858
-0.198865,-0.131886
-0.198865,-0.131886
-0.087705,-0.477609
-0.002186,-0.554432
-0.072724,-0.479146
-0.030883,-0.739543
-0.009962,-0.869741
-0.009962,-0.869741
-0.051803,-0.609344
-0.115675,-0.564075
-0.146005,-0.671109
-0.146005,-0.671109
-0.227587,-0.754979
-0.188956,-0.756038
-0.009962,-0.869741
-0.009962,-0.869741
-0.009962,-0.869741
-0.036111,-0.981206
-0.057829,-0.97782
-0.057829,-0.97782
-0.057829,-0.97782
-0.057829,-0.97782
-0.057829,-0.97782
-0.079548,-0.974434
-0.107098,-0.959074
-0.109297,-0.959062
-0.154167,-0.940341
-0.156366,-0.940329
-0.128655,-0.738493
-0.291581,-0.678906
-0.331138,-0.800271
-0.376008,-0.781549
-0.359137,-0.828933
-0.476427,-0.77613
-0.472795,-0.788092
-0.519864,-0.769358
-0.545214,-0.75401
-0.556453,-0.677371
-0.577537,-0.702606
-0.602888,-0.687259
-0.666017,-0.660673
-0.616505,-0.772117
-0.632565,-0.764265
-0.623274,-0.771761
-0.639334,-0.763909
-0.648624,-0.756413
-0.648624,-0.756413
-0.639334,-0.763909
-0.541637,-0.559178
-0.471813,-0.33196
-0.488143,-0.460561
-0.431771,-0.346725
-0.453231,-0.346952
-0.401988,-0.104742
-0.376366,0.016363
-0.397379,-0.10756
-0.376366,0.016363
-0.398717,0.008159
-0.395447,0.121061
-0.347474,0.250369
-0.296231,0.492579
-0.296231,0.492579
-0.296231,0.492579
-0.318582,0.484376
-0.248259,0.621888
-0.197016,0.864098
-0.186605,0.731759
-0.074442,0.670899
-0.074442,0.670899
0.0121,0.488934
0.02251,0.356595
0.001689,0.621273
-0.074442,0.670899
-0.084853,0.803238
-0.008722,0.753612
-0.019132,0.885951
-0.019132,0.885951
0.034296,0.872043
0.134466,0.779757
0.210597,0.730131
0.13313,0.7867
0.056999,0.836325
-0.019132,0.885951
-0.019132,0.885951
-0.095263,0.935577
-0.095263,0.935577
-0.115391,0.969094
-0.115391,0.969094
-0.171394,0.985203
-0.171394,0.985203
-0.226533,0.915849
-0.336811,0.777141
-0.39195,0.707787
-0.439359,0.460996
-0.39195,0.707787
-0.39195,0.707787
-0.39195,0.707787
-0.502229,0.569079
-0.612507,0.430371
-0.557368,0.499725
-0.379113,0.608058
-0.379113,0.608058
-0.434252,0.538704
-0.311136,0.577683
-0.44709,0.638433
-0.44709,0.638433
-0.44709,0.638433
-0.502229,0.569079
-0.557368,0.499725
-0.39195,0.707787
-0.141269,0.778059
-0.08613,0.847413
-0.015928,0.813195
0.124476,0.74476
0.039211,0.882549
0.039211,0.882549
-0.072568,0.891523
-0.14277,0.925741
-0.136864,0.926498
-0.060757,0.893038
-0.079615,0.807574
0.073741,0.823845
0.073741,0.823845
0.138038,0.78887
0.138038,0.78887
0.067836,0.823087
0.320018,0.745678
0.530624,0.643025
0.179615,0.814114
0.249817,0.779896
0.320018,0.745678
0.449224,0.556108
0.612264,0.356275
0.612264,0.356275
0.618106,0.34721
0.623462,0.47741
0.623462,0.47741
0.623462,0.47741
0.55326,0.511627
0.549693,0.566167
0.479491,0.600384
0.479491,0.600384
0.530624,0.643025
0.551919,0.578561
0.706062,0.470453
0.628991,0.524507
0.411516,0.646997
0.474161,0.63757
0.544363,0.603352
0.481031,0.617734
0.558102,0.563679
0.628304,0.529462
0.535982,0.55759
0.676385,0.489154
0.668004,0.443392
0.597802,0.47761
0.666492,0.377793
0.668004,0.443392
0.600826,0.608807
0.530624,0.643025
0.600826,0.608807
0.600826,0.608807
0.530624,0.643025
0.270118,0.653855
0.016947,0.574499
0.087149,0.540281
-0.126507,0.421345
0.055105,0.575591
0.125306,0.541373
0.315611,0.564761
0.366734,0.529997
0.326288,0.553171
0.174142,0.530875
0.294244,0.58848
0.225265,0.496111
0.47737,0.473145
0.546349,0.565514
0.666451,0.62312
0.634407,0.658429
0.736653,0.588902
0.723677,0.625296
0.723677,0.625296
0.561015,0.66782
0.603748,0.620382
0.697605,0.538179
0.838899,0.519375
0.802509,0.550708
0.838899,0.519375
0.838899,0.519375
0.838899,0.519375
0.817533,0.543094
0.702404,0.49381
0.7748,0.590533
0.76313,0.606245
0.700621,0.59096
0.570392,0.426446
0.446822,0.368121
0.570392,0.426446
0.603005,0.547065
0.781122,0.544691
0.754885,0.383348
0.733519,0.407067
0.727197,0.452909
0.658227,0.339004
0.727197,0.452909
0.70583,0.476628
0.748563,0.42919
0.860266,0.495656
0.838899,0.519375
0.82517,0.401873
0.82517,0.401873
0.82517,0.401873
0.82517,0.401873
0.82517,0.401873
0.82517,0.401873
0.790073,0.308091
0.790073,0.308091
0.82517,0.401873
0.82517,0.401873
0.697622,0.219093
0.697622,0.219093
0.683892,0.101592
0.718989,0.195374
0.569183,0.111159
0.476731,0.02216
0.476731,0.02216
0.349184,-0.16062
0.349184,-0.16062
0.441635,-0.071622
0.349184,-0.16062
0.648796,0.007809
0.654332,0.254842
0.714455,0.373574
0.717223,0.49709
0.714455,0.373574
0.749551,0.467356
0.752319,0.590872
0.784647,0.561138
0.784647,0.561138
0.824094,0.489817
0.791765,0.519551
0.710128,0.425637
0.855959,0.460944
0.8451,0.365701
0.845216,0.365486
0.884662,0.294165
0.90287,0.34739
0.90287,0.34739
0.909757,0.306233
0.895644,0.324375
0.873828,0.449998
0.867065,0.426122
0.902647,0.283003
0.916643,0.265077
0.923877,0.223274
0.93428,0.020271
0.93428,0.020271
0.934165,0.020486
0.952348,0.056925
0.959582,0.015123
0.887685,-0.121625
0.887685,-0.121625
0.887685,-0.121625
0.894918,-0.163427
0.808669,-0.216786
0.894918,-0.163427
0.894918,-0.163427
0.902152,-0.20523
0.9884,-0.151871
0.9884,-0.151871
0.9884,-0.151871
0.9884,-0.151871
0.92256,-0.07508
0.92256,-0.07508
0.9884,-0.151871
0.9884,-0.151871
0.9884,-0.151871
0.9884,-0.151871
0.9884,-0.151871
0.9884,-0.151871
0.9884,-0.151871
0.9884,-0.151871
0.727215,-0.115471
0.856086,-0.147465
0.856086,-0.147465
0.856086,-0.147465
0.9884,-0.151871
0.9884,-0.151871
0.9884,-0.151871
0.9884,-0.151871
0.9884,-0.151871
0.900654,-0.20473
0.725161,-0.310447
0.461922,-0.469022
0.374175,-0.521881
0.374175,-0.521881
0.374175,-0.521881
0.461922,-0.469022
0.637415,-0.363305
0.725161,-0.310447
0.549668,-0.416164
0.286429,-0.574739
0.175838,-0.515152
0.065246,-0.455565
0.042402,-0.343119
0.065246,-0.455565
0.217895,-0.237402
0.108384,-0.334498
0.394468,-0.288368
0.34986,-0.22016
0.174367,-0.325877
0.042012,-0.310527
0.372705,-0.332606
0.284958,-0.385464
0.549668,-0.416164
0.286429,-0.574739
0.110936,-0.680456
0.02319,-0.733315
0.198682,-0.627598
0.461922,-0.469022
0.549668,-0.416164
0.549668,-0.416164
0.61015,-0.422471
0.579909,-0.419317
0.434657,-0.528188
0.346911,-0.581046
0.346911,-0.581046
0.201659,-0.689917
0.2319,-0.693071
0.319647,-0.640212
0.407393,-0.587354
0.349888,-0.643366
0.262141,-0.696224
0.407393,-0.587354
0.437634,-0.590507
0.319647,-0.640212
0.292382,-0.699378
0.204636,-0.752236
0.169372,-0.723635
0.169372,-0.723635
0.234877,-0.75539
0.234877,-0.75539
0.204636,-0.752236
0.207613,-0.814556
0.237854,-0.817709
0.295359,-0.761697
0.352864,-0.705685
0.352864,-0.705685
0.295359,-0.761697
0.231658,-0.771967
0.122034,-0.851764
0.033479,-0.826654
0.090985,-0.770642
-0.057244,-0.817193
0.003285,-0.627534
-0.180302,-0.661576
-0.107295,-0.744109
-0.05793,-0.812389
-0.226177,-0.771269
-0.146571,-0.842702
-0.139972,-0.831603
-0.143594,-0.905022
-0.143594,-0.905022
-0.143594,-0.905022
-0.143594,-0.905022
-0.305243,-0.852803
-0.143594,-0.905022
-0.089711,-0.922428
-0.143594,-0.905022
-0.089711,-0.922428
-0.035829,-0.939834
-0.035829,-0.939834
-0.143594,-0.905022
-0.197477,-0.887615
-0.197477,-0.887615
-0.25136,-0.870209
-0.197477,-0.887615
-0.308449,-0.758546
-0.308449,-0.758546
-0.308449,-0.758546
-0.254567,-0.775952
-0.365539,-0.646883
-0.422628,-0.535221
-0.311656,-0.66429
-0.254567,-0.775952
-0.308449,-0.758546
-0.311656,-0.66429
-0.366981,-0.55081
-0.230846,-0.674171
-0.281522,-0.751021
-0.202476,-0.762719
-0.09471,-0.797532
-0.148593,-0.780126
-0.040827,-0.814938
-0.10585,-0.89646
-0.238778,-0.867355
-0.184895,-0.884761
-0.25136,-0.870209
-0.359125,-0.835396
-0.359125,-0.835396
-0.466891,-0.800584
-0.520774,-0.783177
-0.466891,-0.800584
-0.428179,-0.685532
-0.359125,-0.835396
-0.359125,-0.835396
-0.413008,-0.81799
-0.457291,-0.670253
-0.353709,-0.705463
-0.311161,-0.633635
-0.365561,-0.306238
-0.386496,-0.347335
-0.468675,-0.189679
-0.454681,-0.150666
-0.440379,-0.329928
-0.355443,-0.485897
-0.297377,-0.502907
-0.415959,-0.68885
-0.429743,-0.819578
-0.426379,-0.687819
-0.426379,-0.687819
-0.369132,-0.573466
-0.361584,-0.441309
-0.240678,-0.600316
-0.029255,-0.582937
0.03046,-0.292863
0.081295,0.209204
0.081295,0.209204
0.066199,-0.05511
0.066199,-0.05511
0.008952,-0.169463
-0.025651,0.112654
-0.121287,-0.006208
-0.170986,0.011595
-0.229764,0.045638
-0.364648,-0.144517
-0.378433,-0.209326
-0.557639,-0.51581
-0.607338,-0.498007
-0.651199,-0.643269
-0.644194,-0.650911
-0.673503,-0.671659
-0.653113,-0.710211
-0.509358,-0.778257
-0.527103,-0.708427
-0.491287,-0.58833
-0.522061,-0.636421
-0.498095,-0.63031
-0.350763,-0.653693
-0.185687,-0.746906
-0.223536,-0.615117
-0.204611,-0.681011
-0.038355,-0.770289
-0.038355,-0.770289
0.054235,-0.847875
0.201566,-0.871258
0.127901,-0.859567
0.201566,-0.871258
0.348898,-0.894642
0.348898,-0.894642
0.275232,-0.88295
0.275232,-0.88295
0.10708,-0.817674
0.10708,-0.817674
0.10708,-0.817674
-0.087702,-0.587277
-0.235034,-0.563893
-0.240844,-0.440666
-0.235034,-0.563893
-0.308699,-0.552202
-0.313888,-0.600304
-0.304066,-0.567073
-0.304066,-0.567073
-0.126509,-0.238676
-0.058654,-0.12714
-0.153968,-0.091338
-0.357534,-0.425945
-0.297076,-0.44218
-0.216013,-0.326101
-0.289678,-0.314409
-0.227634,-0.079647
-0.196337,-0.102887
-0.128482,0.008648
-0.159778,0.031889
-0.112121,0.013988
0.024009,0.09578
0.066442,0.16041
0.142393,0.149837
0.210248,0.261373
0.218344,0.139265
0.210248,0.261373
0.249809,0.365579
0.249809,0.365579
0.227155,0.571665
0.315208,0.812637
0.315208,0.812637
0.315208,0.812637
0.296362,0.742395
0.233261,0.732359
0.253459,0.861796
0.316561,0.871831
0.316561,0.871831
0.316561,0.871831
0.316561,0.871831
0.316561,0.871831
0.209204,0.922002
0.209204,0.922002
0.335407,0.942073
0.335407,0.942073
0.335407,0.942073
0.378617,0.891306
0.3776,0.917576
0.398696,0.905328
0.3776,0.917576
0.398696,0.905328
0.355745,0.717406
0.376841,0.705157
0.376841,0.705157
0.397938,0.692909
0.419034,0.68066
0.43537,0.600621
0.29534,0.340812
0.450589,0.251869
0.568406,0.255215
0.547309,0.267464
0.51348,0.138986
0.601077,0.095136
0.590654,0.191513
0.628087,0.099225
0.707712,-0.01756
0.769532,0.040687
0.757956,0.188517
0.769532,0.040687
0.608318,0.071932
0.594408,-0.057002
0.638829,-0.034211
0.626536,0.001034
0.582819,0.072683
0.517567,-0.092897
0.592432,-0.277473
0.606342,-0.148539
0.568909,-0.056251
0.471331,-0.023604
0.453019,-0.164036
0.533674,-0.232317
0.596597,0.036917
0.5016,-0.007156
0.53175,0.147056
0.427572,0.43656
0.477017,0.560282
0.447442,0.302202
0.483423,0.313675
0.52758,0.25533
0.483798,0.511767
0.527955,0.453422
0.616269,0.336731
0.668489,0.373483
0.71937,0.349081
0.681937,0.441369
0.726094,0.383024
0.637781,0.499714
0.637781,0.499714
0.461153,0.733095
0.454429,0.699152
0.416996,0.79144
0.372839,0.849785
0.372839,0.849785
0.408418,0.754004
0.408418,0.754004
0.400246,0.62606
0.408418,0.754004
0.372839,0.849785
0.372839,0.849785
0.335407,0.942073
0.335407,0.942073
0.335407,0.942073
0.347666,0.822295
0.359925,0.702517
0.359925,0.702517
0.359925,0.702517
0.411239,0.355122
0.411239,0.355122
0.411239,0.355122
0.425776,0.367061
0.39898,0.4749
0.396701,0.343183
0.396701,0.343183
0.396701,0.343183
0.430755,0.315901
0.440292,0.528174
0.417694,0.564249
0.451748,0.536966
0.38172,0.795013
0.415774,0.767731
0.454702,0.731159
0.500057,0.583528
0.142135,0.529305
0.022359,0.535065
0.144289,0.54615
0.462087,0.62067
0.530195,0.566105
0.480971,0.610242
0.38664,0.756029
0.420694,0.728746
0.389551,0.858953
0.498513,0.81507
0.403515,0.887509
0.388336,0.799602
0.431844,0.747083
0.388336,0.799602
0.403515,0.887509
0.403515,0.887509
0.369461,0.914791
0.369461,0.914791
0.369461,0.914791
0.403515,0.887509
0.335407,0.942073
0.335407,0.942073
0.335407,0.942073
0.379314,0.871987
0.335407,0.942073
0.335407,0.942073
0.335407,0.942073
0.335407,0.942073
0.335407,0.942073
0.335407,0.942073
0.335407,0.942073
0.335407,0.942073
0.29753,0.814433
0.329426,0.712889
0.329426,0.712889
0.367303,0.840529
0.335407,0.942073
0.335407,0.942073
0.335407,0.942073
0.335407,0.942073
0.335407,0.942073
0.335407,0.942073
0.335407,0.942073
0.359961,0.831903
0.359961,0.831903
0.359961,0.831903
0.359961,0.831903
0.359961,0.831903
0.359961,0.831903
0.359961,0.831903
0.335407,0.942073
0.335407,0.942073
0.335407,0.942073
0.335407,0.942073
0.335407,0.942073
0.335407,0.942073
0.335407,0.942073
0.335407,0.942073
0.335407,0.942073
0.335407,0.942073
0.335407,0.942073
0.335407,0.942073
0.335407,0.942073
0.335407,0.942073
0.335407,0.942073
0.377086,0.8978
0.377086,0.8978
0.335407,0.942073
0.24665,0.873269
0.24665,0.873269
0.235724,0.744785
0.24665,0.873269
0.265678,0.92618
0.266017,0.926519
0.335407,0.942073
0.335407,0.942073
0.335407,0.942073
0.335407,0.942073
0.335407,0.942073
0.335407,0.942073
0.335407,0.942073
0.372476,0.909478
0.372476,0.909478
0.372476,0.909478
0.372476,0.909478
0.372476,0.909478
0.409545,0.876882
0.483683,0.81169
0.446614,0.844286
0.409545,0.876882
0.409545,0.876882
0.446614,0.844286
0.483683,0.81169
0.483683,0.81169
0.446614,0.844286
0.409545,0.876882
0.409545,0.876882
0.372476,0.909478
0.412689,0.823673
0.37562,0.856269
0.331931,0.733294
0.415833,0.770464
0.415833,0.770464
0.37562,0.856269
0.37562,0.856269
0.37562,0.856269
0.335407,0.942073
0.335407,0.942073
0.293715,0.815466
0.293715,0.815466
0.293715,0.815466
0.335407,0.942073
0.335407,0.942073
0.335407,0.942073
0.335407,0.942073
0.335407,0.942073
0.335407,0.942073
0.335407,0.942073
0.335407,0.942073
0.335407,0.942073
0.360805,0.925783
0.335407,0.942073
0.157353,0.816486
0.157353,0.816486
0.24638,0.87928
0.24638,0.87928
0.157353,0.816486
0.24638,0.87928
0.24638,0.87928
0.24638,0.87928
0.157353,0.816486
0.157353,0.816486
0.068325,0.753692
0.068325,0.753692
0.068325,0.753692
0.137383,0.687057
0.137383,0.687057
-0.005381,0.62028
-0.06064,0.432041
-0.169621,0.238405
-0.011551,0.235978
-0.218725,0.435883
-0.238694,0.306454
-0.197398,0.263456
-0.286425,0.200662
-0.12834,0.196821
-0.12834,0.196821
-0.129698,0.498676
0.068325,0.753692
-0.020702,0.690899
-0.109729,0.628105
0.096305,0.699388
0.108592,0.579627
0.129723,0.530924
-0.059162,0.511228
-0.23576,0.371772
-0.373898,0.411986
-0.383533,0.40102
-0.284871,0.47478
-0.108273,0.614236
0.079283,0.748632
0.16831,0.811425
0.16831,0.811425
0.346364,0.937013
0.346364,0.937013
0.346364,0.937013
0.322893,0.80755
0.311936,0.812611
0.264994,0.553686
0.264994,0.553686
0.264994,0.553686
0.311936,0.812611
0.311936,0.812611
0.311936,0.812611
0.311936,0.812611
0.311936,0.812611
0.335407,0.942073
0.335407,0.942073
0.335407,0.942073
0.335407,0.942073
0.335407,0.942073
0.335407,0.942073
0.335407,0.942073
0.335407,0.942073
0.343399,0.819912
0.343399,0.819912
0.343399,0.819912
0.335407,0.942073
0.335407,0.942073
0.350614,0.697357
0.350614,0.697357
0.350614,0.697357
0.358217,0.574998
0.373424,0.330282
0.405399,0.192664
0.415246,-0.022471
0.407642,0.099887
0.381027,0.207923
0.388631,0.085565
0.388631,0.085565
0.388631,0.085565
0.403838,-0.159152
0.408775,0.189092
0.408775,0.189092
0.393568,0.433808
0.373424,0.330282
0.30227,0.22205
0.294667,0.344408
0.234849,-0.010336
0.234849,-0.010336
0.238719,-0.008541
0.231116,0.113817
0.294667,0.344408
0.287063,0.466766
0.287063,0.466766
0.287063,0.466766
0.231116,0.113817
0.275419,0.051626
0.283023,-0.070733
0.283023,-0.070733
0.356423,0.049601
0.181516,0.069222
0.160022,-0.235661
0.096412,-0.225005
0.167565,-0.116773
0.255408,0.003389
0.247804,0.125747
0.159962,0.005585
0.231116,0.113817
0.246323,-0.130899
0.246323,-0.130899
0.381027,0.207923
0.381027,0.207923
0.443052,-0.30518
0.443052,-0.30518
0.477406,-0.200039
0.459457,-0.084134
0.473033,0.055014
0.46543,0.177372
0.441422,0.078684
0.435449,-0.182822
0.351437,-0.270995
0.35904,-0.393353
0.419044,-0.403868
0.426648,-0.526226
0.434251,-0.648585
0.411441,-0.28151
0.434251,-0.648585
0.35558,-0.634552
0.400918,-0.533205
0.364259,-0.438207
0.349458,-0.547162
0.323728,-0.554141
0.349458,-0.547162
0.357061,-0.669521
0.241087,-0.645418
0.287475,-0.812815
0.287475,-0.812815
0.236015,-0.826772
0.217889,-0.956109
0.192159,-0.963088
0.192159,-0.963088
0.217889,-0.956109
0.217889,-0.956109
0.157137,-0.898789
0.105677,-0.912746
0.105677,-0.912746
0.043303,-0.976483
0.043303,-0.976483
0.089239,-0.991003
0.089239,-0.991003
0.03717,-0.878036
0.01144,-0.885014
-0.04063,-0.772047
-0.04063,-0.772047
-0.04063,-0.772047
0.01144,-0.885014
-0.058065,-0.737371
-0.005996,-0.850338
-0.005996,-0.850338
-0.005996,-0.850338
-0.005996,-0.850338
-0.027083,-0.719305
-0.146113,-0.511716
-0.205627,-0.407922
-0.18454,-0.538955
-0.222967,-0.566194
-0.05552,-0.790392
-0.05552,-0.790392
-0.115035,-0.686598
-0.115035,-0.686598
-0.05552,-0.790392
-0.05552,-0.790392
-0.05552,-0.790392
-0.115035,-0.686598
-0.174549,-0.582803
-0.293579,-0.375214
-0.372293,-0.15069
-0.312778,-0.254484
-0.531637,0.039964
-0.650667,0.247553
-0.522662,0.041151
-0.454171,-0.061456
-0.47623,-0.05478
-0.50471,0.043525
-0.445196,-0.060269
-0.61253,0.272814
-0.582176,0.144945
-0.50471,0.043525
-0.340608,-0.043261
-0.403345,0.055513
-0.374612,0.176451
-0.306122,0.073844
-0.401734,0.058023
-0.495735,0.044713
-0.43622,-0.059082
-0.349778,-0.159315
-0.418269,-0.056707
-0.367952,0.028858
-0.367952,0.028858
-0.555249,0.148507
-0.62374,0.251114
-0.329533,0.358521
-0.476636,0.304818
-0.476636,0.304818
-0.408146,0.20221
-0.207736,-0.23507
-0.158776,-0.145655
-0.349778,-0.159315
-0.486759,0.0459
-0.418269,-0.056707
-0.281288,-0.261922
-0.075817,-0.569744
-0.075817,-0.569744
-0.155631,-0.501524
0.043451,-0.476339
0.001076,-0.625926
0.080891,-0.694146
0.035644,-0.423012
0.104135,-0.525619
0.066455,-0.438454
0.054775,-0.441952
0.154316,-0.42936
-0.013716,-0.339345
-0.013716,-0.339345
0.054775,-0.441952
-0.113257,-0.351937
-0.044766,-0.454544
-0.281288,-0.261922
-0.212798,-0.364529
-0.212798,-0.364529
-0.281288,-0.261922
-0.144307,-0.467137
0.060292,-0.775129
0.130683,-0.747459
0.199174,-0.850067
0.202976,-0.589514
0.201075,-0.71979
0.200046,-0.849896
0.200046,-0.849896
0.252162,-0.797854
0.200046,-0.849896
0.192302,-0.850994
0.192302,-0.850994
0.201947,-0.71962
0.203848,-0.589344
0.201947,-0.71962
0.200046,-0.849896
0.200046,-0.849896
0.253327,-0.779721
0.251426,-0.909997
0.251426,-0.909997
0.251426,-0.909997
0.242631,-0.778132
0.242631,-0.778132
0.242631,-0.778132
0.251426,-0.909997
0.198144,-0.980173
0.198144,-0.980173
0.198144,-0.980173
0.198144,-0.980173
0.198144,-0.980173
0.198144,-0.980173
0.160896,-0.97701
0.160896,-0.97701
0.238077,-0.874574
0.238077,-0.874574
0.278009,-0.768975
0.278009,-0.768975
0.317941,-0.663376
0.278009,-0.768975
0.229426,-0.628161
0.266417,-0.652588
0.266417,-0.652588
0.226485,-0.758187
0.139049,-0.763334
0.230971,-0.875616
0.238077,-0.874574
0.199309,-0.716098
0.056133,-0.640494
-0.0625,-0.693217
-0.102432,-0.798816
0.054968,-0.904568
0.133668,-0.957445
0.069192,-0.934716
0.004716,-0.911988
0.069192,-0.934716
0.133668,-0.957445
0.133668,-0.957445
0.133668,-0.957445
0.213312,-0.975153
0.22848,-0.970134
0.243648,-0.965115
0.22848,-0.970134
0.167126,-0.716229
0.182635,-0.848201
0.094273,-0.447149
0.151617,-0.584257
0.136108,-0.452285
0.136108,-0.452285
0.136108,-0.452285
0.167126,-0.716229
0.151617,-0.584257
0.120598,-0.320314
0.151617,-0.584257
0.167126,-0.716229
0.167126,-0.716229
0.182635,-0.848201
0.151617,-0.584257
0.136108,-0.452285
0.151617,-0.584257
0.057049,-0.376532
0.092386,-0.160743
0.240608,-0.389024
0.342301,-0.22139
0.212396,-0.229454
0.263243,-0.145637
0.393148,-0.137573
0.443995,-0.053756
0.523053,-0.12951
0.624747,0.038124
0.487716,-0.345299
0.554072,-0.393454
0.503225,-0.477271
0.503225,-0.477271
0.452378,-0.561088
0.452378,-0.561088
0.503225,-0.477271
0.503225,-0.477271
0.401532,-0.644905
0.281569,-0.627059
0.206261,-0.585968
0.326224,-0.603814
0.200069,-0.646539
0.049453,-0.564357
-0.001394,-0.648174
-0.278164,-0.608718
-0.278164,-0.608718
-0.437412,-0.649731
-0.437412,-0.649731
-0.255197,-0.558749
-0.459267,-0.542603
-0.652098,-0.421042
-0.727405,-0.379951
-0.802713,-0.33886
-0.802713,-0.33886
-0.802713,-0.33886
-0.802713,-0.33886
-0.802713,-0.33886
-0.673952,-0.313914
-0.802713,-0.33886
-0.802713,-0.33886
-0.931475,-0.363806
-0.931475,-0.363806
-0.883492,-0.205894
-0.883492,-0.205894
-0.883492,-0.205894
-0.883492,-0.205894
-0.8595,-0.126938
-0.883492,-0.205894
-0.835508,-0.047982
-0.8595,-0.126938
-0.883492,-0.205894
-0.907483,-0.28485
-0.855314,-0.124249
-0.855314,-0.124249
-0.807331,0.033663
-0.807331,0.033663
-0.835508,-0.047982
-0.811517,0.030974
-0.8595,-0.126938
-0.835508,-0.047982
-0.811517,0.030974
-0.811517,0.030974
-0.787525,0.109929
-0.763533,0.188885
-0.787525,0.109929
-0.811517,0.030974
-0.787525,0.109929
-0.787525,0.109929
-0.853696,-0.066972
-0.853696,-0.066972
-0.835508,-0.047982
-0.835508,-0.047982
-0.8595,-0.126938
-0.8595,-0.126938
-0.602727,-0.064247
-0.602727,-0.064247
-0.47434,-0.032901
-0.08918,0.061135
-0.217566,0.02979
-0.217566,0.02979
-0.137163,-0.096776
-0.289541,-0.207078
-0.161155,-0.175732
-0.161155,-0.175732
-0.417928,-0.238423
-0.674701,-0.301115
-0.620205,-0.210629
-0.511211,-0.029658
-0.639598,-0.061003
-0.604495,0.179108
-0.495501,0.360079
-0.604495,0.179108
-0.495266,0.250512
-0.440769,0.340998
-0.386038,0.321917
-0.60426,0.069541
-0.60426,0.069541
-0.495031,0.140945
-0.495031,0.140945
-0.276574,0.283754
-0.386038,0.321917
-0.386038,0.321917
-0.440769,0.340998
-0.315081,0.704822
-0.223018,0.812507
-0.168521,0.902992
-0.223018,0.812507
-0.168521,0.902992
-0.103659,0.860637
-0.114024,0.993478
-0.114024,0.993478
-0.11114,0.993746
-0.11114,0.993746
-0.11114,0.993746
-0.108256,0.994013
-0.035343,0.941157
0.043338,0.888836
0.040454,0.888568
0.043338,0.888836
-0.020922,0.942495
0.028352,0.817556
-0.041676,0.870681
-0.050391,0.870002
-0.101653,0.82917
-0.1558,0.78807
-0.178102,0.620673
-0.229364,0.579841
-0.223534,0.580252
-0.269729,0.422159
-0.086211,0.252835
-0.153284,0.491417
-0.039222,0.574152
0.003317,0.320806
-0.031411,0.446835
0.003317,0.320806
0.000371,0.320662
0.045851,0.32598
0.045851,0.32598
-0.023605,0.578038
-0.011179,0.284612
-0.000702,0.154344
-0.12719,0.365035
-0.080035,-0.05442
-0.137066,-0.095787
-0.410394,-0.00496
-0.536882,0.205731
-0.516896,0.366439
-0.415981,0.199717
-0.201005,0.11573
-0.512374,0.271001
-0.57856,0.311694
-0.617922,0.424346
-0.558575,0.472402
-0.501544,0.513769
-0.650334,0.557064
-0.650334,0.557064
-0.538589,0.63311
-0.714315,0.49563
-0.714315,0.49563
-0.699484,0.378901
-0.523862,0.360304
-0.057881,0.267787
0.140556,0.151743
0.364721,0.165777
0.265455,0.172969
0.077215,0.158907
0.175023,-0.0213
-0.066793,0.085251
-0.067517,0.082494
-0.067517,0.082494
-0.19641,0.116488
-0.197858,0.110974
-0.103452,0.035561
0.146264,0.014132
0.320385,-0.03806
0.673094,-0.093081
0.755514,-0.200014
0.691713,-0.34044
0.79445,-0.21894
0.801794,-0.268257
0.730473,-0.257195
0.475585,-0.178179
0.368329,-0.214051
0.369777,-0.208536
0.335464,-0.254638
0.357824,-0.321746
0.324235,-0.36509
0.418814,-0.445186
0.311558,-0.481057
0.524622,-0.414828
0.631154,-0.381714
0.760046,-0.415708
0.827949,-0.326262
0.828673,-0.323505
0.829397,-0.320748
0.828673,-0.323505
0.862262,-0.280161
0.970242,-0.241532
0.970242,-0.241532
0.933239,-0.284134
0.933239,-0.284134
0.824945,-0.325856
0.861225,-0.286011
0.967346,-0.252561
0.968794,-0.247046
0.969518,-0.244289
0.969518,-0.244289
0.969518,-0.244289
0.969518,-0.244289
0.969518,-0.244289
0.969518,-0.244289
0.970966,-0.238775
0.972805,-0.223045
0.972805,-0.223045
0.972081,-0.225802
0.851537,-0.175322
0.852985,-0.169807
0.855548,-0.15132
0.732774,-0.126786
0.732774,-0.126786
0.852594,-0.180023
0.972414,-0.233261
0.972414,-0.233261
0.972414,-0.233261
0.972414,-0.233261
0.972414,-0.233261
0.972414,-0.233261
0.946711,-0.271689
0.946711,-0.271689
0.972414,-0.233261
0.972414,-0.233261
0.972414,-0.233261
0.972414,-0.233261
0.972414,-0.233261
0.863138,-0.168023
0.932477,-0.279556
0.89254,-0.325851
0.852602,-0.372146
0.772728,-0.464737
0.812665,-0.418442
0.852602,-0.372146
0.89254,-0.325851
0.852602,-0.372146
0.852602,-0.372146
0.772728,-0.464737
0.772728,-0.464737
0.852602,-0.372146
0.932477,-0.279556
0.932477,-0.279556
0.932477,-0.279556
0.972414,-0.233261
0.972414,-0.233261
0.972414,-0.233261
0.972414,-0.233261
0.972414,-0.233261
0.89993,-0.283936
0.717858,-0.269654
0.717858,-0.269654
0.89993,-0.283936
0.972414,-0.233261
0.972414,-0.233261
0.972414,-0.233261
0.972414,-0.233261
0.972414,-0.233261
0.972414,-0.233261
0.972414,-0.233261
0.972414,-0.233261
0.958505,-0.174678
0.834493,-0.189813
0.795597,-0.062227
0.809506,-0.12081
0.809506,-0.12081
0.422135,-0.024983
0.422135,-0.024983
0.537568,0.001247
0.481183,-0.037966
0.197086,-0.130195
0.04785,0.009461
-0.185703,-0.3554
-0.303075,-0.420486
-0.153281,-0.485904
-0.043833,-0.410954
0.077395,-0.63275
0.275649,-0.649091
0.447467,-0.583649
0.509836,-0.593156
0.558296,-0.544081
0.338019,-0.658599
0.364384,-0.611112
0.315923,-0.660188
0.315995,-0.789458
0.293972,-0.920318
0.293972,-0.920318
0.293972,-0.920318
0.245512,-0.969394
0.264122,-0.961522
0.212735,-0.953623
0.212735,-0.953623
0.231345,-0.945751
0.161348,-0.945725
0.188783,-0.822763
0.212735,-0.953623
0.161348,-0.945725
0.109961,-0.937827
0.14718,-0.922083
0.1844,-0.906339
0.114403,-0.906313
0.044407,-0.906287
0.044407,-0.906287
0.14718,-0.922083
0.195467,-0.897796
0.284074,-0.88995
0.273006,-0.898493
0.20301,-0.898467
0.081626,-0.890543
0.16579,-0.914211
0.232797,-0.821946
0.267027,-0.713911
0.246965,-0.845588
0.262839,-0.883902
0.262839,-0.883902
0.262839,-0.883902
0.211452,-0.876004
0.230062,-0.868132
0.160065,-0.868106
0.178675,-0.860234
0.16579,-0.914211
0.273006,-0.898493
0.254396,-0.906365
0.151623,-0.890569
0.081626,-0.890543
-0.091574,-0.815987
-0.048578,-0.841259
-0.455295,-0.850948
-0.455295,-0.850948
-0.455295,-0.850948
-0.35379,-0.789313
-0.455295,-0.850948
-0.525291,-0.850922
-0.525291,-0.850922
-0.525291,-0.850922
-0.525291,-0.850922
-0.525291,-0.850922
-0.525291,-0.850922
-0.525291,-0.850922
-0.525291,-0.850922
-0.525291,-0.850922
-0.525291,-0.850922
-0.525291,-0.850922
-0.525291,-0.850922
-0.525291,-0.850922
-0.525291,-0.850922
-0.525291,-0.850922
-0.525291,-0.850922
-0.525291,-0.850922
-0.525291,-0.850922
-0.525291,-0.850922
-0.525291,-0.850922
-0.525291,-0.850922
-0.525291,-0.850922
-0.526575,-0.85011
-0.526575,-0.85011
-0.526575,-0.85011
-0.526575,-0.85011
-0.526575,-0.85011
-0.526575,-0.85011
-0.526575,-0.85011
-0.526575,-0.85011
-0.525291,-0.850922
-0.525291,-0.850922
-0.525291,-0.850922
-0.525291,-0.850922
-0.525291,-0.850922
-0.525291,-0.850922
-0.525291,-0.850922
-0.525291,-0.850922
-0.423696,-0.797676
-0.34896,-0.687403
-0.34896,-0.687403
-0.172629,-0.523884
-0.34896,-0.687403
-0.478954,-0.859893
-0.478954,-0.859893
-0.478954,-0.859893
-0.478954,-0.859893
-0.432617,-0.868864
-0.437214,-0.865755
-0.483551,-0.856784
-0.437214,-0.865755
-0.437214,-0.865755
-0.437214,-0.865755
-0.349137,-0.880587
-0.163789,-0.91647
-0.210126,-0.9075
-0.14718,-0.9283
-0.065484,-0.868706
-0.174407,-0.754716
-0.280519,-0.813106
-0.29217,-0.720167
-0.306676,-0.71801
-0.2844,-0.802825
-0.274491,-0.801872
-0.315515,-0.788839
-0.315515,-0.788839
-0.305606,-0.787886
-0.305606,-0.787886
-0.254672,-0.799967
-0.237708,-0.888844
-0.288642,-0.876764
-0.25407,-0.762706
-0.457806,-0.714385
-0.457806,-0.714385
-0.406872,-0.726465
-0.485656,-0.716838
-0.515039,-0.573112
-0.377256,-0.158882
-0.291054,-0.259752
-0.314623,-0.062638
-0.175266,-0.322089
-0.195064,-0.420915
-0.208727,-0.516667
-0.144716,-0.541526
-0.224475,-0.620242
-0.210813,-0.52449
-0.319035,-0.375946
-0.423207,-0.23215
-0.53548,-0.078857
-0.50437,0.008541
-0.499933,0.123544
-0.544145,0.24723
-0.524346,0.346056
-0.524346,0.346056
-0.524346,0.346056
-0.563943,0.148403
-0.572608,0.47449
-0.572608,0.47449
-0.592407,0.375664
-0.592407,0.375664
-0.612205,0.276837
-0.612205,0.276837
-0.651803,0.079185
-0.651803,0.079185
-0.632004,0.178011
-0.603894,0.43454
-0.623841,0.244239
-0.584243,0.441891
-0.552957,0.481842
-0.533306,0.489193
-0.394342,0.633956
-0.17596,0.535528
-0.076594,0.482638
0.101148,0.35019
0.220312,0.396127
0.217782,0.44897
-0.078977,0.626956
-0.097289,0.63892
-0.493413,0.869795
-0.493413,0.869795
-0.493413,0.869795
-0.394175,0.818366
-0.394175,0.818366
-0.1957,0.715507
-0.096462,0.664077
-0.1957,0.715507
-0.177222,0.773769
-0.335317,0.821782
-0.335317,0.821782
-0.434555,0.873212
-0.375697,0.876628
-0.316839,0.880045
-0.140265,0.890295
-0.199123,0.886878
-0.228297,0.804561
-0.228297,0.804561
-0.199123,0.886878
-0.257981,0.883462
-0.257981,0.883462
-0.099674,0.825029
-0.316839,0.880045
-0.434555,0.873212
-0.395903,0.828218
-0.395903,0.828218
-0.298393,0.78664
-0.298393,0.78664
-0.133707,0.666634
0.008201,0.501404
0.172887,0.381398
0.30277,0.361496
0.105711,0.459826
0.225999,0.463473
-0.029688,0.472926
-0.127198,0.514503
0.067822,0.431348
0.488196,0.30189
0.616039,0.297163
0.616039,0.297163
0.585706,0.260312
0.713549,0.255586
0.510085,0.11201
0.408353,0.040223
0.408353,0.040223
0.408353,0.040223
0.408353,0.040223
0.460576,-0.112806
0.460576,-0.112806
0.358844,-0.184593
0.257112,-0.256381
0.15538,-0.328169
0.15538,-0.328169
0.04333,-0.377685
0.04333,-0.377685
-0.160134,-0.521261
-0.261866,-0.593049
-0.353281,-0.687108
-0.363007,-0.584293
-0.363007,-0.584293
-0.261275,-0.512505
-0.261275,-0.512505
0.005079,-0.131351
-0.086927,-0.305955
-0.103961,-0.449396
-0.094234,-0.552212
0.135053,-0.41896
0.292367,-0.355852
0.312694,-0.265061
0.24294,-0.158411
0.562308,-0.041018
0.562308,-0.041018
0.66404,0.03077
0.867504,0.174345
0.867504,0.174345
0.863485,0.130143
0.863485,0.130143
0.675736,-0.021192
0.777468,0.050595
0.675736,-0.021192
0.401972,-0.252075
0.229939,-0.411169
0.233958,-0.366967
0.341136,-0.200666
0.625171,-0.072056
0.625171,-0.072056
0.494858,-0.077134
0.625171,-0.072056
0.334565,-0.286714
0.506598,-0.12762
0.625171,-0.072056
0.711187,0.007491
0.711187,0.007491
0.711187,0.007491
0.797203,0.087039
0.797203,0.087039
0.797203,0.087039
0.797203,0.087039
0.88322,0.166586
0.88322,0.166586
0.797203,0.087039
0.867423,0.104777
0.969236,0.246133
0.969236,0.246133
0.969236,0.246133
0.969236,0.246133
0.969236,0.246133
0.966594,0.254295
0.966594,0.254295
0.966594,0.254295
0.963952,0.262456
0.963952,0.262456
0.958668,0.27878
0.958668,0.27878
0.958668,0.27878
0.827386,0.262495
0.827386,0.262495
0.704029,0.221726
0.83267,0.246172
0.835312,0.23801
0.83267,0.246172
0.806371,0.168251
0.829669,0.087565
0.962183,0.058076
0.962183,0.058076
0.962183,0.058076
0.959362,-0.017147
0.959362,-0.017147
0.959362,-0.017147
0.962183,0.058076
0.963594,0.095688
0.962183,0.058076
0.963594,0.095688
0.92082,0.053431
0.963594,0.095688
0.965004,0.133299
0.966415,0.17091
0.884046,0.255966
0.882635,0.218354
0.882635,0.218354
0.796034,0.190575
0.796034,0.190575
0.882635,0.218354
0.882635,0.218354
0.819306,0.097722
0.816485,0.022499
0.63214,-0.188952
0.631242,-0.284705
0.647597,-0.212076
0.560483,-0.181713
0.579011,-0.32926
0.662791,-0.376704
0.604631,-0.512876
0.604631,-0.512876
0.604631,-0.512876
0.612681,-0.512708
0.755507,-0.343211
0.816015,-0.297802
0.747231,-0.344066
0.685312,-0.427087
0.866836,-0.290858
0.866836,-0.290858
0.88757,-0.363448
0.948078,-0.318038
0.948078,-0.318038
0.948078,-0.318038
0.948078,-0.318038
0.948078,-0.318038
0.948078,-0.318038
0.948078,-0.318038
0.948078,-0.318038
0.948078,-0.318038
0.948078,-0.318038
0.948078,-0.318038
0.948078,-0.318038
0.948078,-0.318038
0.948078,-0.318038
0.948078,-0.318038
0.882224,-0.36345
0.948078,-0.318038
0.94809,-0.318001
0.94809,-0.318001
0.833691,-0.339449
0.833678,-0.339487
0.799822,-0.378112
0.799834,-0.378074
0.636952,-0.38483
0.507952,-0.352885
0.507964,-0.352848
0.670846,-0.346093
0.603096,-0.423455
0.68364,-0.440632
0.649783,-0.479257
0.615927,-0.517882
0.324032,-0.49273
0.582058,-0.556544
0.548177,-0.595244
0.322408,-0.519843
0.383659,-0.62915
0.479603,-0.6862
0.479603,-0.6862
0.445734,-0.724863
0.445747,-0.724825
0.575571,-0.743176
0.507809,-0.820575
0.435306,-0.776146
0.360784,-0.541456
0.430565,-0.654318
0.425824,-0.532489
0.430565,-0.654318
0.430565,-0.654318
0.440046,-0.897975
0.344168,-0.834035
0.331993,-0.70975
0.355237,-0.283132
0.331304,-0.289715
0.331304,-0.289715
0.331304,-0.289715
0.234938,-0.029005
0.199139,-0.150512
0.200924,0.052567
-0.032801,-0.033247
-0.044976,0.091038
0.071568,0.038522
0.237249,0.141471
0.126397,0.355989
-0.004107,0.329711
0.008068,0.205426
-0.169788,0.226762
-0.21714,0.274377
0.020139,0.620338
-0.229316,0.398662
-0.229316,0.398662
-0.37052,0.207697
-0.414335,0.131041
-0.648344,-0.09286
-0.337296,-0.056471
-0.306833,-0.043636
-0.378363,-0.236391
-0.247577,-0.211234
-0.287662,-0.41386
-0.227241,-0.545226
-0.287534,-0.452316
-0.227241,-0.545226
-0.13199,-0.595073
-0.036587,-0.646011
-0.036587,-0.646011
-0.036587,-0.646011
-0.036587,-0.646011
0.058739,-0.696404
0.058739,-0.696404
-0.036587,-0.646011
0.34472,-0.847582
0.440046,-0.897975
0.440046,-0.897975
0.440046,-0.897975
0.440046,-0.897975
0.440046,-0.897975
0.440046,-0.897975
0.440046,-0.897975
0.440046,-0.897975
0.440046,-0.897975
0.440046,-0.897975
0.440046,-0.897975
0.440046,-0.897975
0.440046,-0.897975
0.440046,-0.897975
0.440046,-0.897975
0.431452,-0.535616
0.421124,-0.411852
0.409929,-0.407385
0.409929,-0.407385
0.409929,-0.407385
0.388407,-0.279153
0.378079,-0.155389
0.388407,-0.279153
0.398734,-0.402918
0.378079,-0.155389
0.388407,-0.279153
0.388407,-0.279153
0.378079,-0.155389
0.378079,-0.155389
0.378079,-0.155389
0.367751,-0.031625
0.347285,-0.037834
0.357613,-0.161598
0.357613,-0.161598
0.208672,-0.304506
0.367751,-0.031625
0.378079,-0.155389
0.388407,-0.279153
0.398734,-0.402918
0.378079,-0.155389
0.378079,-0.155389
0.378079,-0.155389
0.378079,-0.155389
0.297222,0.080658
0.317878,-0.16687
0.317878,-0.16687
0.224491,-0.125498
0.224491,-0.125498
0.211961,-0.320173
0.139229,-0.526329
0.139229,-0.526329
0.232616,-0.567701
0.336331,-0.732838
0.41939,-0.650446
0.41939,-0.650446
0.41939,-0.650446
0.440225,-0.660895
0.450732,-0.547579
0.450553,-0.784659
0.440046,-0.897975
0.440046,-0.897975
0.440046,-0.897975
0.440046,-0.897975
0.440046,-0.897975
0.440046,-0.897975
0.440046,-0.897975
0.440046,-0.897975
0.440046,-0.897975
0.440046,-0.897975
0.440046,-0.897975
0.440046,-0.897975
0.440046,-0.897975
0.440046,-0.897975
0.387516,-0.900612
0.245628,-0.8724
0.282455,-0.905886
0.27762,-0.903872
0.215419,-0.902481
0.33015,-0.901235
0.262972,-0.896256
0.153076,-0.899516
0.085898,-0.894536
-0.100204,-0.824831
-0.316386,-0.802277
-0.284363,-0.833815
-0.294175,-0.828213
-0.261499,-0.704225
-0.372632,-0.775904
-0.413644,-0.84445
-0.490634,-0.833869
-0.548,-0.834492
-0.484178,-0.830247
-0.49399,-0.824645
-0.558653,-0.70831
-0.558653,-0.70831
-0.389578,-0.503377
-0.39855,-0.618354
-0.39855,-0.618354
-0.483087,-0.720821
-0.567625,-0.823287
-0.590758,-0.741449
-0.567625,-0.823287
-0.567625,-0.823287
-0.532631,-0.835007
-0.557362,-0.757118
-0.547099,-0.690948
-0.547099,-0.690948
-0.547099,-0.690948
-0.631553,-0.523449
-0.666547,-0.511729
-0.716008,-0.35595
-0.666547,-0.511729
-0.691277,-0.433839
-0.666547,-0.511729
-0.592355,-0.745398
-0.567625,-0.823287
-0.56994,-0.821617
-0.363352,-0.704707
-0.47012,-0.760655
-0.463482,-0.765068
-0.568243,-0.822086
-0.570559,-0.820415
-0.568553,-0.821486
-0.572875,-0.818745
-0.570559,-0.820415
-0.572875,-0.818745
-0.577507,-0.815403
-0.584145,-0.81099
-0.577197,-0.816003
-0.577507,-0.815403
-0.575191,-0.817074
-0.579822,-0.813732
-0.584145,-0.81099
-0.586151,-0.80992
-0.588467,-0.808249
-0.586151,-0.80992
-0.583835,-0.811591
-0.583835,-0.811591
-0.586151,-0.80992
-0.581519,-0.813262
-0.583835,-0.811591
-0.581519,-0.813262
-0.581519,-0.813262
-0.583835,-0.811591
-0.583835,-0.811591
-0.639149,-0.705825
-0.608018,-0.761214
-0.634517,-0.709167
-0.658701,-0.658791
-0.658701,-0.658791
-0.62757,-0.71418
-0.611475,-0.640152
-0.61379,-0.638481
-0.618422,-0.635139
-0.496647,-0.478875
-0.587291,-0.690528
-0.590713,-0.802508
-0.590713,-0.802508
-0.601914,-0.702464
-0.620371,-0.685026
-0.652962,-0.741112
-0.650646,-0.742783
-0.664471,-0.728687
-0.64833,-0.744454
-0.680613,-0.71292
-0.680613,-0.71292
-0.696754,-0.697154
-0.680613,-0.71292
-0.696754,-0.697154
-0.688526,-0.698567
-0.632189,-0.760221
-0.583654,-0.771138
-0.567512,-0.786905
-0.599907,-0.791754
-0.599907,-0.791754
-0.502255,-0.707684
-0.502255,-0.707684
-0.567625,-0.823287
-0.567625,-0.823287
-0.567625,-0.823287
-0.612995,-0.769407
-0.59031,-0.796347
-0.59031,-0.796347
-0.59031,-0.796347
-0.59031,-0.796347
-0.567625,-0.823287
-0.593018,-0.789515
-0.586168,-0.793655
-0.593018,-0.789515
-0.618411,-0.755743
-0.694591,-0.654427
-0.694591,-0.654427
-0.669198,-0.688199
-0.643804,-0.721971
-0.643804,-0.721971
-0.568755,-0.635246
-0.594148,-0.601474
-0.594148,-0.601474
-0.619541,-0.567702
-0.643804,-0.721971
-0.618411,-0.755743
-0.593018,-0.789515
-0.593018,-0.789515
-0.593018,-0.789515
-0.567625,-0.823287
-0.567625,-0.823287
-0.567625,-0.823287
-0.567625,-0.823287
-0.567625,-0.823287
-0.567625,-0.823287
-0.567625,-0.823287
-0.567625,-0.823287
-0.567625,-0.823287
-0.567625,-0.823287
-0.567625,-0.823287
-0.567625,-0.823287
-0.567625,-0.823287
-0.567625,-0.823287
-0.580214,-0.786178
-0.572366,-0.790831
-0.572366,-0.790831
-0.572366,-0.790831
-0.564518,-0.795483
-0.60065,-0.744417
-0.551929,-0.832593
-0.559777,-0.82794
-0.567625,-0.823287
-0.567625,-0.823287
-0.567625,-0.823287
-0.595956,-0.776502
-0.624287,-0.729717
-0.677716,-0.650024
-0.674483,-0.663901
-0.649385,-0.696809
-0.646152,-0.710686
-0.702814,-0.617115
-0.731244,-0.569479
-0.696349,-0.644869
-0.718214,-0.625837
-0.718214,-0.625837
-0.668018,-0.691654
-0.668018,-0.691654
-0.626928,-0.6642
-0.668018,-0.691654
-0.668018,-0.691654
-0.492245,-0.712664
-0.391768,-0.634949
-0.29129,-0.557234
-0.391768,-0.634949
-0.29129,-0.557234
-0.065236,-0.434712
-0.065236,-0.434712
-0.266192,-0.590142
-0.147094,-0.393706
-0.271328,-0.548406
-0.194607,-0.547675
-0.271328,-0.548406
-0.194607,-0.547675
-0.194607,-0.547675
-0.323508,-0.577805
-0.40023,-0.578535
-0.505375,-0.53168
-0.51518,-0.365373
-0.562224,-0.436509
-0.666116,-0.412473
-0.722964,-0.317302
-0.69454,-0.364888
-0.635244,-0.246882
-0.670596,-0.095012
-0.743944,-0.052041
-0.656223,0.018379
-0.358279,0.083808
-0.624732,0.01448
-0.68839,0.02106
-0.719262,-0.144532
-0.690837,-0.192118
-0.606859,-0.166602
-0.662413,-0.239703
-0.608154,0.001669
-0.629013,-0.118299
-0.609295,0.016021
-0.543938,0.167165
-0.542644,-0.001107
-0.336399,-0.026932
-0.212837,-0.246544
-0.110362,-0.17532
-0.198183,-0.049035
-0.144363,-0.172613
0.17959,-0.012136
0.150726,-0.329501
0.253202,-0.258278
0.346807,-0.163689
0.346807,-0.163689
0.141856,-0.306136
-0.16557,-0.519807
-0.063095,-0.448583
-0.056874,-0.312827
-0.314251,-0.193576
-0.314251,-0.193576
-0.300183,-0.076407
-0.374523,0.086708
-0.441016,0.231237
-0.441016,0.231237
-0.441016,0.231237
-0.374776,0.117562
-0.441016,0.231237
-0.426949,0.348406
-0.412881,0.465576
-0.384746,0.699914
-0.384746,0.699914
-0.384746,0.699914
-0.412881,0.465576
-0.313825,0.546867
-0.313825,0.546867
-0.412881,0.465576
-0.381454,0.586819
-0.367387,0.703988
-0.332669,0.712136
-0.332669,0.712136
-0.367387,0.703988
-0.350028,0.708062
-0.308417,0.822104
-0.259631,0.947421
-0.224913,0.955568
-0.287174,0.950548
-0.269815,0.954622
-0.321893,0.942401
-0.26165,0.836711
-0.304534,0.946474
-0.304534,0.946474
-0.304534,0.946474
-0.287174,0.950548
-0.233677,0.826828
-0.252456,0.958696
-0.252456,0.958696
-0.137782,0.881643
-0.071765,0.845153
-0.321893,0.942401
-0.304534,0.946474
-0.20896,0.926745
-0.148105,0.898868
-0.148105,0.898868
-0.08725,0.87099
-0.08725,0.87099
0.112145,0.785269
-0.094641,0.727854
-0.021042,0.480441
0.213601,0.409031
0.2466,0.509979
0.375172,0.591197
0.375172,0.591197
0.347316,0.720023
0.269102,0.743826
0.425531,0.696219
0.269102,0.743826
0.190888,0.767629
0.269102,0.743826
0.347316,0.720023
0.269102,0.743826
0.148431,0.663568
0.304859,0.615962
0.228815,0.566075
0.309199,0.468581
0.06479,0.515182
0.149068,0.693436
-0.00736,0.741043
-0.085574,0.764846
-0.043754,0.83904
-0.121968,0.862843
-0.234199,0.857599
-0.234199,0.857599
-0.34643,0.852356
-0.312413,0.881403
-0.278397,0.91045
-0.278397,0.91045
-0.356611,0.934253
-0.356611,0.934253
-0.356611,0.934253
-0.366926,0.814677
-0.366926,0.814677
-0.366926,0.814677
-0.304334,0.587757
-0.231428,0.480413
-0.377241,0.695102
-0.377241,0.695102
-0.377241,0.695102
-0.366926,0.814677
-0.302363,0.590006
-0.383753,0.573347
-0.412796,0.213531
-0.307963,0.552763
-0.307963,0.552763
-0.307963,0.552763
-0.375339,0.694012
-0.366926,0.814677
-0.366926,0.814677
-0.366926,0.814677
-0.366926,0.814677
-0.377241,0.695102
-0.377241,0.695102
-0.401658,0.704252
-0.351477,0.703182
-0.446412,0.648649
-0.418071,0.711352
-0.428092,0.766173
-0.428092,0.766173
-0.3635,0.931476
-0.358907,0.933327
-0.356611,0.934253
-0.356611,0.934253
-0.28842,0.921685
-0.28842,0.921685
-0.28842,0.921685
-0.356611,0.934253
-0.356611,0.934253
-0.356611,0.934253
-0.356611,0.934253
-0.266284,0.875862
-0.266284,0.875862
-0.266284,0.875862
-0.356611,0.934253
-0.352219,0.808183
-0.352219,0.808183
-0.352219,0.808183
-0.352219,0.808183
-0.352219,0.808183
-0.352219,0.808183
-0.277804,0.667844
-0.277804,0.667844
-0.277804,0.667844
-0.286588,0.919985
-0.286588,0.919985
-0.235106,0.791918
-0.235106,0.791918
-0.165083,0.77765
-0.272189,0.56432
-0.272189,0.56432
-0.224612,0.433363
-0.075459,0.395135
-0.19306,0.54036
-0.246541,0.312845
-0.226,0.782226
-0.244541,0.668427
-0.151424,0.763112
-0.226,0.782226
-0.311945,0.795708
-0.364595,0.665012
-0.464474,-0.01215
-0.561789,-0.0043
-0.524706,0.223298
-0.528904,0.325833
-0.510362,0.439632
-0.503191,0.547799
-0.51456,0.542166
-0.511586,0.752868
-0.500216,0.7585
-0.477201,0.756401
-0.477201,0.756401
-0.405655,0.643899
-0.409853,0.746434
-0.409853,0.746434
-0.409853,0.746434
-0.409853,0.746434
-0.435644,0.868102
-0.265347,0.685102
-0.335053,0.798762
-0.38989,0.877267
-0.298381,0.895598
-0.344135,0.886432
-0.407437,0.861458
-0.407437,0.861458
-0.435644,0.868102
-0.435644,0.868102
-0.435644,0.868102
-0.367168,0.755116
-0.412922,0.745951
-0.38989,0.877267
-0.38989,0.877267
-0.38989,0.877267
-0.298381,0.895598
-0.299121,0.895132
-0.252627,0.904763
-0.298381,0.895598
-0.344135,0.886432
-0.38989,0.877267
-0.252627,0.904763
-0.298381,0.895598
-0.252627,0.904763
-0.298381,0.895598
-0.38989,0.877267
-0.344135,0.886432
-0.198839,0.821705
-0.344135,0.886432
-0.344135,0.886432
-0.252627,0.904763
0.023446,0.878482
-0.159571,0.84182
-0.068836,0.900788
0.069201,0.887648
0.023446,0.878482
0.069201,0.887648
0.114955,0.896813
0.114955,0.896813
0.114955,0.896813
0.208011,0.83387
0.253765,0.843035
0.160709,0.905979
0.43833,0.798423
0.43833,0.798423
0.43833,0.798423
0.363821,0.75162
0.484858,0.766952
0.484858,0.766952
0.43833,0.798423
0.345274,0.861366
0.262836,0.795296
0.372702,0.582484
0.324342,0.613369
0.231286,0.676312
0.167947,0.857653
0.159162,0.987252
0.159162,0.987252
0.159162,0.987252
0.159162,0.987252
0.159162,0.987252
0.159162,0.987252
0.159162,0.987252
0.159162,0.987252
0.206615,0.954194
0.206615,0.954194
0.206615,0.954194
0.206615,0.954194
0.159162,0.987252
0.159162,0.987252
0.159162,0.987252
0.159162,0.987252
0.159162,0.987252
0.159162,0.987252
0.159162,0.987252
0.159162,0.987252
0.159162,0.987252
0.159162,0.987252
0.159162,0.987252
0.159162,0.987252
0.159162,0.987252
0.159162,0.987252
0.159162,0.987252
0.203983,0.884398
0.203983,0.884398
0.203983,0.884398
0.248803,0.781543
0.248803,0.781543
0.293624,0.678688
0.293624,0.678688
0.293624,0.678688
0.383265,0.472979
0.35781,0.334049
0.332355,0.195118
0.287534,0.297973
0.332355,0.195118
0.492272,0.025484
0.447451,0.128339
0.421996,-0.010591
0.581913,-0.180225
0.78665,-0.452714
0.712527,-0.479669
0.712527,-0.479669
0.681995,-0.380789
0.712527,-0.479669
0.712527,-0.479669
0.757347,-0.582524
0.831471,-0.555569
0.831471,-0.555569
0.831471,-0.555569
0.831471,-0.555569
0.831471,-0.555569
0.74523,-0.577652
0.74523,-0.577652
0.74523,-0.577652
0.729762,-0.487252
0.729762,-0.487252
0.729762,-0.487252
0.635113,-0.405119
0.705885,-0.292637
0.698824,-0.306454
0.74523,-0.577652
0.831471,-0.555569
0.836874,-0.491262
0.723938,-0.476939
0.674458,-0.506302
0.781991,-0.584931
0.781991,-0.584931
0.683032,-0.643656
0.633553,-0.673019
0.732512,-0.614294
0.683032,-0.643656
0.633553,-0.673019
0.510079,-0.753771
0.458444,-0.758071
0.382293,-0.784399
0.408964,-0.787434
0.408964,-0.787434
0.359485,-0.816796
0.390208,-0.667898
0.416879,-0.670933
0.416879,-0.670933
0.485115,-0.761106
0.534594,-0.731744
0.534594,-0.731744
0.485115,-0.761106
0.386156,-0.819831
0.409803,-0.660435
0.360324,-0.689797
0.310845,-0.71916
0.34406,-0.557161
0.351444,-0.265127
0.372492,-0.396463
0.541978,-0.43971
0.612505,-0.541683
0.563026,-0.571046
0.513546,-0.600408
0.438838,-0.568999
0.438838,-0.568999
0.438838,-0.568999
0.544306,-0.474121
0.445347,-0.532846
0.445347,-0.532846
0.366498,-0.63958
0.584074,-0.702381
0.633553,-0.673019
0.683032,-0.643656
0.732512,-0.614294
0.683032,-0.643656
0.683032,-0.643656
0.732512,-0.614294
0.640088,-0.627107
0.472535,-0.654621
0.59472,-0.614473
0.644199,-0.58511
0.549351,-0.601838
0.644199,-0.58511
0.741472,-0.564467
0.747435,-0.492418
0.743896,-0.560553
0.630396,-0.564147
0.741413,-0.563095
0.838685,-0.542452
0.838685,-0.542452
0.831353,-0.552824
0.831353,-0.552824
0.75491,-0.600932
0.724742,-0.512245
0.620614,-0.469123
0.66126,-0.441154
0.722979,-0.412419
0.669917,-0.223301
0.649505,-0.120327
0.598867,0.072706
0.598867,0.072706
0.548229,0.265739
0.352811,-0.215911
0.311989,-0.009964
0.321981,-0.230965
0.221304,-0.377988
0.183024,-0.399981
0.178967,-0.366582
0.16364,-0.491067
0.145771,-0.616033
0.320527,-0.604355
0.393092,-0.70582
0.279881,-0.632323
0.239235,-0.660292
0.239235,-0.660292
0.242338,-0.629978
0.210419,-0.500545
0.105936,-0.269645
0.164148,-0.655602
0.165471,-0.83025
0.224882,-0.944783
0.227984,-0.91447
0.265528,-0.916815
0.306174,-0.888846
0.224882,-0.944783
0.265528,-0.916815
0.201554,-0.896807
0.2422,-0.868839
0.206802,-0.838769
0.206802,-0.838769
0.192442,-0.8032
0.378354,-0.739302
0.29276,-0.624647
0.224791,-0.555126
0.111053,-0.091811
-0.012165,0.293904
0.00154,0.070235
0.134936,-0.052179
-0.041144,-0.047558
-0.076602,-0.167179
-0.112061,-0.2868
-0.048823,-0.089012
-0.060631,-0.214049
-0.132976,-0.280406
-0.039643,-0.223636
0.023521,-0.022655
0.071758,-0.423342
0.080865,-0.554773
-0.082039,-0.424625
0.039617,-0.462384
-0.072931,-0.556056
0.089973,-0.686204
-0.079066,-0.525285
-0.323422,-0.330063
-0.443149,-0.27326
-0.344929,-0.343166
-0.473764,-0.154932
-0.623354,-0.206032
-0.750959,-0.192966
-0.588055,-0.323113
-0.588055,-0.323113
-0.506603,-0.388187
-0.425151,-0.453261
-0.506603,-0.388187
-0.669507,-0.258039
-0.588055,-0.323113
-0.750959,-0.192966
-0.750959,-0.192966
-0.832411,-0.127892
-0.918548,-0.064065
-0.918548,-0.064065
-0.918548,-0.064065
-0.837096,-0.129138
-0.918548,-0.064065
-0.918548,-0.064065
-0.999999,0.001009
-0.999999,0.001009
-0.999999,0.001009
-0.999999,0.001009
-0.999999,0.001009
-0.999999,0.001009
-0.975301,0.052741
-0.975301,0.052741
-0.975301,0.052741
-0.950602,0.104473
-0.950602,0.104473
-0.950602,0.104473
-0.950602,0.104473
-0.828039,0.140739
-0.950602,0.104473
-0.858192,0.165902
-0.701374,0.204901
-0.46638,0.113262
-0.554244,0.066274
-0.686363,0.079007
-0.661664,0.130739
-0.769085,0.195204
-0.719687,0.298668
-0.587567,0.285935
-0.636965,0.182471
-0.382545,0.068366
-0.539363,0.029367
-0.688158,0.186161
-0.871441,0.134122
-0.93572,0.067566
-0.93572,0.067566
-0.93572,0.067566
-0.999999,0.001009
-0.999999,0.001009
-0.999999,0.001009
-0.934187,0.067603
-0.934187,0.067603
-0.934187,0.067603
-0.999999,0.001009
-0.999434,-0.007721
-0.999999,0.001009
-0.981177,0.047368
-0.999999,0.001009
-0.999999,0.001009
-0.874439,-0.030298
-0.999999,0.001009
-0.999999,0.001009
-0.877417,0.037245
-0.877417,0.037245
-0.754835,0.073481
-0.877417,0.037245
-0.999999,0.001009
-0.999999,0.001009
-0.999999,0.001009
-0.999999,0.001009
-0.999999,0.001009
-0.999999,0.001009
-0.999999,0.001009
-0.999999,0.001009
-0.999999,0.001009
-0.999999,0.001009
-0.999999,0.001009
-0.749321,0.014599
-0.749321,0.014599
-0.87825,0.038496
-0.7565,0.075983
-0.634751,0.11347
-0.634751,0.11347
-0.7565,0.075983
-0.7565,0.075983
-0.789317,0.101267
-0.789317,0.101267
-0.789317,0.101267
-0.911066,0.06378
-0.911066,0.06378
-0.894725,0.107437
-0.911066,0.06378
-0.822133,0.126551
-0.377467,0.440406
-0.288534,0.503177
-0.1996,0.565948
-0.070512,0.542471
-0.021734,0.69149
0.067199,0.754261
0.067199,0.754261
0.157515,0.816524
0.156133,0.817032
0.245066,0.879802
0.333999,0.942573
0.333999,0.942573
0.333999,0.942573
0.372278,0.851829
0.333999,0.942573
0.333999,0.942573
0.333999,0.942573
0.333999,0.942573
0.333999,0.942573
0.333999,0.942573
0.333999,0.942573
0.333999,0.942573
0.333999,0.942573
0.333999,0.942573
0.333999,0.942573
0.333999,0.942573
0.333999,0.942573
0.333999,0.942573
0.333999,0.942573
0.333999,0.942573
0.377236,0.892136
0.333999,0.942573
0.333999,0.942573
0.333999,0.942573
0.25962,0.838158
0.25962,0.838158
0.18524,0.733742
0.080831,0.371107
0.15521,0.475523
0.183841,0.273577
0.316882,0.434266
0.493568,0.522117
0.537214,0.449281
0.514721,0.314764
0.376747,0.203184
0.084332,0.045563
0.084332,0.045563
0.155665,0.301852
0.191332,0.429996
0.226999,0.558141
0.226999,0.558141
0.226999,0.558141
0.226999,0.558141
0.226999,0.558141
0.191332,0.429996
0.155665,0.301852
0.084332,0.045563
0.048665,-0.082581
0.020732,-0.211844
-0.086268,-0.596277
-0.121935,-0.724422
-0.005622,-0.767865
0.070368,-0.725514
0.062635,-0.724395
0.062635,-0.724395
0.142076,-0.668201
0.025013,-0.781469
-0.059835,-0.780436
-0.059835,-0.780436
-0.059835,-0.780436
-0.197649,-0.98019
-0.201002,-0.979591
-0.201002,-0.979591
-0.201002,-0.979591
-0.213371,-0.9305
-0.213371,-0.9305
-0.175403,-0.927169
-0.163034,-0.97626
-0.163034,-0.97626
-0.125067,-0.972929
-0.163034,-0.97626
-0.201002,-0.979591
-0.201002,-0.979591
-0.201002,-0.979591
-0.201002,-0.979591
-0.155049,-0.856106
-0.297386,-0.900002
-0.299688,-0.893516
-0.298252,-0.83927
-0.247758,-0.885551
-0.294514,-0.79151
-0.341271,-0.69747
-0.294514,-0.79151
-0.247758,-0.885551
-0.201002,-0.979591
-0.201002,-0.979591
-0.201002,-0.979591
-0.201002,-0.979591
-0.201002,-0.979591
-0.201002,-0.979591
-0.201002,-0.979591
-0.124165,-0.893786
-0.124165,-0.893786
-0.094899,-0.741793
-0.14795,-0.860692
-0.14795,-0.860692
-0.14795,-0.860692
-0.14795,-0.860692
-0.201002,-0.979591
-0.198394,-0.980072
-0.198394,-0.980072
-0.195787,-0.980553
-0.193179,-0.981035
-0.193179,-0.981035
-0.193179,-0.981035
-0.156563,-0.976709
-0.153955,-0.977191
-0.114732,-0.973347
-0.075508,-0.969503
-0.075508,-0.969503
-0.115204,-0.842833
-0.073373,-0.839471
-0.105247,-0.714245
-0.148023,-0.456581
-0.175871,-0.723376
-0.180614,-0.852927
-0.183221,-0.852446
-0.180614,-0.852927
-0.183221,-0.852446
-0.180141,-0.983441
-0.177533,-0.983922
-0.172707,-0.984729
-0.1701,-0.98521
-0.167882,-0.985536
-0.304481,-0.896152
-0.349248,-0.858729
-0.401449,-0.820017
-0.354074,-0.857922
-0.316907,-0.685963
-0.366776,-0.622257
-0.319515,-0.685482
-0.263699,-0.729961
-0.224107,-0.754815
-0.226715,-0.754334
-0.229322,-0.753853
-0.224107,-0.754815
-0.287585,-0.862619
-0.232577,-0.907647
-0.244105,-0.905332
-0.2404,-0.906203
-0.347881,-0.754135
-0.353096,-0.753172
-0.350073,-0.753597
-0.355704,-0.752691
-0.355704,-0.752691
-0.253438,-0.903797
-0.253438,-0.903797
-0.253438,-0.903797
-0.253438,-0.903797
-0.253438,-0.903797
-0.201002,-0.979591
-0.201002,-0.979591
-0.181845,-0.847867
-0.181845,-0.847867
-0.181845,-0.847867
-0.181845,-0.847867
-0.181845,-0.847867
-0.158135,-0.974086
-0.115269,-0.968581
-0.15339,-0.945584
-0.15339,-0.945584
-0.158135,-0.974086
-0.115269,-0.968581
-0.072403,-0.963076
-0.073658,-0.962806
-0.030791,-0.957301
-0.030791,-0.957301
-0.073658,-0.962806
-0.211938,-0.787092
-0.211938,-0.787092
-0.167435,-0.885438
-0.21709,-0.802835
-0.209046,-0.891213
-0.259956,-0.80834
-0.302823,-0.813845
-0.251912,-0.896718
-0.201002,-0.979591
-0.201002,-0.979591
-0.179556,-0.848105
-0.179556,-0.848105
-0.179556,-0.848105
-0.201002,-0.979591
-0.201002,-0.979591
-0.201002,-0.979591
-0.201002,-0.979591
-0.201002,-0.979591
-0.201002,-0.979591
-0.201002,-0.979591
-0.201002,-0.979591
-0.201002,-0.979591
-0.24753,-0.885079
-0.24753,-0.885079
-0.24753,-0.885079
-0.349083,-0.718366
-0.302555,-0.812878
-0.234761,-0.897497
-0.26852,-0.815403
-0.319296,-0.732047
-0.302279,-0.733309
-0.302279,-0.733309
-0.404821,-0.443747
-0.53041,-0.143449
-0.369797,-0.569121
-0.232382,-0.738707
-0.047846,-0.990953
-0.064863,-0.98969
-0.033956,-0.980152
0.030987,-0.973139
0.140726,-0.945788
0.126836,-0.956588
0.095929,-0.966126
0.133178,-0.966577
0.160871,-0.959113
0.122159,-0.873618
0.091251,-0.883156
0.046047,-0.719013
0.123063,-0.705523
0.147478,-0.617337
0.510725,-0.205942
0.510725,-0.205942
0.510725,-0.205942
0.461895,-0.382312
0.572805,-0.310407
0.517483,-0.40813
0.500731,-0.530408
0.569039,-0.58998
0.617868,-0.41361
0.617868,-0.41361
0.580468,-0.3445
0.591937,-0.181173
0.616351,-0.092988
0.664011,0.038828
0.627821,0.070339
0.529816,0.082773
0.59042,0.139448
0.681932,0.205661
0.6628,0.076427
0.607478,-0.021296
0.718122,0.17415
0.718122,0.17415
0.6628,0.076427
0.552156,-0.119019
0.607478,-0.021296
0.6628,0.076427
0.662069,0.077774
0.495371,-0.214048
0.396306,-0.406315
0.314053,-0.30005
0.357064,-0.20416
0.24642,-0.399606
0.305683,-0.505323
0.235834,-0.602245
0.074657,-0.619475
0.185301,-0.424028
0.178038,-0.556421
0.356404,-0.40924
0.411726,-0.311517
0.464853,-0.209753
0.533238,-0.110137
0.47938,-0.210554
0.440049,-0.311771
0.715195,0.179538
0.713731,0.182232
0.769053,0.279955
0.621637,0.211787
0.620905,0.213134
0.878965,0.476748
0.879697,0.475401
0.837466,0.378176
0.836734,0.379523
0.83527,0.382217
0.876769,0.480789
0.80314,0.322908
0.617257,0.203422
0.597335,0.213847
0.505166,0.123071
0.320096,-0.057136
0.413729,0.030947
0.414461,0.0296
0.320096,-0.057136
0.320096,-0.057136
0.227195,-0.146565
0.227195,-0.146565
0.227927,-0.147912
0.255126,-0.157228
0.055823,-0.449424
0.095791,-0.344056
0.189423,-0.255974
-0.064276,-0.529538
-0.130711,-0.626936
-0.091475,-0.520222
-0.091475,-0.520222
0.095791,-0.344056
0.056555,-0.450771
0.150188,-0.362688
0.122989,-0.353372
0.122989,-0.353372
0.283056,-0.167891
0.095791,-0.344056
-0.118674,-0.510906
-0.25231,-0.485965
-0.25231,-0.485965
-0.171967,-0.472034
-0.321306,-0.456051
-0.441034,-0.514578
-0.441034,-0.514578
-0.354437,-0.336584
-0.141077,-0.189974
-0.017832,-0.176402
-0.132117,-0.065732
-0.211293,-0.033366
-0.334539,-0.046938
-0.22645,0.161594
-0.196837,0.087083
-0.334539,-0.046938
-0.240906,0.041145
-0.147273,0.129228
-0.138313,0.253469
-0.138313,0.253469
-0.433667,-0.131228
-0.448123,-0.251677
-0.462579,-0.372125
-0.462579,-0.372125
-0.460533,-0.048709
-0.431621,0.192189
-0.346931,0.591465
-0.346931,0.591465
-0.346931,0.591465
-0.332475,0.711914
-0.321996,0.594445
-0.321996,0.594445
-0.392378,0.516543
-0.306266,0.531038
-0.291652,0.533946
-0.260819,0.605959
-0.246363,0.726408
-0.088596,0.634948
-0.088596,0.634948
-0.01694,0.528994
0.054716,0.42304
0.010878,0.341111
0.01827,0.352146
0.247216,0.120612
0.133763,0.32812
0.269683,0.105176
0.126372,0.317085
0.33305,-0.124554
0.324761,-0.24833
0.261394,-0.018599
0.412995,-0.106732
0.126372,0.317085
0.054716,0.42304
0.198027,0.211131
0.412995,-0.106732
0.412995,-0.106732
0.48465,-0.212687
0.627962,-0.424595
0.412995,-0.106732
0.269683,0.105176
0.341339,-0.000778
0.198027,0.211131
0.269683,0.105176
0.269683,0.105176
0.126372,0.317085
0.054716,0.42304
0.054716,0.42304
0.126372,0.317085
-0.088596,0.634948
-0.160251,0.740903
-0.231907,0.846857
-0.231907,0.846857
-0.231907,0.846857
-0.231907,0.846857
-0.303563,0.952811
-0.303563,0.952811
-0.303563,0.952811
-0.303563,0.952811
-0.303563,0.952811
-0.303563,0.952811
-0.303563,0.952811
-0.303563,0.952811
-0.303563,0.952811
-0.303563,0.952811
-0.303563,0.952811
-0.260785,0.82655
-0.260785,0.82655
-0.260785,0.82655
-0.218006,0.700289
-0.175228,0.574028
-0.260785,0.82655
-0.260785,0.82655
-0.20618,0.705904
-0.20618,0.705904
-0.20618,0.705904
-0.260785,0.82655
-0.218006,0.700289
-0.218006,0.700289
-0.175228,0.574028
-0.175228,0.574028
-0.175228,0.574028
-0.137447,0.665153
-0.033645,0.655446
-0.076423,0.781707
-0.038641,0.872832
-0.038641,0.872832
0.041918,0.837696
0.070577,0.807413
0.203038,0.767423
0.122478,0.802559
0.151137,0.772276
0.151838,0.772496
0.151838,0.772496
0.151838,0.772496
0.155242,0.72453
0.294659,0.649205
0.347483,0.643844
0.060091,0.60284
0.083885,0.683814
0.25699,0.555696
0.058556,0.401075
0.092635,0.342486
0.190464,0.149003
0.052377,-0.092548
0.13928,-0.156497
0.086456,-0.151136
0.184285,-0.34462
-0.043644,-0.541373
-0.130546,-0.477424
-0.11962,-0.606958
-0.150591,-0.860665
-0.150591,-0.860665
-0.139664,-0.990199
-0.139664,-0.990199
-0.139664,-0.990199
-0.139664,-0.990199
-0.139664,-0.990199
-0.139664,-0.990199
-0.139664,-0.990199
-0.139664,-0.990199
-0.139664,-0.990199
-0.139664,-0.990199
-0.139664,-0.990199
-0.139664,-0.990199
-0.139664,-0.990199
-0.139664,-0.990199
-0.139664,-0.990199
-0.139664,-0.990199
-0.139664,-0.990199
-0.139664,-0.990199
-0.139664,-0.990199
-0.139664,-0.990199
-0.191253,-0.897063
-0.139664,-0.990199
-0.139664,-0.990199
-0.19702,-0.924322
-0.19702,-0.924322
-0.19702,-0.924322
-0.129951,-0.891603
-0.129951,-0.891603
-0.129951,-0.891603
-0.187307,-0.825726
-0.187307,-0.825726
-0.187307,-0.825726
-0.177593,-0.72713
-0.234949,-0.661253
-0.113587,-0.611724
-0.100812,-0.595814
-0.354589,-0.398358
-0.479013,-0.3652
-0.364302,-0.496954
-0.249591,-0.628708
-0.134879,-0.760461
-0.125166,-0.661865
0.004186,-0.826164
-0.120238,-0.793006
-0.123526,-0.661528
-0.120238,-0.793006
-0.120238,-0.793006
-0.120238,-0.793006
-0.210393,-0.727859
-0.153037,-0.793736
-0.312489,-0.74435
-0.312489,-0.74435
-0.394487,-0.79353
-0.337132,-0.859407
-0.337487,-0.715511
-0.372515,-0.699283
-0.280131,-0.781388
-0.280131,-0.781388
-0.245103,-0.797617
-0.350187,-0.748931
-0.392158,-0.868981
-0.462214,-0.836523
-0.244748,-0.941513
-0.244748,-0.941513
-0.244748,-0.941513
-0.38486,-0.876598
-0.335241,-0.757484
-0.250594,-0.654599
-0.180538,-0.687056
-0.175353,-0.462484
-0.041211,-0.096685
-0.046396,-0.321256
-0.053614,-0.319828
0.045749,-0.225401
-0.001276,-0.341863
0.020533,-0.207949
0.02831,-0.065865
0.056121,-0.080666
0.055819,0.097659
-0.133449,-0.020926
-0.195986,-0.168221
-0.321301,-0.354184
-0.490596,-0.559955
-0.321301,-0.354184
-0.29919,-0.398594
-0.321301,-0.354184
-0.088317,-0.372986
-0.190051,-0.43568
-0.428059,-0.41266
-0.532175,-0.379792
-0.572182,-0.261699
-0.473261,-0.275609
-0.540011,-0.452178
-0.540011,-0.452178
-0.348606,-0.290817
-0.348606,-0.290817
-0.157201,-0.129456
-0.072554,-0.026571
-0.241848,-0.232342
-0.411143,-0.438112
-0.580437,-0.643883
-0.665084,-0.746768
-0.67454,-0.736361
-0.67454,-0.736361
-0.683996,-0.725953
-0.683996,-0.725953
-0.695056,-0.671137
-0.734359,-0.534693
-0.753147,-0.463474
-0.712116,-0.593922
-0.730904,-0.522703
-0.730904,-0.522703
-0.67454,-0.736361
-0.67454,-0.736361
-0.67454,-0.736361
-0.67454,-0.736361
-0.683996,-0.725953
-0.67454,-0.736361
-0.665084,-0.746768
-0.665084,-0.746768
-0.665084,-0.746768
-0.665084,-0.746768
-0.665084,-0.746768
-0.665084,-0.746768
-0.665084,-0.746768
-0.584954,-0.640739
-0.504824,-0.53471
-0.424694,-0.428681
-0.344564,-0.322652
-0.504824,-0.53471
-0.584954,-0.640739
-0.576926,-0.535044
-0.576926,-0.535044
-0.477828,-0.568545
-0.370702,-0.49635
-0.370702,-0.49635
-0.290572,-0.390321
-0.058653,-0.436145
0.045363,-0.416077
0.045363,-0.416077
-0.034767,-0.522106
-0.037877,-0.574232
0.170156,-0.534096
-0.037877,-0.574232
-0.040987,-0.626359
-0.012149,-0.511735
0.06303,-0.60629
0.068581,-0.502285
-0.133901,-0.438415
-0.243468,-0.562489
-0.139452,-0.542421
0.183725,-0.334846
0.074132,-0.398279
0.271062,-0.566154
0.34191,-0.334449
0.273318,-0.238665
0.273318,-0.238665
0.271062,-0.566154
0.156735,-0.511702
0.156735,-0.511702
0.375079,-0.546086
0.167046,-0.586222
0.06303,-0.60629
-0.249019,-0.666495
-0.457052,-0.706632
-0.537427,-0.613543
-0.641443,-0.633611
-0.641443,-0.633611
-0.665084,-0.746768
-0.665084,-0.746768
-0.665084,-0.746768
-0.665084,-0.746768
-0.665084,-0.746768
-0.665084,-0.746768
-0.684711,-0.715767
-0.684711,-0.715767
-0.665084,-0.746768
-0.554388,-0.703397
-0.554388,-0.703397
-0.332995,-0.616655
-0.554388,-0.703397
-0.443692,-0.660026
-0.554388,-0.703397
-0.665084,-0.746768
-0.665084,-0.746768
-0.532203,-0.397415
-0.62079,-0.630317
-0.62079,-0.630317
-0.62079,-0.630317
-0.574876,-0.47764
-0.574876,-0.47764
-0.462346,-0.409961
-0.492701,-0.467697
-0.549008,-0.451898
-0.549008,-0.451898
-0.616587,-0.564167
-0.549008,-0.451898
-0.549008,-0.451898
-0.549179,-0.352482
-0.616759,-0.464751
-0.616587,-0.564167
-0.635669,-0.493835
-0.673834,-0.353171
-0.673834,-0.353171
-0.673834,-0.353171
-0.654752,-0.423503
-0.587172,-0.311234
-0.606254,-0.240901
-0.654752,-0.423503
-0.509497,-0.013928
-0.555336,-0.05195
-0.401095,0.102256
-0.458049,0.110208
-0.587427,0.15528
-0.645611,0.109367
-0.768954,-0.042466
-0.840439,0.251563
-0.836285,0.256423
-0.833864,0.262773
-0.828332,0.283314
-0.842571,0.366346
-0.770743,0.40523
-0.842571,0.366346
-0.580416,0.640843
-0.580416,0.640843
-0.524653,0.680406
-0.580416,0.640843
-0.46889,0.719969
-0.418047,0.722679
-0.47381,0.683116
-0.418047,0.722679
-0.362284,0.762242
-0.306521,0.801805
-0.31144,0.764952
-0.190075,0.917784
-0.078549,0.99691
-0.078549,0.99691
-0.078549,0.99691
-0.078549,0.99691
-0.078549,0.99691
-0.078549,0.99691
-0.078549,0.99691
-0.078549,0.99691
-0.078549,0.99691
-0.078549,0.99691
-0.133805,0.902429
-0.18906,0.807948
-0.078549,0.99691
-0.078549,0.99691
-0.050557,0.993112
0.019523,0.911169
0.019523,0.911169
-0.0006,0.906363
0.041489,0.828218
0.041489,0.828218
0.091447,0.741469
0.161527,0.659526
0.251731,0.582388
0.412015,0.423307
0.482095,0.341364
0.412015,0.423307
0.482095,0.341364
0.552176,0.25942
0.692337,0.095534
0.622256,0.177477
0.622256,0.177477
0.55027,0.126677
0.478285,0.075876
0.55027,0.126677
0.690431,-0.03721
0.619211,-0.088088
0.55027,0.126677
0.208496,0.433799
0.179676,0.556217
0.008789,0.709777
-0.162098,0.863338
-0.100098,0.583242
-0.038646,0.603893
-0.051947,0.734899
-0.051947,0.734899
-0.082673,0.724573
0.080135,0.372859
0.018683,0.352207
0.049409,0.362533
0.03604,0.116487
0.080067,-0.004193
0.062253,0.155907
0.172074,0.360113
0.220614,0.210338
0.409634,-0.101956
0.449148,-0.193542
0.44075,-0.393062
0.265031,-0.211773
0.190278,-0.101419
0.042576,-0.013749
0.016363,-0.053169
0.164915,-0.139062
0.239668,-0.249416
0.239668,-0.249416
0.113493,-0.021642
0.218354,-0.266035
0.155266,-0.152148
0.296527,-0.377894
0.241685,-0.25897
0.288282,-0.382932
0.188124,-0.137145
-0.028564,0.238075
-0.138249,0.475925
-0.215339,0.589049
-0.15775,0.453124
-0.141183,0.459687
-0.137748,0.576301
-0.191308,0.698126
-0.108291,0.545228
-0.114306,0.659924
-0.164933,0.797987
-0.104897,0.774143
-0.021526,0.868791
0.020386,0.859976
0.093023,0.711416
0.124435,0.622712
-0.023578,0.344749
-0.00413,0.458711
-0.101282,0.206005
-0.190037,0.147148
-0.190037,0.147148
-0.029628,0.219833
-0.046897,0.351194
-0.260129,0.046311
-0.043459,0.233399
-0.242243,0.247281
-0.377771,0.081143
-0.268654,0.131182
-0.275617,0.129045
-0.49385,0.028966
-0.506336,-0.082859
-0.506336,-0.082859
-0.506791,-0.082973
-0.438085,-0.188569
-0.476982,-0.416492
-0.385046,-0.409785
-0.480164,-0.420289
-0.546143,-0.311011
-0.552651,-0.313034
-0.552651,-0.313034
-0.5721,-0.426995
-0.552651,-0.313034
-0.526694,-0.197049
-0.507246,-0.083088
-0.535851,-0.142983
-0.5553,-0.256945
-0.531103,-0.307391
-0.462127,-0.072228
-0.531103,-0.307391
-0.539635,-0.308988
-0.481214,-0.074997
-0.556984,-0.248788
-0.582941,-0.364772
-0.556984,-0.248788
-0.481214,-0.074997
-0.533127,-0.306965
-0.475251,-0.319278
-0.533127,-0.306965
-0.533127,-0.306965
-0.533127,-0.306965
-0.481214,-0.074997
-0.507171,-0.190981
-0.455258,0.040987
-0.481214,-0.074997
-0.429301,0.156971
-0.375503,0.274061
-0.375503,0.274061
-0.375503,0.274061
-0.40146,0.158077
-0.321705,0.391151
-0.260729,0.263054
-0.266022,0.393361
-0.293864,0.392256
-0.31982,0.276272
-0.302425,0.132722
-0.321705,0.391151
-0.297633,0.622014
-0.271135,0.42096
-0.245178,0.536944
-0.351431,0.504924
-0.325475,0.620908
-0.325475,0.620908
-0.299518,0.736893
-0.347991,0.657399
-0.322034,0.773384
-0.370507,0.69389
-0.370507,0.69389
-0.370507,0.69389
-0.370507,0.69389
-0.396464,0.577906
-0.444936,0.498413
-0.355065,0.465325
-0.321449,0.333221
-0.274949,0.277809
-0.22016,0.359255
-0.131503,0.381384
-0.108214,0.254288
-0.29568,0.486605
-0.142913,0.516184
-0.244373,0.823112
-0.201274,0.823982
-0.194959,0.825935
-0.134886,0.697757
-0.134886,0.697757
-0.132745,0.789707
-0.094683,0.758465
-0.112936,0.917672
-0.187077,0.825009
-0.236491,0.822187
-0.236491,0.822187
-0.236491,0.822187
-0.236491,0.822187
-0.285905,0.819364
-0.285905,0.819364
-0.173038,0.57894
-0.342338,0.939577
-0.342338,0.939577
-0.342338,0.939577
-0.342338,0.939577
-0.342338,0.939577
-0.342338,0.939577
-0.342338,0.939577
-0.342338,0.939577
-0.342338,0.939577
-0.426453,0.783637
-0.384396,0.861607
-0.300091,0.824745
-0.342149,0.746775
-0.384206,0.668805
-0.342149,0.746775
-0.384206,0.668805
-0.452419,0.482969
-0.407092,0.551313
-0.300452,0.528047
-0.511118,0.523801
-0.604937,0.333995
-0.631093,0.226129
-0.741364,-0.037677
-0.731109,0.100085
-0.725463,-0.067573
-0.709562,-0.097469
-0.493792,-0.002778
-0.509693,0.027118
-0.423081,-0.205696
-0.551192,-0.3843
-0.59804,-0.353114
-0.566237,-0.412906
-0.596147,-0.26896
-0.415161,-0.200156
-0.232282,-0.047198
-0.128727,-0.168923
-0.034753,-0.072337
0.031568,0.038933
-0.158636,-0.024977
-0.183755,0.009814
-0.342785,-0.167501
-0.314769,-0.395601
0.001575,-0.508314
0.027316,-0.448516
0.04828,-0.421271
0.174691,-0.431596
0.169914,-0.464148
0.08543,-0.399332
0.08543,-0.399332
0.127358,-0.344841
0.127358,-0.344841
0.485629,-0.403062
0.591077,-0.440633
0.586299,-0.473185
0.733675,-0.456265
0.860086,-0.46659
0.88105,-0.439345
0.860086,-0.46659
0.88105,-0.439345
0.863647,-0.455333
0.842684,-0.482579
0.860086,-0.46659
0.839123,-0.493836
0.860086,-0.46659
0.88105,-0.439345
0.860086,-0.46659
0.839123,-0.493836
0.818159,-0.521082
0.839123,-0.493836
0.839123,-0.493836
0.758277,-0.494058
0.494777,-0.521968
0.494777,-0.521968
0.494777,-0.521968
0.494777,-0.521968
0.575622,-0.521746
0.635504,-0.54877
0.635504,-0.54877
0.372004,-0.576681
0.35104,-0.603926
0.532982,-0.523277
0.803361,-0.454411
0.803361,-0.454411
0.657432,-0.235774
0.783303,-0.24397
0.784729,-0.349891
0.784729,-0.349891
0.784729,-0.349891
0.805692,-0.322645
0.805692,-0.322645
0.805692,-0.322645
0.453837,-0.13602
0.490282,-0.236381
0.292158,-0.212326
0.490282,-0.236381
0.490282,-0.236381
0.328604,-0.312687
0.166925,-0.388992
-0.11204,-0.403089
-0.11204,-0.403089
0.320655,-0.551561
0.357101,-0.651922
0.114583,-0.76638
-0.047096,-0.842685
-0.127936,-0.880838
-0.127936,-0.880838
-0.208775,-0.918991
-0.289615,-0.957143
-0.289615,-0.957143
-0.333595,-0.914289
-0.380841,-0.854351
-0.381433,-0.81432
-0.289615,-0.957143
-0.331235,-0.920393
-0.384167,-0.693798
-0.378469,-0.718543
-0.449364,-0.649577
-0.491673,-0.611219
-0.499095,-0.770176
-0.499095,-0.770176
-0.540715,-0.733426
-0.548175,-0.65131
-0.464934,-0.72481
-0.464934,-0.72481
-0.594559,-0.571089
-0.553628,-0.60623
-0.683942,-0.450901
-0.680557,-0.491155
-0.465179,-0.571693
-0.465624,-0.723201
-0.374234,-0.880426
-0.374234,-0.880426
-0.416544,-0.842068
-0.374234,-0.880426
-0.374234,-0.880426
-0.416544,-0.842068
-0.501163,-0.76535
-0.501163,-0.76535
-0.501163,-0.76535
-0.416544,-0.842068
-0.374234,-0.880426
-0.416544,-0.842068
-0.416544,-0.842068
-0.374234,-0.880426
-0.331924,-0.918785
-0.289615,-0.957143
-0.289615,-0.957143
-0.289615,-0.957143
-0.273006,-0.826722
-0.289615,-0.957143
-0.204994,-0.906699
-0.23351,-0.796443
-0.290544,-0.57593
-0.290544,-0.57593
-0.290544,-0.57593
-0.23351,-0.796443
-0.236514,-0.886028
-0.236514,-0.886028
-0.151894,-0.835583
-0.251795,-0.834287
-0.251795,-0.834287
-0.383218,-0.812319
-0.383218,-0.812319
-0.336416,-0.884731
-0.336416,-0.884731
-0.336416,-0.884731
-0.336416,-0.884731
-0.289615,-0.957143
-0.266687,-0.708261
-0.266687,-0.708261
-0.33082,-0.722723
-0.277351,-0.82704
-0.277351,-0.82704
-0.277351,-0.82704
-0.277351,-0.82704
-0.324575,-0.758993
-0.32472,-0.433517
-0.32472,-0.433517
-0.359536,-0.560842
-0.465704,-0.568576
-0.599011,-0.464676
-0.692915,-0.342307
-0.740683,-0.260533
-0.693459,-0.328581
-0.640685,-0.31004
-0.546237,-0.446135
-0.520601,-0.31596
-0.641773,-0.282587
-0.57296,-0.548858
-0.620184,-0.48081
-0.667408,-0.412762
-0.761856,-0.276667
-0.856305,-0.140572
-0.856305,-0.140572
-0.773334,-0.056977
-0.903529,-0.072524
-0.950753,-0.004477
-0.903529,-0.072524
-0.950753,-0.004477
-0.997977,0.063571
-0.997977,0.063571
-0.993398,0.083957
-0.993398,0.083957
-0.993398,0.083957
-0.878801,0.187703
-0.819213,0.249769
-0.938389,0.125637
-0.997977,0.063571
-0.997977,0.063571
-0.944267,0.124755
-0.890556,0.185939
-0.890556,0.185939
-0.944267,0.124755
-0.890556,0.185939
-0.890556,0.185939
-0.944267,0.124755
-0.783136,0.308307
-0.703657,0.244027
-0.597134,0.366213
-0.631814,0.147607
-0.739235,0.025239
-0.475615,-0.010402
-0.573952,-0.075276
-0.448398,-0.110512
-0.448398,-0.110512
-0.495762,-0.077372
-0.632257,-0.05732
-0.872424,0.028335
-0.997977,0.063571
-0.997977,0.063571
-0.919005,-0.006163
-0.76106,-0.14563
-0.840032,-0.075896
-0.603115,-0.285097
-0.76106,-0.14563
-0.636517,-0.156316
-0.636517,-0.156316
-0.636517,-0.156316
-0.557545,-0.22605
-0.603115,-0.285097
-0.682087,-0.215364
-0.997977,0.063571
-0.875446,0.095507
-0.752915,0.127442
-0.507854,0.191314
-0.630384,0.159378
-0.630384,0.159378
-0.752915,0.127442
-0.456986,0.287821
-0.406119,0.384329
-0.476901,0.433069
-0.598551,0.385302
-0.573998,0.449387
-0.426034,0.529576
-0.426915,0.545408
-0.646543,0.529791
-0.549445,0.513472
-0.524012,0.561726
-0.570241,0.674552
-0.544808,0.722806
-0.616471,0.787377
-0.616471,0.787377
-0.510034,0.748121
-0.403596,0.708865
-0.510034,0.748121
-0.510034,0.748121
-0.616471,0.787377
-0.616471,0.787377
-0.616471,0.787377
-0.616471,0.787377
-0.523008,0.693627
-0.523008,0.693627
-0.523008,0.693627
-0.442134,0.587634
-0.535598,0.681385
-0.535598,0.681385
-0.535598,0.681385
-0.516537,0.766234
-0.616471,0.787377
-0.616471,0.787377
-0.616471,0.787377
-0.616471,0.787377
-0.616471,0.787377
-0.616471,0.787377
-0.616471,0.787377
-0.616471,0.787377
-0.616471,0.787377
-0.616471,0.787377
-0.616471,0.787377
-0.616471,0.787377
-0.616471,0.787377
-0.616471,0.787377
-0.616471,0.787377
-0.616471,0.787377
-0.616471,0.787377
-0.616471,0.787377
-0.616471,0.787377
-0.616471,0.787377
-0.616471,0.787377
-0.616471,0.787377
-0.613365,0.789668
-0.613365,0.789668
-0.616471,0.787377
-0.537867,0.790001
-0.537867,0.790001
-0.537867,0.790001
-0.585233,0.668952
-0.585233,0.668952
-0.585233,0.668952
-0.553994,0.550527
-0.585233,0.668952
-0.585233,0.668952
-0.585233,0.668952
-0.616471,0.787377
-0.629898,0.696525
-0.616471,0.787377
-0.616471,0.787377
-0.517249,0.828448
-0.550323,0.814758
-0.550323,0.814758
-0.517249,0.828448
-0.517249,0.828448
-0.517249,0.828448
-0.550323,0.814758
-0.467625,0.814361
-0.219531,0.813171
-0.145863,0.83353
-0.303803,0.839387
-0.303803,0.839387
-0.228561,0.833927
-0.344333,0.820633
-0.410481,0.793253
-0.443555,0.779563
-0.451075,0.786584
-0.451075,0.786584
-0.451075,0.786584
-0.451075,0.786584
-0.616471,0.787377
-0.616471,0.787377
-0.616471,0.787377
-0.525045,0.691164
-0.342193,0.498738
-0.525045,0.691164
-0.616471,0.787377
-0.514774,0.762673
-0.514774,0.762673
-0.514774,0.762673
-0.514774,0.762673
-0.109144,0.605878
-0.109144,0.605878
-0.109144,0.605878
0.094251,0.556469
-0.107984,0.663856
-0.006286,0.639152
-0.006286,0.639152
0.095412,0.614448
0.302712,0.55409
0.40441,0.529386
0.40441,0.529386
0.327939,0.578132
-0.078851,0.676949
0.013467,0.644172
0.115165,0.619467
-0.054408,0.686004
-0.015665,0.631079
0.048967,0.524087
-0.151016,0.567018
-0.252713,0.591722
-0.248023,0.595759
-0.311379,0.713265
-0.311379,0.713265
-0.311379,0.713265
-0.297474,0.721641
-0.194798,0.694697
-0.093101,0.669992
-0.106027,0.659375
-0.107005,0.661616
-0.00433,0.634671
-0.107005,0.661616
-0.413076,0.737969
-0.413076,0.737969
-0.311379,0.713265
-0.215572,0.698871
-0.31727,0.723575
-0.418967,0.748279
-0.311379,0.713265
-0.413076,0.737969
-0.335156,0.629902
-0.487469,0.692733
-0.487469,0.692733
-0.436386,0.706156
-0.565389,0.8008
-0.565389,0.8008
-0.616471,0.787377
-0.616471,0.787377
-0.616471,0.787377
-0.616471,0.787377
-0.530433,0.784128
-0.444394,0.780878
-0.616471,0.787377
-0.616471,0.787377
-0.616471,0.787377
-0.616471,0.787377
-0.618971,0.579416
-0.602038,0.692537
-0.621338,0.668268
-0.512774,0.712012
-0.516391,0.696883
-0.658688,0.723709
-0.658688,0.723709
-0.643005,0.73285
-0.542693,0.745107
-0.438864,0.715183
-0.561993,0.720838
-0.581293,0.696568
-0.536743,0.573598
-0.536743,0.573598
-0.575344,0.525059
-0.487638,0.438266
-0.361333,0.400011
-0.507467,0.471567
-0.513722,0.444701
-0.58638,0.521057
-0.498386,0.572991
-0.498386,0.572991
-0.577588,0.483753
-0.394899,0.538132
-0.428144,0.406423
-0.481791,0.368321
-0.59095,0.351081
-0.59095,0.351081
-0.59095,0.351081
-0.803012,0.343467
-0.870288,0.333196
-0.870288,0.333196
-0.905973,0.423335
-0.905973,0.423335
-0.905973,0.423335
-0.905973,0.423335
-0.905973,0.423335
-0.905973,0.423335
-0.905973,0.423335
-0.905973,0.423335
-0.841579,0.328566
-0.849985,0.328592
-0.905973,0.423335
-0.905973,0.423335
-0.905973,0.423335
-0.905973,0.423335
-0.784852,0.367597
-0.784852,0.367597
-0.421487,0.200382
-0.66373,0.311858
-0.784852,0.367597
-0.784852,0.367597
-0.905973,0.423335
-0.905973,0.423335
-0.905973,0.423335
-0.905973,0.423335
-0.905973,0.423335
-0.905973,0.423335
-0.905973,0.423335
-0.79163,0.355941
-0.79163,0.355941
-0.727593,0.109181
-0.706247,0.026928
-0.727593,0.109181
-0.591904,-0.040466
-0.684901,-0.055326
-0.663555,-0.137579
-0.320526,-0.33976
-0.527866,-0.287226
-0.756553,-0.152439
-0.756553,-0.152439
-0.823263,0.200347
-0.801918,0.118093
-0.73788,-0.128667
-0.777898,-0.070185
-0.672183,-0.016897
-0.777898,-0.070185
-0.777898,-0.070185
-0.777898,-0.070185
-0.756553,-0.152439
-0.625046,-0.218551
-0.557577,-0.037902
-0.447417,-0.021761
-0.379948,0.158887
-0.379948,0.158887
-0.253386,0.028556
-0.296077,0.193063
-0.422639,0.323394
-0.198262,0.331236
-0.495693,0.192929
-0.627199,0.259041
-0.664306,0.373365
-0.314974,0.394421
-0.314974,0.394421
-0.314974,0.394421
-0.523374,0.293569
-0.633535,0.277427
-0.633535,0.277427
-0.620879,0.295736
-0.620879,0.295736
-0.620879,0.295736
-0.649009,0.188312
-0.82928,0.194883
-0.82928,0.194883
-0.82928,0.194883
-0.816624,0.213192
-0.797447,0.203588
-0.797447,0.203588
-0.841936,0.176575
-0.82059,0.094321
-0.799244,0.012068
-0.841936,0.176575
-0.863282,0.258828
-0.884627,0.341082
-0.884627,0.341082
-0.863282,0.258828
-0.884627,0.341082
-0.884627,0.341082
-0.884627,0.341082
-0.863282,0.258828
-0.841936,0.176575
-0.841936,0.176575
-0.82059,0.094321
-0.799244,0.012068
-0.735207,-0.234692
-0.756553,-0.152439
-0.762815,-0.181575
-0.741469,-0.263828
-0.635687,-0.279029
-0.732647,-0.404353
-0.73891,-0.433489
-0.711302,-0.486606
-0.713281,-0.334016
-0.734627,-0.251763
-0.755973,-0.16951
-0.782774,-0.218873
-0.749313,-0.251197
-0.721705,-0.304314
-0.715443,-0.275179
-0.736789,-0.192925
-0.689417,-0.286529
-0.715443,-0.275179
-0.596808,-0.532737
-0.645762,-0.397366
-0.747731,-0.292964
-0.822387,-0.087708
-0.847849,-0.024182
-0.846062,-0.004234
-0.896923,0.114369
-0.903065,0.082053
-0.902946,0.078874
-0.89859,0.091242
-0.900496,0.074474
-0.885174,-0.043275
-0.897578,-0.104726
-0.903841,-0.133862
-0.882734,-0.209756
-0.836873,-0.092574
-0.864242,-0.045816
-0.855006,-0.266053
-0.888518,-0.25161
-0.861149,-0.298369
-0.854886,-0.269231
-0.909982,-0.166176
-0.887826,-0.089594
-0.879098,-0.074766
-0.824121,-0.174642
-0.846278,-0.251223
-0.846397,-0.248044
-0.827028,-0.141856
-0.756154,-0.25604
-0.706394,-0.276992
-0.438257,-0.437234
-0.272626,-0.569266
-0.286988,-0.459793
-0.148846,-0.541888
-0.020079,-0.60441
0.062621,-0.675915
0.045724,-0.41429
0.054173,-0.545103
0.101166,-0.42488
0.092718,-0.294067
-0.045109,-0.083985
-0.132321,-0.112773
-0.148306,-0.259322
0.002813,-0.128278
-0.170615,0.080009
-0.0339,0.024383
0.095822,0.086584
0.048829,-0.033639
-0.006613,-0.02305
0.030284,-0.165649
0.085726,-0.176239
0.065725,-0.295265
0.001835,-0.153862
0.094175,-0.307052
0.172817,-0.401935
0.016771,-0.424211
-0.068074,-0.396818
0.022658,-0.602372
0.134977,-0.648662
0.150246,-0.642712
0.134977,-0.648662
0.143425,-0.779475
0.151874,-0.910288
0.167143,-0.904337
0.195073,-0.839158
0.16808,-0.840356
0.27993,-0.946703
0.26466,-0.952654
0.249391,-0.958605
0.249391,-0.958605
0.288355,-0.949144
0.261114,-0.963358
0.276383,-0.957408
0.10723,-0.779805
0.245844,-0.969309
0.245844,-0.969309
0.162788,-0.904803
0.245844,-0.969309
0.1653,-0.886559
0.245844,-0.969309
0.245844,-0.969309
0.245844,-0.969309
0.1874,-0.956417
0.070512,-0.930634
0.171812,-0.909473
0.214667,-0.875421
0.214667,-0.875421
0.238941,-0.86363
0.180497,-0.850738
0.113367,-0.896582
0.179502,-0.800617
0.222358,-0.766565
0.230049,-0.657709
0.187193,-0.691761
0.323658,-0.745405
0.271984,-0.737348
0.366514,-0.711353
0.230049,-0.657709
0.144337,-0.725813
0.093584,-0.604065
0.055355,-0.602432
0.195091,-0.847561
0.144337,-0.725813
0.144337,-0.725813
0.093584,-0.604065
0.04283,-0.482316
0.144337,-0.725813
0.144337,-0.725813
0.04283,-0.482316
0.068837,-0.472749
0.018084,-0.351001
0.119591,-0.594498
0.157341,-0.721029
0.144112,-0.731473
0.067127,-0.624951
0.003145,-0.513646
-0.060836,-0.402341
0.003145,-0.513646
0.067127,-0.624951
0.117881,-0.746699
0.053899,-0.635394
0.053899,-0.635394
-0.010083,-0.524089
-0.074065,-0.412784
-0.329992,0.032436
-0.303807,0.148358
-0.367789,0.259663
-0.367789,0.259663
-0.336129,0.367918
-0.272147,0.256613
-0.23435,0.029386
-0.208835,0.042157
-0.144853,-0.069148
-0.170368,-0.081919
-0.203977,-0.190637
-0.088497,-0.246679
0.047327,-0.46244
0.047327,-0.46244
0.047327,-0.46244
0.047327,-0.46244
-0.035268,-0.389994
0.100556,-0.605755
-0.094282,-0.297
-0.232998,-0.1064
-0.312195,0.002663
-0.312195,0.002663
-0.338669,-0.043045
-0.394182,-0.139474
-0.244982,-0.057422
-0.410173,0.08747
-0.29793,-0.148839
-0.218508,-0.011714
-0.13274,-0.293731
-0.380526,-0.076393
-0.42639,0.048025
-0.474213,-0.062016
-0.477385,0.147555
-0.586455,0.174293
-0.612929,0.128585
-0.556808,0.010431
-0.639404,0.082877
-0.583282,-0.035278
-0.335496,-0.252616
-0.19678,-0.443216
-0.47104,-0.271586
-0.388445,-0.344032
-0.249728,-0.534633
-0.332324,-0.462186
-0.332324,-0.462186
-0.249728,-0.534633
-0.084537,-0.679525
-0.167133,-0.607079
-0.249728,-0.534633
-0.249728,-0.534633
-0.249728,-0.534633
-0.249728,-0.534633
-0.332324,-0.462186
-0.31434,-0.423979
-0.200854,-0.456406
-0.200854,-0.456406
-0.28345,-0.38396
-0.200854,-0.456406
-0.415321,-0.400363
-0.414919,-0.38974
-0.497514,-0.317294
-0.497514,-0.317294
-0.497514,-0.317294
-0.342309,-0.286221
-0.259714,-0.358667
-0.259714,-0.358667
-0.233312,-0.53974
-0.449745,-0.387058
-0.632325,-0.023
-0.751225,-0.002314
-0.910491,0.044936
-0.993087,0.117383
-0.993087,0.117383
-0.954954,0.170025
-0.954954,0.170025
-0.91682,0.222668
-0.721812,0.361169
-0.641204,0.341742
-0.522462,0.374958
-0.313155,0.324487
0.076802,0.436651
0.444913,0.291263
0.428119,0.363022
0.476716,0.484553
0.214031,0.088422
0.361481,0.268002
0.421433,0.115037
0.14391,0.073047
0.272609,0.042003
0.608708,0.037573
0.658703,-0.051131
0.558713,0.126277
0.558713,0.126277
0.608708,0.037573
0.658703,-0.051131
0.708699,-0.139835
0.808689,-0.317244
0.330258,-0.25915
0.151448,-0.183175
0.011029,-0.176041
0.270612,-0.23961
0.393371,-0.283248
0.270455,-0.240886
0.141756,-0.209841
-0.484154,-0.018752
-0.606992,0.024248
-0.554767,0.163837
-0.683465,0.194882
-0.773927,0.14061
-0.902625,0.171655
-0.902625,0.171655
-0.902625,0.171655
-0.902625,0.171655
-0.812164,0.225927
-0.812164,0.225927
-0.812164,0.225927
-0.845817,0.26583
-0.845817,0.26583
-0.874221,0.218742
-0.964683,0.16447
-0.936279,0.211558
-0.936279,0.211558
-0.907875,0.258646
-0.851067,0.352821
-0.859789,0.36149
-0.831385,0.408578
-0.812937,0.427708
-0.79449,0.446837
-0.794721,0.446678
-0.766086,0.493925
-0.766086,0.493925
-0.79449,0.446837
-0.822663,0.399909
-0.851067,0.352821
-0.851067,0.352821
-0.883698,0.30257
-0.855294,0.349658
-0.755144,0.295089
-0.702563,0.386101
-0.755144,0.295089
-0.807725,0.204076
-0.65397,0.219478
-0.657411,0.449744
-0.257745,0.148537
-0.204928,0.076324
-0.202026,0.089252
-0.355782,0.073851
-0.335829,0.023365
-0.206251,-0.005159
0.22832,-0.234864
0.51907,-0.042499
0.516146,0.02212
0.648957,0.011432
0.675764,-0.01047
0.157856,0.100975
0.552247,0.056371
0.443635,0.033436
0.046907,-0.016837
0.328557,-0.025169
0.062935,-0.003792
0.454902,-0.071527
0.710826,-0.146408
0.382668,-0.126431
0.120279,-0.08722
-0.20592,-0.000251
-0.338731,0.010437
-0.465076,0.056795
-0.594654,0.085318
-0.59478,0.009344
-0.683187,-0.050795
-0.683187,-0.050795
-0.727591,0.020032
-0.727591,0.020032
-0.771995,0.090858
-0.860276,0.106695
-0.860276,0.106695
-0.860276,0.106695
-0.860276,0.106695
-0.860276,0.106695
-0.993087,0.117383
-0.872674,0.148364
-0.622467,0.16764
-0.603705,0.082266
-0.514005,-0.077432
-0.504625,-0.12012
-0.634419,-0.108414
-0.665132,-0.299094
-0.554099,-0.225425
-0.794926,-0.287389
-0.936803,-0.138741
-0.936803,-0.138741
-0.918042,-0.224115
-0.918042,-0.224115
-0.918042,-0.224115
-0.918042,-0.224115
-0.918042,-0.224115
-0.797812,-0.209851
-0.908662,-0.266802
-0.918042,-0.224115
-0.908662,-0.266802
-0.918042,-0.224115
-0.918244,-0.226069
-0.927625,-0.183381
-0.955564,-0.053366
-0.974326,0.032008
-0.852654,0.061169
-0.721602,0.047642
-0.730982,0.09033
-0.852654,0.061169
-0.955564,-0.053366
-0.964945,-0.010679
-0.931921,-0.03809
-0.974326,0.032008
-0.983706,0.074695
-0.993087,0.117383
-0.76658,0.196198
-0.540073,0.275013
-0.653326,0.235605
-0.76658,0.196198
-0.879833,0.15679
-0.879833,0.15679
-0.993087,0.117383
-0.993087,0.117383
-0.993087,0.117383
-0.948215,0.172718
-0.903343,0.228054
-0.858471,0.283389
-0.858471,0.283389
-0.858471,0.283389
-0.777347,0.249717
-0.903343,0.228054
-0.948215,0.172718
-0.919192,0.220227
-0.845297,0.323071
-0.87432,0.275562
-0.87432,0.275562
-0.903343,0.228054
-0.948215,0.172718
-0.903343,0.228054
-0.903343,0.228054
-0.837395,0.286894
-0.792523,0.34223
-0.882267,0.231559
-0.816319,0.290399
-0.531451,0.529267
-0.465503,0.588108
-0.399554,0.646949
-0.465503,0.588108
-0.465503,0.588108
-0.333606,0.705789
-0.23656,0.63886
-0.104664,0.756541
-0.135762,0.882311
-0.135762,0.882311
-0.135762,0.882311
-0.20171,0.823471
-0.20171,0.823471
-0.135762,0.882311
-0.199923,0.781078
-0.200817,0.802274
-0.265871,0.722237
-0.265871,0.722237
-0.134869,0.861115
-0.068921,0.919956
-0.133975,0.839919
-0.199029,0.759882
-0.133975,0.839919
-0.132645,0.872016
-0.132645,0.872016
-0.132645,0.872016
-0.067591,0.952053
-0.01653,0.842219
-0.01653,0.842219
-0.01653,0.842219
-0.01653,0.842219
-0.067591,0.952053
-0.003866,0.999993
-0.003866,0.999993
-0.003866,0.999993
-0.003866,0.999993
0.057745,0.959406
0.057745,0.959406
-0.003866,0.999993
-0.003866,0.999993
-0.003866,0.999993
-0.003866,0.999993
-0.003866,0.999993
0.010785,0.998421
0.025436,0.996849
0.025436,0.996849
0.025436,0.996849
0.025436,0.996849
0.025436,0.996849
0.040087,0.995277
0.054738,0.993705
0.098692,0.98899
0.077609,0.991657
0.09226,0.990085
0.106911,0.988513
0.048307,0.9948
0.048307,0.9948
0.048307,0.9948
0.040087,0.995277
0.077675,0.933891
0.077675,0.933891
0.077675,0.933891
0.006407,0.865249
0.006407,0.865249
-0.008244,0.866821
-0.003866,0.999993
-0.003866,0.999993
-0.003866,0.999993
-0.003866,0.999993
-0.003866,0.999993
-0.003866,0.999993
-0.003866,0.999993
-0.003866,0.999993
-0.003866,0.999993
0.050424,0.894275
-0.003866,0.999993
-0.003866,0.999993
-0.003866,0.999993
-0.003866,0.999993
-0.003866,0.999993
-0.003866,0.999993
-0.003866,0.999993
-0.003866,0.999993
-0.003866,0.999993
-0.003866,0.999993
-0.003866,0.999993
-0.003866,0.999993
-0.003866,0.999993
-0.003866,0.999993
-0.003866,0.999993
-0.003866,0.999993
0.062108,0.922112
0.128082,0.844231
0.079453,0.919885
0.062108,0.922112
-0.003866,0.999993
0.007405,0.999077
0.007405,0.999077
0.007405,0.999077
0.007405,0.999077
-0.003866,0.999993
-0.003866,0.999993
-0.003866,0.999993
-0.003866,0.999993
-0.003866,0.999993
-0.003866,0.999993
-0.003866,0.999993
-0.003866,0.999993
-0.003866,0.999993
-0.003866,0.999993
-0.003866,0.999993
-0.003866,0.999993
-0.003866,0.999993
-0.003866,0.999993
-0.003866,0.999993
-0.003866,0.999993
-0.003866,0.999993
-0.003866,0.999993
-0.02893,0.871656
-0.02893,0.871656
-0.02893,0.871656
-0.020707,0.86889
-0.020707,0.86889
-0.020707,0.86889
-0.020707,0.86889
0.029762,0.846078
0.130701,0.800456
0.080231,0.823267
0.080231,0.823267
0.130701,0.800456
0.26586,0.754839
0.316329,0.732027
0.384177,0.578119
0.485116,0.532497
0.26586,0.754839
0.235949,0.647484
0.135011,0.693106
0.063982,0.846084
0.065454,0.728296
0.078188,0.785058
0.060456,0.84982
0.060456,0.84982
0.060456,0.84982
0.060456,0.84982
0.084474,0.845443
0.067095,0.97654
0.091113,0.972163
0.114038,0.957465
0.196401,0.853705
0.139149,0.963408
0.139149,0.963408
0.187184,0.954653
0.212294,0.960597
0.288405,0.931476
0.264388,0.935854
0.292463,0.915488
0.192334,0.948986
0.116223,0.978106
0.092205,0.982483
0.068187,0.986861
0.068187,0.986861
0.116223,0.978106
0.140241,0.973729
0.164259,0.969351
0.188277,0.964974
0.212294,0.960597
0.212294,0.960597
0.164259,0.969351
0.236312,0.956219
0.236312,0.956219
0.212294,0.960597
0.188277,0.964974
0.188277,0.964974
0.14598,0.890382
0.103684,0.815789
0.013351,0.749951
0.037369,0.745574
-0.014393,0.621517
-0.007117,0.594596
0.059197,0.664811
0.099913,0.585573
0.147949,0.576818
-0.10122,0.298542
-0.10122,0.298542
-0.10122,0.298542
-0.141936,0.37778
0.024177,0.563298
-0.058879,0.470539
-0.141936,0.37778
0.024177,0.563298
-0.231518,0.326068
-0.314574,0.233309
-0.148462,0.418827
-0.314574,0.233309
-0.199276,0.299949
-0.39763,0.140551
-0.39763,0.140551
-0.47416,0.006745
-0.391104,0.099504
-0.308048,0.192262
-0.391104,0.099504
-0.391104,0.099504
-0.47416,0.006745
-0.47416,0.006745
-0.557217,-0.086014
-0.391104,0.099504
-0.47416,0.006745
-0.308048,0.192262
-0.282849,0.165445
-0.532018,-0.112831
-0.448962,-0.020072
-0.448962,-0.020072
-0.532018,-0.112831
-0.615074,-0.20559
-0.391104,0.099504
-0.47416,0.006745
-0.557217,-0.086014
-0.557725,-0.026084
-0.735016,-0.339359
-0.88995,-0.397119
-0.88995,-0.397119
-0.88995,-0.397119
-0.88995,-0.397119
-0.88995,-0.397119
-0.889441,-0.457049
-0.889441,-0.457049
-0.889441,-0.457049
-0.894638,-0.443467
-0.889441,-0.457049
-0.889441,-0.457049
-0.889441,-0.457049
-0.889441,-0.457049
-0.7744,-0.463143
-0.7744,-0.463143
-0.895448,-0.439998
-0.889441,-0.457049
-0.889441,-0.457049
-0.889441,-0.457049
-0.889441,-0.457049
-0.889441,-0.457049
-0.873241,-0.477444
-0.857041,-0.497838
-0.857041,-0.497838
-0.857041,-0.497838
-0.85401,-0.431611
-0.85401,-0.431611
-0.853593,-0.253606
-0.84795,-0.299157
-0.84795,-0.299157
-0.84795,-0.299157
-0.805889,-0.328034
-0.812429,-0.295728
-0.802769,-0.283816
-0.793589,-0.107144
-0.81897,-0.263422
-0.784409,0.069529
-0.78792,0.168063
-0.80061,0.089924
-0.80061,0.089924
-0.80061,0.089924
-0.82599,-0.066354
-0.82599,-0.066354
-0.838681,-0.144493
-0.82599,-0.066354
-0.838681,-0.144493
-0.851371,-0.222632
-0.866075,-0.158564
-0.866075,-0.158564
-0.853385,-0.080425
-0.866075,-0.158564
-0.821081,0.043396
-0.826419,-0.066778
-0.801468,0.089077
-0.802326,0.08823
-0.797063,0.203459
-0.784373,0.281598
-0.765114,0.321801
-0.777375,0.244085
-0.777804,0.243662
-0.802326,0.08823
-0.814587,0.010515
-0.712361,0.279394
-0.614668,0.364363
-0.769605,0.106097
-0.782295,0.027958
-0.782724,0.027534
-0.655546,0.452268
-0.622395,0.470558
-0.622395,0.470558
-0.511968,0.601873
-0.455153,0.774747
-0.455153,0.774747
-0.38971,0.81048
-0.377878,0.887772
-0.4106,0.869906
-0.476043,0.834173
-0.476043,0.834173
-0.541058,0.798864
-0.541058,0.798864
-0.541916,0.798017
-0.60736,0.762284
-0.574638,0.780151
-0.509194,0.815883
-0.476472,0.83375
-0.443751,0.851616
-0.411029,0.869482
-0.411029,0.869482
-0.334522,0.889593
-0.541916,0.798017
-0.60736,0.762284
-0.574638,0.780151
-0.463449,0.751036
-0.09716,0.681557
-0.224696,0.739005
-0.335885,0.76812
-0.38163,0.832968
-0.348908,0.850834
-0.38163,0.832968
-0.342045,0.829547
-0.211157,0.901012
-0.018494,0.879895
0.096817,0.710271
0.213851,0.620327
0.174266,0.623748
0.019369,0.796793
0.019369,0.796793
-0.018494,0.879895
-0.095942,0.966417
-0.127121,0.971131
-0.135527,0.969838
-0.135527,0.969838
-0.175113,0.973259
-0.214698,0.97668
-0.214698,0.97668
-0.133718,0.911393
-0.133718,0.911393
-0.125291,0.912687
-0.052739,0.846105
0.028241,0.780817
0.200824,0.518565
0.112519,0.553647
0.101896,0.685324
0.182875,0.620036
0.1902,0.650241
0.188199,0.634206
0.176073,0.507894
-0.064865,0.719793
-0.121482,0.816681
-0.167312,0.797065
-0.225377,0.872161
-0.179548,0.891777
-0.225377,0.872161
-0.29412,0.842737
-0.241673,0.843701
-0.060108,0.732259
-0.190226,0.787257
-0.22418,0.629277
-0.326158,0.628717
-0.21075,0.39122
-0.083467,0.015359
0.122156,-0.457055
0.087366,-0.328498
0.087366,-0.328498
0.006748,-0.219558
0.006748,-0.219558
0.029662,-0.20975
0.161684,-0.422659
0.254178,-0.669964
0.18601,-0.57475
0.156945,-0.585611
-0.106404,-0.315884
-0.103261,-0.428482
-0.125701,-0.454052
-0.308431,-0.293265
-0.228287,-0.386444
-0.334015,-0.206237
-0.414159,-0.113059
-0.494304,-0.01988
-0.414159,-0.113059
-0.459173,0.080337
-0.494304,-0.01988
-0.452241,0.014686
-0.654593,0.166477
-0.814883,0.352833
-0.895027,0.446012
-0.895027,0.446012
-0.895027,0.446012
-0.774695,0.443925
-0.774695,0.443925
-0.67158,0.464756
-0.770024,0.376511
-0.770024,0.376511
-0.890356,0.378598
-0.890356,0.378598
-0.890356,0.378598
-0.890356,0.378598
-0.890356,0.378598
-0.890356,0.378598
-0.885685,0.311185
-0.885685,0.311185
-0.890356,0.378598
-0.890356,0.378598
-0.771517,0.243055
-0.776188,0.310468
-0.776188,0.310468
-0.871672,0.108945
-0.867001,0.041531
-0.86233,-0.025882
-0.857659,-0.093296
-0.857659,-0.093296
-0.857659,-0.093296
-0.857659,-0.093296
-0.86233,-0.025882
-0.857659,-0.093296
-0.848317,-0.228122
-0.843646,-0.295536
-0.843646,-0.295536
-0.838974,-0.362949
-0.699972,-0.278003
-0.683389,-0.185836
-0.695301,-0.345416
-0.695301,-0.345416
-0.695301,-0.345416
-0.662134,-0.161083
-0.662134,-0.161083
-0.549058,-0.033476
-0.496603,0.138249
-0.432997,0.040135
-0.456955,0.120156
-0.25447,0.228583
0.166769,0.192858
-0.035559,0.256804
-0.203057,-0.079889
-0.16989,0.104444
-0.035559,0.256804
-0.25447,0.228583
-0.035559,0.256804
0.21652,0.469357
0.098772,0.409164
-0.018975,0.34897
-0.120139,0.380943
-0.120139,0.380943
0.065605,0.224831
0.267932,0.160886
0.049021,0.132665
0.065605,0.224831
-0.136722,0.288776
-0.388801,0.076223
-0.405384,-0.015943
-0.322466,0.444888
-0.188135,0.597248
-0.322466,0.444888
-0.136722,0.288776
-0.035559,0.256804
-0.25447,0.228583
0.065605,0.224831
0.082189,0.316997
-0.035559,0.256804
0.082189,0.316997
0.083016,0.393536
0.167596,0.269397
0.18418,0.361563
0.08373,0.310117
0.212324,0.357889
0.212324,0.357889
0.051503,0.362281
0.157143,0.390309
0.156315,0.31377
0.139731,0.221604
0.132175,0.236231
0.011606,0.269114
0.247101,0.389501
0.348264,0.357529
0.4568,0.279272
0.33988,0.295617
0.244045,0.14927
0.323111,0.171795
0.197807,0.126229
-0.056909,0.05736
-0.056909,0.05736
0.068395,0.102926
-0.056909,0.05736
0.072503,0.080662
0.314727,0.109883
0.135476,-0.23699
0.084347,-0.115088
0.096249,-0.112114
0.094627,-0.112578
0.123584,-0.031945
0.096249,-0.112114
0.093004,-0.113043
-0.040627,-0.021796
-0.016039,-0.152408
-0.085845,-0.108631
-0.016039,-0.152408
-0.071537,-0.241753
0.109821,-0.314241
0.029735,-0.272972
0.133887,-0.191259
0.30441,-0.058858
-0.026284,-0.108722
0.144272,0.069875
0.269577,0.115441
0.144272,0.069875
0.474933,0.073543
0.474933,0.073543
0.300393,0.007531
0.300393,0.007531
0.516134,0.226766
0.770412,0.20789
0.641056,0.182517
0.682538,0.286968
0.682538,0.286968
0.553183,0.261595
0.682538,0.286968
0.682538,0.286968
0.553183,0.261595
0.671293,0.222126
0.800648,0.247499
0.800648,0.247499
0.941249,0.337715
0.941249,0.337715
0.941249,0.337715
0.941249,0.337715
0.899315,0.396582
0.920282,0.367148
0.920282,0.367148
0.608809,0.131574
0.719622,0.200287
0.608809,0.131574
0.326155,-0.095012
0.436968,-0.026298
0.475509,-0.156348
0.425724,-0.135902
0.819192,0.159397
0.88022,0.248556
0.833154,0.161246
0.894183,0.250405
0.894183,0.250405
0.894183,0.250405
0.894183,0.250405
0.831699,0.087874
0.81628,0.012653
0.847522,0.093918
0.878764,0.175184
0.785038,-0.068613
0.81628,0.012653
0.783745,0.004745
0.503349,-0.138934
0.503349,-0.138934
0.671006,0.02522
0.671006,0.02522
0.671006,0.02522
0.451887,-0.113377
0.508421,-0.239095
0.432005,-0.206008
0.093413,-0.242662
-0.010467,-0.317644
-0.322104,-0.542589
-0.409182,-0.637047
-0.513061,-0.712028
-0.513061,-0.712028
-0.513061,-0.712028
-0.409182,-0.637047
-0.409182,-0.637047
-0.43397,-0.594548
-0.537849,-0.669529
-0.590277,-0.799621
-0.590277,-0.799621
-0.590277,-0.799621
-0.590277,-0.799621
-0.590277,-0.799621
-0.563614,-0.812232
-0.563614,-0.812232
-0.53695,-0.824843
-0.53695,-0.824843
-0.486205,-0.706406
-0.459541,-0.719017
-0.406214,-0.744239
-0.352887,-0.769461
-0.299561,-0.794683
-0.326546,-0.586318
-0.401374,-0.835802
-0.479105,-0.745874
-0.425778,-0.771096
-0.323348,-0.790837
-0.245322,-0.745873
-0.430001,-0.740394
-0.46338,-0.628889
-0.393575,-0.619643
-0.3657,-0.632535
-0.490338,-0.751171
-0.543665,-0.725949
-0.439371,-0.652158
-0.483623,-0.850065
-0.483623,-0.850065
-0.510287,-0.837454
-0.508954,-0.792358
-0.508954,-0.792358
-0.508954,-0.792358
-0.510287,-0.837454
-0.53695,-0.824843
-0.520224,-0.687088
-0.543984,-0.649911
-0.570648,-0.6373
-0.470003,-0.678277
-0.546887,-0.674477
-0.546887,-0.674477
-0.61694,-0.78701
-0.559994,-0.799306
-0.503048,-0.811602
-0.559994,-0.799306
-0.503048,-0.811602
-0.446101,-0.823897
-0.389155,-0.836193
-0.503048,-0.811602
-0.559994,-0.799306
-0.61694,-0.78701
-0.56673,-0.800588
-0.56103,-0.629316
-0.668875,-0.589085
-0.609411,-0.472522
-0.60519,-0.496278
-0.584687,-0.703051
-0.559151,-0.755927
-0.51175,-0.725298
-0.630676,-0.713229
-0.702201,-0.670532
-0.659571,-0.728771
-0.680886,-0.699651
-0.659571,-0.728771
-0.680886,-0.699651
-0.702201,-0.670532
-0.744832,-0.612293
-0.723516,-0.641412
-0.657622,-0.482597
-0.679635,-0.408741
-0.654304,-0.639576
-0.632989,-0.668695
-0.632291,-0.713431
-0.556416,-0.711872
-0.556416,-0.711872
-0.626326,-0.668972
-0.582321,-0.5499
-0.605011,-0.698092
-0.7378,-0.62601
-0.7378,-0.62601
-0.716485,-0.655129
-0.745053,-0.624325
-0.730991,-0.651759
-0.745275,-0.636356
-0.730991,-0.651759
-0.745275,-0.636356
-0.716707,-0.667161
-0.716707,-0.667161
-0.695391,-0.696281
-0.723738,-0.653444
-0.723959,-0.665476
-0.709675,-0.680878
-0.687916,-0.692202
-0.689078,-0.591298
-0.654642,-0.534915
-0.546511,-0.615093
-0.577845,-0.323545
-0.58349,-0.404968
-0.576269,-0.037678
-0.561985,-0.05308
-0.457783,0.22839
-0.507023,0.142115
-0.493826,0.255116
-0.466346,0.352713
-0.43434,0.009132
-0.447848,-0.030208
-0.469608,-0.018884
-0.293341,0.177521
-0.33974,-0.141998
-0.50708,-0.147435
-0.56056,0.201598
-0.554528,0.236859
-0.51385,0.447457
-0.528134,0.46286
-0.528134,0.46286
-0.541331,0.349859
-0.441478,0.156913
-0.208242,0.234656
-0.201606,0.512857
-0.113474,0.56679
0.182345,0.470757
0.117831,0.681956
0.115094,0.670082
0.17569,0.667665
0.148978,0.664847
0.172197,0.682625
0.090665,0.74596
0.253136,0.768026
0.271793,0.630089
-0.032511,0.403712
-0.057367,0.345319
0.05542,0.507349
0.030855,0.637849
0.060728,0.564066
0.321568,0.413777
0.342129,0.355276
0.342129,0.355276
0.248713,0.425052
0.342705,0.355545
0.258466,0.428659
0.164473,0.498166
0.060728,0.564066
0.520937,0.212924
0.520937,0.212924
0.520937,0.212924
0.472984,0.286059
0.472984,0.286059
0.44226,0.337282
0.375166,0.50909
0.517111,0.366448
0.471072,0.362821
0.471072,0.362821
0.283087,0.501835
0.095102,0.640848
-0.04493,0.706727
-0.146444,0.646253
-0.107927,0.519899
-0.341951,0.655285
-0.341951,0.655285
-0.253859,0.623479
0.027644,0.318817
0.154254,0.160657
0.193594,0.393216
0.182537,0.172315
0.143196,-0.060244
-0.011697,0.086258
-0.226399,0.276224
-0.226399,0.276224
-0.226399,0.276224
-0.226399,0.276224
-0.226399,0.276224
-0.303434,0.528931
-0.303434,0.528931
-0.303434,0.528931
-0.303434,0.528931
-0.303434,0.528931
-0.264916,0.402577
-0.342126,0.46604
-0.380644,0.592394
-0.37999,0.604354
-0.264438,0.225293
-0.187881,0.14987
-0.264916,0.402577
-0.226399,0.276224
-0.226399,0.276224
-0.095702,0.071538
-0.172737,0.324245
-0.211255,0.450599
-0.288289,0.703307
-0.257009,0.717246
-0.257009,0.717246
-0.257009,0.717246
-0.279389,0.683164
-0.279389,0.683164
-0.349188,0.795578
-0.349188,0.795578
-0.349188,0.795578
-0.279389,0.683164
-0.279389,0.683164
-0.349188,0.795578
-0.33715,0.79979
-0.267351,0.687375
-0.197553,0.574961
-0.209591,0.57075
-0.139793,0.458335
-0.139793,0.458335
-0.209591,0.57075
-0.349188,0.795578
-0.349188,0.795578
-0.349188,0.795578
-0.349188,0.795578
-0.349188,0.795578
-0.348026,0.796101
-0.348026,0.796101
-0.173151,0.444479
0.035083,0.106713
-0.034716,0.219128
0.035083,0.106713
0.244478,-0.23053
0.241254,-0.124323
0.174679,-0.118115
0.171159,-0.173863
0.031562,0.050966
0.069602,0.121092
-0.000196,0.233507
-0.000196,0.233507
0.069602,0.121092
-0.209591,0.57075
-0.209591,0.57075
-0.209591,0.57075
-0.139793,0.458335
-0.187071,0.63992
-0.094753,0.596675
-0.094753,0.596675
-0.002434,0.553431
-0.002434,0.553431
-0.164551,0.709089
-0.234349,0.821504
-0.234349,0.821504
-0.418986,0.907993
-0.418986,0.907993
-0.418986,0.907993
-0.418986,0.907993
-0.418986,0.907993
-0.418986,0.907993
-0.418986,0.907993
-0.418986,0.907993
-0.418986,0.907993
-0.418986,0.907993
-0.418986,0.907993
-0.418986,0.907993
-0.242562,0.903652
-0.091146,0.825502
0.02647,0.822609
-0.124946,0.900758
-0.183754,0.902205
-0.066139,0.899311
-0.056728,0.787108
-0.056728,0.787108
0.00208,0.785661
0.00208,0.785661
0.00208,0.785661
0.00208,0.785661
-0.066139,0.899311
-0.063311,0.777019
-0.063311,0.777019
-0.063311,0.777019
0.032083,0.496888
-0.091187,0.744365
0.003389,0.682081
-0.086351,0.717629
0.067033,0.653899
0.219663,0.659202
0.184326,0.652307
0.124493,0.775404
0.124493,0.775404
-0.165158,0.717873
-0.163679,0.718534
-0.047542,0.71498
0.068595,0.711425
0.127403,0.709978
0.261941,0.752295
0.181326,0.737599
0.041903,0.724349
0.058825,0.76956
0.1164,0.724867
0.065438,0.819437
0.066671,0.862684
0.066671,0.862684
0.023057,0.830397
-0.116366,0.817148
-0.138173,0.801004
-0.240595,0.770164
-0.407116,0.732033
-0.601962,0.723754
-0.651022,0.725559
-0.629215,0.741703
-0.568728,0.776209
-0.571636,0.794989
-0.549829,0.811133
-0.549829,0.811133
-0.546125,0.814962
-0.546125,0.814962
-0.560526,0.806479
-0.538719,0.822622
-0.520615,0.834936
-0.498808,0.851079
-0.535016,0.826452
-0.516912,0.838765
-0.403134,0.775843
-0.237295,0.605397
-0.219191,0.617711
-0.237587,0.552376
-0.402266,0.529167
-0.50893,0.546728
-0.511635,0.591387
-0.469708,0.396335
-0.27278,0.392858
-0.343942,0.439578
-0.39099,0.331953
-0.338516,0.166877
-0.553256,0.211062
-0.815628,0.04158
-0.870231,-0.048382
-0.907023,-0.179052
-0.906495,-0.132611
-0.898939,-0.150274
-0.906495,-0.132611
-0.906495,-0.132611
-0.851405,-0.197649
-0.851405,-0.197649
-0.817369,-0.121199
-0.798973,-0.055865
-0.751439,-0.103239
-0.682321,-0.245659
-0.648286,-0.16921
-0.645933,-0.342999
-0.590843,-0.408036
-0.606568,-0.306645
-0.537577,-0.252844
-0.585112,-0.20547
-0.476543,-0.424041
-0.537577,-0.252844
-0.632646,-0.158095
-0.503542,-0.176395
-0.496505,0.147701
-0.404133,0.112936
-0.444112,0.142647
-0.534352,-0.075849
-0.547332,-0.293785
-0.467375,-0.353207
-0.419508,-0.495196
-0.480355,-0.571142
-0.546813,-0.635543
-0.406804,-0.634311
-0.366826,-0.664022
-0.441883,-0.832827
-0.441883,-0.832827
-0.361925,-0.89225
-0.361925,-0.89225
-0.33342,-0.907923
-0.293442,-0.937634
-0.33342,-0.907923
-0.293442,-0.937634
-0.293442,-0.937634
-0.293442,-0.937634
-0.293442,-0.937634
-0.293442,-0.937634
-0.293442,-0.937634
-0.373399,-0.878211
-0.373399,-0.878211
-0.453356,-0.818789
-0.453356,-0.818789
-0.413378,-0.8485
-0.413378,-0.8485
-0.322177,-0.611404
-0.30753,-0.618359
-0.263006,-0.356479
-0.232458,-0.344493
-0.347064,-0.528165
-0.297655,-0.599573
-0.319916,-0.730513
-0.328674,-0.684043
-0.394837,-0.804523
-0.416977,-0.597895
-0.538628,-0.608841
-0.443573,-0.728342
-0.580112,-0.631241
-0.531376,-0.707421
-0.485058,-0.750742
-0.485058,-0.750742
-0.60291,-0.54793
-0.510273,-0.634571
-0.263763,-0.875907
-0.377348,-0.669892
-0.356401,-0.789266
-0.39757,-0.791664
-0.390189,-0.859946
-0.482827,-0.773305
-0.438739,-0.794063
-0.39242,-0.837383
-0.438739,-0.794063
-0.514553,-0.638376
-0.560871,-0.595055
-0.624014,-0.62078
-0.624014,-0.62078
-0.716652,-0.534139
-0.901927,-0.360857
-0.901927,-0.360857
-0.872844,-0.36191
-0.948246,-0.317536
-0.902127,-0.168767
-0.879068,-0.094383
-0.85612,0.022002
-0.833061,0.096386
-0.833173,0.138387
-0.85612,0.022002
-0.810001,0.170771
-0.809889,0.12877
-0.740711,0.351923
-0.740711,0.351923
-0.694592,0.500692
-0.571305,0.550774
-0.482922,0.633677
-0.539937,0.498625
-0.539937,0.498625
-0.346205,0.417015
-0.301776,0.476359
0.126735,0.193633
0.041152,0.304478
-0.358828,0.621598
-0.358828,0.621598
-0.336511,0.51307
-0.343782,0.500251
-0.272901,0.371257
-0.381652,0.444333
-0.644576,0.744361
-0.686797,0.690494
-0.707908,0.66356
-0.686797,0.690494
-0.605601,0.727831
-0.626712,0.700897
-0.729019,0.636626
-0.625981,0.628063
-0.668202,0.574195
-0.62782,0.430886
-0.337249,0.207382
-0.275755,0.091007
-0.343495,-0.016092
-0.282001,-0.132467
-0.263406,-0.248766
-0.3249,-0.13239
-0.367799,-0.132314
-0.349204,-0.248612
-0.349204,-0.248612
-0.410697,-0.132237
-0.410697,-0.132237
-0.392103,-0.248536
-0.330609,-0.364911
-0.250521,-0.597585
-0.269116,-0.481286
-0.306305,-0.248689
-0.226217,-0.481363
-0.244812,-0.365064
-0.28771,-0.364988
-0.183318,-0.48144
-0.407877,-0.130166
-0.389282,-0.246465
-0.339913,-0.367323
-0.373508,-0.364834
-0.373508,-0.364834
-0.360622,-0.713654
-0.360622,-0.713654
-0.397812,-0.481056
-0.397812,-0.481056
-0.416407,-0.364758
-0.435001,-0.248459
-0.362148,-0.352815
-0.29082,-0.096332
-0.326484,-0.224573
-0.29082,-0.096332
-0.29082,-0.096332
-0.309414,0.019967
-0.31094,0.380806
-0.248536,0.496581
-0.175683,0.392225
-0.079226,0.374714
-0.229942,0.380282
-0.256681,0.392749
-0.293871,0.625346
-0.50304,0.36499
-0.538587,0.489957
-0.570027,0.629758
-0.548095,0.810172
-0.417044,0.580439
-0.417044,0.580439
-0.351518,0.465572
-0.297259,0.477515
-0.201743,0.54879
-0.201743,0.54879
-0.201743,0.54879
-0.267269,0.663656
-0.267269,0.663656
-0.278536,0.790465
-0.278536,0.790465
-0.121832,0.772954
-0.171752,0.73493
-0.064969,0.679395
-0.117494,0.746873
-0.107209,0.753257
-0.224277,0.802408
-0.332794,0.778523
-0.278536,0.790465
-0.332794,0.778523
-0.063235,0.758816
0.089791,0.749313
0.139477,0.637452
0.244525,0.502496
0.400587,0.402477
0.677533,0.234222
0.677533,0.234222
0.625008,0.3017
0.518225,0.357236
0.358917,0.480249
0.468947,0.40172
0.521471,0.334242
0.789297,0.235114
0.789297,0.235114
0.81239,0.11463
0.864915,0.047152
0.894346,0.100158
0.841821,0.167636
0.814061,0.167731
0.866585,0.100253
0.999394,-0.034798
0.999394,-0.034798
0.983865,-0.075298
0.979978,-0.079549
0.905995,-0.187548
0.979978,-0.079549
0.979978,-0.079549
0.979978,-0.079549
0.999394,-0.034798
0.999394,-0.034798
0.999394,-0.034798
0.999394,-0.034798
0.999394,-0.034798
0.923906,-0.098553
0.923906,-0.098553
0.923906,-0.098553
0.847843,-0.169017
0.772354,-0.232772
0.848417,-0.162308
0.848417,-0.162308
0.923906,-0.098553
0.848417,-0.162308
0.848417,-0.162308
0.742883,-0.214124
0.818372,-0.150369
0.712838,-0.202184
0.607304,-0.254
0.607304,-0.254
0.607304,-0.254
0.818372,-0.150369
0.923906,-0.098553
0.848417,-0.162308
0.923906,-0.098553
0.875801,-0.160275
0.875801,-0.160275
0.817091,-0.149424
0.923906,-0.098553
0.848417,-0.162308
0.772928,-0.226063
0.848417,-0.162308
0.772928,-0.226063
0.848417,-0.162308
0.848417,-0.162308
0.697439,-0.289818
0.848417,-0.162308
0.772928,-0.226063
0.923906,-0.098553
0.999394,-0.034798
0.999394,-0.034798
0.999394,-0.034798
0.998425,-0.044038
0.998425,-0.044038
0.912988,-0.061866
0.913958,-0.052626
0.913958,-0.052626
0.966369,-0.047773
0.966369,-0.047773
0.969908,0.00879
0.9435,-0.072096
0.929149,-0.172634
0.960187,-0.118581
0.845094,-0.1217
0.59857,-0.187397
0.876132,-0.067646
0.999394,-0.034798
0.999394,-0.034798
0.999394,-0.034798
0.999394,-0.034798
0.924335,-0.098609
0.834228,-0.158684
0.672247,-0.365472
0.771265,-0.252756
0.532225,0.004854
0.501809,-0.048802
0.5615,-0.042382
0.435812,-0.00914
0.752043,-0.216178
0.752043,-0.216178
0.780527,-0.163726
0.810942,-0.110071
0.778594,-0.16493
0.717821,-0.168926
0.813152,-0.15251
0.813152,-0.15251
0.645663,-0.276733
0.55201,-0.324554
0.551478,-0.313519
0.644599,-0.254663
0.644599,-0.254663
0.820933,-0.12266
0.625847,-0.248152
0.812089,-0.13044
0.811557,-0.119405
0.930946,-0.06604
0.930415,-0.055005
0.929351,-0.032935
0.929883,-0.04397
0.930946,-0.06604
0.836483,-0.003143
0.902273,0.083273
0.9044,0.039134
0.809937,0.102031
0.735151,0.170516
0.830146,0.096584
0.617878,0.056782
0.498983,0.100483
0.504829,-0.032309
0.573768,0.031997
0.504829,-0.032309
0.504829,-0.032309
0.81156,-0.055404
0.930455,-0.099104
0.930455,-0.099104
0.861516,-0.163411
0.930455,-0.099104
0.999394,-0.034798
0.999394,-0.034798
0.999394,-0.034798
0.999394,-0.034798
0.996284,-0.012224
0.936431,-0.076226
0.982836,-0.076497
0.982836,-0.076497
0.999394,-0.034798
0.999394,-0.034798
0.999394,-0.034798
0.886053,-0.08004
0.886053,-0.08004
0.886053,-0.08004
0.886053,-0.08004
0.886053,-0.08004
0.886053,-0.08004
0.772711,-0.125281
0.886053,-0.08004
0.772711,-0.125281
0.659369,-0.170523
0.772711,-0.125281
0.674314,-0.064352
0.107606,-0.290561
0.09266,-0.396732
0.206002,-0.35149
0.206002,-0.35149
0.305714,-0.287023
0.419056,-0.241781
0.151484,-0.274587
0.151484,-0.274587
0.151484,-0.274587
0.151484,-0.274587
0.178743,-0.313039
0.399849,-0.20415
0.546027,-0.215765
0.465297,-0.148313
0.432707,-0.261028
0.432707,-0.261028
0.546027,-0.215765
0.432686,-0.261007
0.206002,-0.35149
0.319344,-0.306249
0.432686,-0.261007
0.319344,-0.306249
0.187988,-0.319883
0.287725,-0.211161
0.419081,-0.197526
0.539225,-0.184025
0.759106,-0.061801
0.978987,0.060423
0.985789,0.028683
0.992592,-0.003057
0.992592,-0.003057
0.999394,-0.034798
0.924916,-0.098681
0.999394,-0.034798
0.999394,-0.034798
0.996586,-0.051756
0.999394,-0.034798
0.999394,-0.034798
0.999394,-0.034798
0.999394,-0.034798
0.999394,-0.034798
0.999394,-0.034798
0.999394,-0.034798
0.999394,-0.034798
0.894201,-0.086857
0.789008,-0.138916
0.789008,-0.138916
0.65572,-0.137362
0.760913,-0.085303
0.65572,-0.137362
0.627624,-0.08375
0.732817,-0.031691
0.732817,-0.031691
0.866106,-0.033245
0.7659,-0.088517
0.892376,-0.117191
0.899189,-0.09007
0.899189,-0.09007
0.839586,-0.154046
0.579017,-0.238559
0.478812,-0.293832
0.698778,-0.200615
0.598572,-0.255888
0.297956,-0.421705
0.19775,-0.476978
0.297956,-0.421705
0.398161,-0.366433
0.297956,-0.421705
0.097545,-0.53225
-0.002661,-0.587523
0.297956,-0.421705
0.396529,-0.252231
0.697145,-0.086414
0.797351,-0.031141
0.797351,-0.031141
0.897556,0.024131
0.872211,0.078799
0.974049,0.01987
0.999394,-0.034798
0.981417,-0.07806
0.981417,-0.07806
0.981417,-0.07806
0.981417,-0.07806
0.88417,-0.016522
0.88417,-0.016522
0.768946,0.001755
0.732992,-0.08477
0.732992,-0.08477
0.618205,-0.047567
0.768946,0.001755
0.786924,0.045017
0.669312,0.212506
0.728217,0.213657
0.476232,0.448545
0.61182,0.324317
0.63097,0.275196
0.45704,0.462112
0.300139,0.243785
0.404489,0.296431
0.338481,0.181096
0.300139,0.243785
0.398505,0.149243
0.502856,0.20189
0.600102,0.140351
0.704453,0.192998
0.781137,0.06762
0.902148,0.026741
0.902148,0.026741
0.902148,0.026741
0.902148,0.026741
0.902148,0.026741
0.804901,0.088279
0.694967,0.039915
0.694967,0.039915
0.902148,0.026741
0.902148,0.026741
0.804901,0.088279
0.785031,0.138121
0.882278,0.076582
0.902148,0.026741
0.902148,0.026741
0.999394,-0.034798
0.999394,-0.034798
0.968878,-0.088518
0.817805,-0.179112
0.938361,-0.142239
0.938361,-0.142239
0.80509,-0.141647
0.702337,-0.087334
0.435795,-0.086149
0.302525,-0.085557
0.333042,-0.031837
0.0665,-0.030652
-0.06677,-0.03006
-0.06677,-0.03006
-0.06677,-0.03006
0.0665,-0.030652
0.026119,-0.089616
0.026119,-0.089616
0.026119,-0.089616
-0.107152,-0.089024
0.119007,-0.149172
0.0665,-0.030652
-0.06677,-0.03006
-0.333311,-0.028875
-0.333311,-0.028875
-0.466582,-0.028283
-0.599852,-0.027691
-0.466582,-0.028283
-0.673525,0.040922
-0.599852,-0.027691
-0.733123,-0.027099
-0.599852,-0.027691
-0.454295,-0.065153
-0.466582,-0.028283
-0.599852,-0.027691
-0.599852,-0.027691
-0.866394,-0.026506
-0.866394,-0.026506
-0.866394,-0.026506
-0.866394,-0.026506
-0.733123,-0.027099
-0.733123,-0.027099
-0.599852,-0.027691
-0.466582,-0.028283
-0.680759,-0.09049
-0.56614,-0.135054
-0.628395,-0.153882
-0.761666,-0.15329
-0.615487,-0.275833
-0.615487,-0.275833
-0.563123,-0.339224
-0.64403,-0.402024
-0.456401,-0.520326
-0.60258,-0.397783
-0.776581,-0.147698
-0.776581,-0.147698
-0.462397,-0.528048
-0.462397,-0.528048
-0.357669,-0.654831
-0.25294,-0.781615
-0.177021,-0.691097
-0.173322,-0.581441
-0.173322,-0.581441
-0.173322,-0.581441
-0.186949,-0.713224
-0.190388,-0.977651
-0.190388,-0.977651
-0.214204,-0.976789
-0.214204,-0.976789
-0.162561,-0.966883
-0.199686,-0.952675
-0.218249,-0.945571
-0.273936,-0.92426
-0.292499,-0.917156
-0.196587,-0.91588
-0.233713,-0.901672
-0.015953,-0.887687
0.061396,-0.879307
0.10162,-0.856719
0.208951,-0.868124
0.403872,-0.828776
0.448372,-0.824447
0.507158,-0.808963
0.507158,-0.808963
0.514301,-0.803385
0.564457,-0.672531
0.557314,-0.678109
0.631031,-0.66143
0.623044,-0.55602
0.601193,-0.533973
0.548238,-0.201276
0.487297,0.236832
0.535708,0.240639
0.551682,0.02982
0.566898,-0.175433
0.571942,-0.06089
0.52291,0.022936
0.559049,0.012045
0.575022,-0.198774
0.506372,-0.07499
0.466416,0.017705
0.583533,-0.10118
0.575546,0.00423
0.573668,0.005416
0.573668,0.005416
0.573668,0.005416
0.565681,0.110825
0.557695,0.216235
0.559573,0.215049
0.56756,0.10964
0.503442,0.184939
0.603698,0.098748
0.603698,0.098748
0.603698,0.098748
0.603698,0.098748
0.595711,0.204158
0.595711,0.204158
0.603698,0.098748
0.611685,-0.006661
0.619671,-0.112071
0.627658,-0.21748
0.635645,-0.32289
0.405956,-0.13129
0.397969,-0.02588
0.48486,0.247253
0.48486,0.247253
0.603698,0.098748
0.511502,-0.082222
0.511502,-0.082222
0.511502,-0.082222
0.479556,0.339416
0.595711,0.204158
0.595711,0.204158
0.595711,0.204158
0.595711,0.204158
0.595711,0.204158
0.579738,0.414977
0.563765,0.625796
0.563765,0.625796
0.57809,0.644074
0.600403,0.556943
0.622715,0.469811
0.582995,0.372085
0.492487,0.163395
0.526922,0.139497
0.465464,0.129359
0.465464,0.129359
0.535502,-0.197073
0.597553,-0.418096
0.58158,-0.207277
0.551476,-0.407892
0.60554,-0.523505
0.556193,-0.644701
0.61743,-0.625116
0.61743,-0.625116
0.559462,-0.513302
0.667591,-0.744528
0.667591,-0.744528
0.667591,-0.744528
0.667591,-0.744528
0.667591,-0.744528
0.667591,-0.744528
0.667591,-0.744528
0.667591,-0.744528
0.667591,-0.744528
0.667591,-0.744528
0.667591,-0.744528
0.564869,-0.662407
0.667591,-0.744528
0.667591,-0.744528
0.667591,-0.744528
0.667591,-0.744528
0.667591,-0.744528
0.667591,-0.744528
0.667591,-0.744528
0.656236,-0.637053
0.687473,-0.712174
0.636687,-0.743488
0.628051,-0.7677
0.628051,-0.7677
0.656346,-0.75267
0.656346,-0.75267
0.667591,-0.744528
0.667591,-0.744528
0.643887,-0.758231
0.667591,-0.744528
0.667591,-0.744528
0.667591,-0.744528
0.667591,-0.744528
0.667591,-0.744528
0.667591,-0.744528
0.667591,-0.744528
0.667591,-0.744528
0.667591,-0.744528
0.667591,-0.744528
0.667591,-0.744528
0.667591,-0.744528
0.667591,-0.744528
0.667591,-0.744528
0.667591,-0.744528
0.667591,-0.744528
0.667591,-0.744528
0.609304,-0.760119
0.667591,-0.744528
0.667591,-0.744528
0.619135,-0.628343
0.667591,-0.744528
0.667591,-0.744528
0.667591,-0.744528
0.667591,-0.744528
0.667591,-0.744528
0.667591,-0.744528
0.667591,-0.744528
0.667591,-0.744528
0.557956,-0.68066
0.44832,-0.616792
0.667591,-0.744528
0.667591,-0.744528
0.70109,-0.592638
0.684341,-0.668583
0.667591,-0.744528
0.667591,-0.744528
0.667591,-0.744528
0.667591,-0.744528
0.667591,-0.744528
0.667591,-0.744528
0.596756,-0.75614
0.596756,-0.75614
0.488489,-0.725973
0.488489,-0.725973
0.417653,-0.737585
0.488489,-0.725973
0.488489,-0.725973
0.488489,-0.725973
0.417653,-0.737585
0.130284,-0.688862
0.022017,-0.658695
-0.010622,-0.711389
-0.073267,-0.713892
-0.181534,-0.683725
0.11479,-0.722641
0.247506,-0.709223
0.284937,-0.751002
0.268488,-0.740887
0.247506,-0.709223
0.426608,-0.727779
0.417653,-0.737585
0.488489,-0.725973
0.559324,-0.714361
0.667591,-0.744528
0.667591,-0.744528
0.667591,-0.744528
0.667591,-0.744528
0.667591,-0.744528
0.667591,-0.744528
0.667591,-0.744528
0.667591,-0.744528
0.667591,-0.744528
0.667591,-0.744528
0.667591,-0.744528
0.667591,-0.744528
0.667591,-0.744528
0.667591,-0.744528
0.667591,-0.744528
0.667591,-0.744528
0.667591,-0.744528
0.667591,-0.744528
0.667591,-0.744528
0.667591,-0.744528
0.557837,-0.681215
0.535826,-0.694337
0.623569,-0.770771
0.623569,-0.770771
0.601558,-0.783893
0.579548,-0.797014
0.509251,-0.808855
0.509251,-0.808855
0.474579,-0.693282
0.518601,-0.667039
0.52795,-0.525223
0.647337,-0.548137
0.669497,-0.498251
0.565481,-0.151534
0.600153,-0.267106
0.622313,-0.217221
0.510711,-0.289263
0.401192,-0.238444
0.309688,-0.057185
0.406872,-0.065961
0.440481,-0.182466
0.387794,-0.197334
0.353122,-0.081762
0.231091,0.134515
0.284841,0.150317
0.319513,0.034744
0.319513,0.034744
0.406872,-0.065961
0.3722,0.049612
0.354185,-0.080829
0.266826,0.019876
0.354185,-0.080829
0.266826,0.019876
0.284841,0.150317
0.16281,0.366594
-0.059859,0.447371
-0.007172,0.462239
0.0275,0.346666
-0.059859,0.447371
-0.041844,0.577811
-0.186626,0.769412
-0.186626,0.769412
-0.026577,0.680287
-0.150518,0.73574
-0.412207,0.839301
-0.5275,0.802671
-0.493147,0.686814
-0.5275,0.802671
-0.484732,0.810645
-0.537419,0.795777
-0.580602,0.727777
-0.633289,0.712909
-0.611697,0.746909
-0.420212,0.389774
-0.453312,0.506793
-0.466722,0.51221
-0.588904,0.486102
-0.608268,0.312984
-0.62986,0.278984
-0.596761,0.161966
-0.673043,0.210984
-0.703961,-0.007408
-0.547606,-0.157976
-0.552712,-0.027037
-0.653619,0.041138
-0.78535,0.172549
-0.621277,-0.076507
-0.61617,-0.207446
-0.834935,0.124629
-0.889626,0.207648
-0.834935,0.124629
-0.834935,0.124629
-0.725552,-0.041408
-0.747902,-0.076034
-0.802593,0.006984
-0.911975,0.173022
-0.911975,0.173022
-0.911975,0.173022
-0.911975,0.173022
-0.966666,0.256041
-0.966666,0.256041
-0.803058,0.165214
-0.869099,0.029251
-0.804054,-0.121942
-0.836577,-0.046345
-0.836577,-0.046345
-0.869099,0.029251
-0.804054,-0.121942
-0.804054,-0.121942
-0.836577,-0.046345
-0.869099,0.029251
-0.771532,-0.197538
-0.804054,-0.121942
-0.771532,-0.197538
-0.804054,-0.121942
-0.804054,-0.121942
-0.804054,-0.121942
-0.804054,-0.121942
-0.836577,-0.046345
-0.766472,0.066831
-0.701427,-0.084362
-0.623973,0.054324
-0.145872,0.083949
0.208073,0.160292
-0.069575,0.210816
-0.064909,0.257782
-0.064909,0.257782
-0.451376,0.257035
-0.709021,0.256538
-0.709021,0.256538
-0.709021,0.256538
-0.709021,0.256538
-0.837844,0.256289
-0.966666,0.256041
-0.966666,0.256041
-0.966666,0.256041
-0.966666,0.256041
-0.966666,0.256041
-0.966666,0.256041
-0.966666,0.256041
-0.966666,0.256041
-0.966666,0.256041
-0.966666,0.256041
-0.966666,0.256041
-0.966666,0.256041
-0.958753,0.274307
-0.958753,0.274307
-0.958753,0.274307
-0.958753,0.274307
-0.958753,0.274307
-0.897531,0.323826
-0.889618,0.342093
-0.797293,0.417903
-0.897531,0.323826
-0.942928,0.310839
-0.942928,0.310839
-0.942928,0.310839
-0.942928,0.310839
-0.942928,0.310839
-0.935015,0.329106
-0.935015,0.329106
-0.927103,0.347372
-0.911277,0.383904
-0.879627,0.456969
-0.887539,0.438703
-0.671924,0.505838
-0.57203,0.521139
-0.646998,0.501735
-0.622072,0.497633
-0.746893,0.486434
-0.616927,0.450101
-0.616927,0.450101
-0.614159,0.515899
-0.614159,0.515899
-0.405034,0.529808
-0.346519,0.566062
-0.346519,0.566062
-0.346519,0.566062
-0.421884,0.537447
-0.304976,0.530379
-0.614159,0.515899
-0.731068,0.522967
-0.49725,0.508831
-0.49725,0.508831
-0.380342,0.501764
-0.380342,0.501764
-0.380342,0.501764
-0.263433,0.494696
-0.49725,0.508831
-0.49725,0.508831
-0.380342,0.501764
-0.610129,0.521648
-0.493221,0.514581
-0.380342,0.501764
-0.614159,0.515899
-0.614159,0.515899
-0.731068,0.522967
-0.731068,0.522967
-0.633045,0.539813
-0.516137,0.532746
-0.263433,0.494696
-0.380342,0.501764
-0.146524,0.487628
-0.029616,0.480561
0.221531,0.377167
0.221531,0.377167
0.204201,0.466425
0.204201,0.466425
0.32111,0.459358
0.32111,0.459358
0.204201,0.466425
0.204201,0.466425
0.087293,0.473493
0.204201,0.466425
0.438019,0.45229
0.438019,0.45229
0.32111,0.459358
0.438019,0.45229
0.671836,0.438155
0.786873,0.366588
0.786873,0.366588
0.818729,0.334598
0.905653,0.424019
0.905653,0.424019
0.905653,0.424019
0.905653,0.424019
0.905653,0.424019
0.905653,0.424019
0.905653,0.424019
0.905653,0.424019
0.911449,0.403848
0.911449,0.403848
0.917246,0.383677
0.917246,0.383677
0.906075,0.310428
0.906075,0.310428
0.923042,0.363506
0.923042,0.363506
0.917246,0.383677
0.917246,0.383677
0.88622,0.318931
0.792497,0.343747
0.667748,0.303818
0.667748,0.303818
0.667748,0.303818
0.786701,0.363919
0.829694,0.330931
0.829694,0.330931
0.905653,0.424019
0.905653,0.424019
0.905653,0.424019
0.905653,0.424019
0.905653,0.424019
0.905653,0.424019
0.905653,0.424019
0.905653,0.424019
0.905653,0.424019
0.905653,0.424019
0.905653,0.424019
0.837221,0.329573
0.837221,0.329573
0.837221,0.329573
0.768789,0.235127
0.700357,0.140681
0.592134,0.065989
0.627083,0.193168
0.558651,0.098722
0.090499,-0.045209
-0.036486,-0.076254
-0.026608,0.081595
-0.001537,0.050926
0.091966,0.114703
0.091966,0.114703
0.195348,0.336329
0.262313,0.270862
0.387832,0.141994
0.192414,0.016504
0.250968,-0.046898
-0.003004,-0.108987
-0.061557,-0.045585
0.13386,0.079906
0.13386,0.079906
0.202293,0.174352
0.202293,0.174352
0.651682,0.361931
0.651682,0.361931
0.790739,0.357409
0.787341,0.362767
0.669029,0.301515
0.669029,0.301515
0.432405,0.17901
0.432405,0.17901
0.432405,0.17901
0.550717,0.240263
0.550717,0.240263
0.550717,0.240263
0.432405,0.17901
0.550717,0.240263
0.140769,-0.038212
-0.197886,-0.218573
-0.197886,-0.218573
-0.309776,-0.28916
-0.444577,-0.328498
-0.524158,-0.298427
-0.395779,-0.249755
-0.387401,-0.172177
-0.615646,-0.217103
-0.615646,-0.217103
-0.615646,-0.217103
-0.608413,-0.227406
-0.616791,-0.304984
-0.608413,-0.227406
-0.600034,-0.149828
-0.371789,-0.104901
-0.270234,-0.198805
-0.392481,-0.251904
-0.395779,-0.249755
-0.514091,-0.311007
-0.430963,-0.2163
-0.430963,-0.2163
-0.146394,0.034367
-0.146394,0.034367
-0.215226,0.186491
-0.215226,0.186491
-0.096914,0.247743
-0.142675,0.285004
-0.056441,0.212385
-0.134281,0.115775
0.173358,0.251579
0.339615,0.440994
0.457927,0.502246
0.339615,0.440994
0.067807,0.351945
0.067807,0.351945
0.092749,0.326999
-0.353618,-0.12101
-0.27049,-0.026302
-0.21395,-0.039077
-0.21395,-0.039077
-0.272136,-0.15873
-0.330323,-0.278383
-0.0647,0.13202
-0.0647,0.13202
-0.031456,0.276619
-0.172771,0.062259
0.048013,0.045941
0.271118,-0.048296
0.144394,-0.268803
0.002273,-0.146177
0.040866,-0.080632
0.199292,0.429695
0.199292,0.429695
0.155696,0.303895
0.155696,0.303895
0.268352,0.247002
0.268352,0.247002
0.219915,-0.10299
0.263511,0.022809
0.341636,0.057262
0.376167,-0.034084
0.307106,0.148609
0.176319,-0.22879
0.141789,-0.137443
0.176319,-0.22879
0.185385,-0.011644
0.254445,-0.194337
0.21085,-0.320137
0.21085,-0.320137
0.27991,-0.50283
0.358036,-0.468377
0.271341,-0.504372
0.31444,-0.594177
0.31444,-0.594177
0.392566,-0.559724
0.392566,-0.559724
0.31444,-0.594177
0.31444,-0.594177
0.27991,-0.50283
0.24538,-0.411483
0.167254,-0.445936
0.158189,-0.663083
0.080063,-0.697536
0.001937,-0.731988
0.089128,-0.480389
0.17114,-0.316793
-0.02482,-0.382355
-0.020934,-0.253211
0.099496,-0.051817
0.208265,-0.237855
0.362991,-0.29276
0.43723,-0.387451
0.681048,-0.262763
0.681048,-0.262763
0.65511,-0.417286
0.756122,-0.475933
0.914734,-0.401694
0.912373,-0.407027
0.806364,-0.44732
0.806364,-0.44732
0.806364,-0.44732
0.804004,-0.452652
0.702714,-0.482281
0.705075,-0.476949
0.707435,-0.471616
0.610866,-0.490581
0.716876,-0.450287
0.714515,-0.45562
0.718789,-0.458482
0.619153,-0.371976
0.616792,-0.377308
0.822438,-0.423521
0.610356,-0.454443
0.610356,-0.454443
0.490569,-0.46354
0.730143,-0.445347
0.727783,-0.450679
0.730143,-0.445347
0.732503,-0.440015
0.730143,-0.445347
0.730143,-0.445347
0.824799,-0.418188
0.824799,-0.418188
0.727783,-0.450679
0.825236,-0.308328
0.728658,-0.230958
0.695535,-0.327956
0.664772,-0.419623
0.664772,-0.419623
0.29927,-0.425186
0.539791,-0.428587
0.306253,-0.359891
0.370556,-0.46796
0.203682,-0.502001
0.157069,-0.537743
0.159429,-0.532411
0.08818,-0.434422
0.083422,-0.500301
-0.036839,-0.498601
-0.184133,-0.423717
-0.082457,-0.448254
-0.063872,-0.425418
0.056388,-0.427118
0.056388,-0.427118
0.056388,-0.427118
0.025661,-0.457525
0.235454,-0.491333
0.324987,-0.52344
0.202366,-0.527072
-0.038155,-0.523672
-0.038155,-0.523672
0.202094,-0.527618
0.171367,-0.558025
0.291491,-0.559998
0.049577,-0.553472
0.32125,-0.528573
0.290387,-0.559253
0.013689,-0.563537
-0.212698,-0.404741
0.020651,-0.586186
-0.09961,-0.584486
-0.219871,-0.582786
-0.309404,-0.550678
-0.524835,-0.497031
-0.440939,-0.509299
-0.07717,-0.657569
-0.250598,-0.613193
-0.073211,-0.673436
0.105855,-0.737651
0.195388,-0.769759
0.227794,-0.743323
0.197067,-0.773731
0.197067,-0.773731
0.2866,-0.805838
0.317327,-0.775431
0.317327,-0.775431
0.255872,-0.836245
0.255872,-0.836245
0.345405,-0.868353
0.345405,-0.868353
0.345405,-0.868353
0.345405,-0.868353
0.345405,-0.868353
0.345405,-0.868353
0.434938,-0.90046
0.434938,-0.90046
0.434938,-0.90046
0.396114,-0.906368
0.396114,-0.906368
0.396114,-0.906368
0.396114,-0.906368
0.396114,-0.906368
0.357291,-0.912276
0.357291,-0.912276
0.396114,-0.906368
0.434938,-0.90046
0.434938,-0.90046
0.390005,-0.775696
0.390005,-0.775696
0.390005,-0.775696
0.390005,-0.775696
0.434938,-0.90046
0.434938,-0.90046
0.434938,-0.90046
0.341673,-0.858148
0.341673,-0.858148
0.434938,-0.90046
0.434938,-0.90046
0.434938,-0.90046
0.434938,-0.90046
0.434938,-0.90046
0.434938,-0.90046
0.434938,-0.90046
0.434938,-0.90046
0.434938,-0.90046
0.434938,-0.90046
0.434938,-0.90046
0.434938,-0.90046
0.434938,-0.90046
0.382934,-0.903
0.434938,-0.90046
0.434938,-0.90046
0.434938,-0.90046
0.434938,-0.90046
0.339396,-0.83642
0.280984,-0.836215
0.280984,-0.836215
0.376526,-0.900255
0.376526,-0.900255
0.259701,-0.899845
0.376526,-0.900255
0.376526,-0.900255
0.376526,-0.900255
0.376526,-0.900255
0.318113,-0.90005
0.318113,-0.90005
0.259701,-0.899845
0.376526,-0.900255
0.434938,-0.90046
0.434938,-0.90046
0.402111,-0.911336
0.369283,-0.922212
0.369283,-0.922212
0.418524,-0.905898
0.434938,-0.90046
0.365093,-0.893115
0.365093,-0.893115
0.295248,-0.88577
0.295248,-0.88577
0.295248,-0.88577
0.365093,-0.893115
0.434938,-0.90046
0.434938,-0.90046
0.434938,-0.90046
0.434938,-0.90046
0.434938,-0.90046
0.329825,-0.732486
0.329825,-0.732486
0.350911,-0.858712
0.350911,-0.858712
0.350911,-0.858712
0.434938,-0.90046
0.434938,-0.90046
0.434938,-0.90046
0.434938,-0.90046
0.434938,-0.90046
0.434938,-0.90046
0.25142,-0.735446
0.25142,-0.735446
0.067901,-0.570431
-0.023858,-0.487923
-0.023858,-0.487923
-0.115617,-0.405416
-0.125973,-0.409393
0.057546,-0.574408
0.065546,-0.571512
0.064442,-0.58522
0.060984,-0.60001
0.060612,-0.610807
0.152371,-0.693315
0.247589,-0.761032
0.056409,-0.647191
0.151999,-0.704111
0.127308,-0.731168
0.005845,-0.568292
-0.085914,-0.485785
-0.423247,-0.236124
-0.67934,0.134498
-0.709043,0.214866
-0.584126,0.216501
-0.606168,0.366446
-0.459961,0.443712
-0.660154,0.257597
-0.568395,0.175089
-0.757932,0.172136
-0.666173,0.089629
-0.757932,0.172136
-0.757932,0.172136
-0.757932,0.172136
-0.757932,0.172136
-0.941451,0.337151
-0.940226,0.243961
-0.817417,0.288399
-0.941451,0.337151
-0.821964,0.279646
-0.941451,0.337151
-0.941451,0.337151
-0.941451,0.337151
-0.567683,0.492847
-0.567683,0.492847
-0.485079,0.480632
-0.510588,0.593232
-0.470944,0.640378
-0.510588,0.593232
-0.489145,0.590255
-0.510588,0.593232
-0.327323,0.725739
-0.492387,0.643356
-0.574919,0.602164
-0.758185,0.469658
-0.579095,0.454025
-0.516916,0.415374
-0.454737,0.376723
-0.51056,0.397875
-0.265116,0.49173
-0.51056,0.397875
-0.633827,0.392356
-0.387293,0.403393
-0.149111,0.427964
-0.025844,0.433482
-0.2102,0.383795
-0.218553,0.39733
-0.34182,0.391812
-0.47344,0.399829
-0.47344,0.399829
-0.358526,0.418882
-0.47344,0.399829
-0.366879,0.432417
-0.019798,0.409636
-0.226179,0.51993
-0.229002,0.485501
-0.532004,0.369208
-0.646918,0.350155
-0.458831,0.447394
-0.756186,0.399961
-0.826536,0.356204
-0.826536,0.356204
-0.711622,0.375257
-0.596708,0.39431
-0.711622,0.375257
-0.596708,0.39431
-0.596708,0.39431
-0.481793,0.413364
-0.366879,0.432417
-0.366879,0.432417
-0.366879,0.432417
-0.481793,0.413364
-0.596708,0.39431
-0.596708,0.39431
-0.251965,0.45147
-0.366879,0.432417
-0.481793,0.413364
-0.711622,0.375257
-0.819717,0.297469
-0.711622,0.375257
-0.48441,0.405248
-0.440097,0.318708
-0.555011,0.299655
-0.569806,0.318263
-0.608413,0.131053
-0.620732,0.135974
-0.604841,0.068906
-0.649154,0.155446
-0.651984,-0.123011
-0.61999,-0.204629
-0.554481,-0.093466
-0.72011,-0.242291
-0.816092,0.002563
-0.752104,-0.160673
-0.784098,-0.079055
-0.784098,-0.079055
-0.771443,-0.052618
-0.813475,0.010679
-0.813475,0.010679
-0.845469,0.092297
-0.7682,-0.076129
-0.832188,0.087107
-0.780879,0.222432
-0.748885,0.140814
-0.877463,0.173915
-0.790593,0.343746
-0.827419,0.330377
-0.720337,0.416938
-0.715781,0.209596
-0.72517,0.321952
-0.679959,0.383427
-0.612084,0.300227
-0.644078,0.381845
-0.607251,0.395214
-0.61005,0.384824
-0.380667,0.400153
-0.565675,0.370775
-0.483448,0.367286
-0.334441,0.284106
-0.401228,0.436952
-0.487557,0.385689
-0.672097,0.325149
-0.740371,0.438811
-0.625839,0.541592
-0.542308,0.582464
-0.603234,0.572329
-0.600436,0.58272
-0.623041,0.551982
-0.57783,0.613457
-0.555225,0.644195
-0.538377,0.626906
-0.453713,0.70183
-0.555225,0.644195
-0.487409,0.736408
-0.426483,0.746543
-0.449089,0.715805
-0.471694,0.685067
-0.57783,0.613457
-0.516904,0.623592
-0.455978,0.633727
-0.372447,0.6746
-0.53951,0.592855
-0.455978,0.633727
-0.455978,0.633727
-0.478584,0.602989
-0.53951,0.592855
-0.53951,0.592855
-0.163114,0.58071
-0.353745,0.512528
-0.307972,0.453274
-0.145777,0.386511
-0.460845,0.485218
-0.293783,0.566964
-0.399919,0.495353
-0.359576,0.40832
-0.235701,0.362159
-0.134432,0.285261
-0.139299,0.136752
-0.126427,-0.129528
-0.030025,-0.354935
0.004521,-0.317011
-0.198018,-0.163214
-0.096749,-0.240113
-0.400557,-0.009417
-0.400557,-0.009417
-0.407507,-0.001576
-0.435103,-0.047341
-0.333833,-0.124239
-0.232564,-0.201138
-0.17251,-0.290226
0.131299,-0.520922
0.273784,-0.58563
0.273784,-0.58563
0.476323,-0.739427
0.375053,-0.662529
0.375053,-0.662529
0.577592,-0.816325
0.577592,-0.816325
0.577592,-0.816325
0.577592,-0.816325
0.577592,-0.816325
0.580596,-0.814071
0.577592,-0.816325
0.476049,-0.740205
0.476049,-0.740205
0.476049,-0.740205
0.374506,-0.664086
0.374506,-0.664086
0.374506,-0.664086
0.374506,-0.664086
0.374506,-0.664086
0.374506,-0.664086
0.476049,-0.740205
0.171421,-0.511846
-0.031665,-0.359606
-0.031665,-0.359606
-0.133208,-0.283486
0.041663,-0.525459
-0.088094,-0.539073
-0.181188,-0.635613
-0.310945,-0.649227
-0.302496,-0.821887
-0.468918,-0.752574
-0.432253,-0.835501
-0.432253,-0.835501
-0.395589,-0.918428
-0.395589,-0.918428
-0.395589,-0.918428
-0.395589,-0.918428
-0.395589,-0.918428
-0.395589,-0.918428
-0.395589,-0.918428
-0.395589,-0.918428
-0.395589,-0.918428
-0.395589,-0.918428
-0.395589,-0.918428
-0.395589,-0.918428
-0.395589,-0.918428
-0.395589,-0.918428
-0.395589,-0.918428
-0.395589,-0.918428
-0.316886,-0.898502
-0.159478,-0.85865
-0.002071,-0.818798
-0.159478,-0.85865
-0.159478,-0.85865
-0.238182,-0.878576
-0.245118,-0.759598
-0.323821,-0.779524
-0.337693,-0.541568
-0.364429,-0.440042
-0.344628,-0.42259
-0.351564,-0.303612
-0.338307,-0.274255
-0.324436,-0.512211
-0.318092,-0.634074
-0.32382,-0.631275
-0.32382,-0.631275
-0.330755,-0.512297
-0.337691,-0.393319
-0.337691,-0.393319
-0.338899,-0.27714
-0.345835,-0.158162
-0.24753,-0.230742
-0.254466,-0.111764
-0.156161,-0.184344
-0.163097,-0.065366
-0.325048,0.243795
-0.399864,0.136767
-0.446958,0.312717
-0.30156,0.064187
-0.413735,0.374723
-0.399864,0.136767
-0.399864,0.136767
-0.35277,-0.039184
-0.437203,-0.20456
-0.45801,0.152374
-0.45801,0.152374
-0.45801,0.152374
-0.464946,0.271352
-0.471882,0.39033
-0.439225,0.44636
-0.405875,0.505164
-0.464946,0.271352
-0.478817,0.509308
-0.431898,0.386296
-0.378042,0.144307
-0.391914,0.382263
-0.391914,0.382263
-0.431898,0.386296
-0.338058,0.140273
-0.298074,0.136239
-0.30501,0.255217
-0.158958,0.085019
-0.212813,0.327008
-0.072054,-0.042027
-0.019841,0.033798
-0.11368,0.279822
-0.207519,0.525846
-0.1606,0.402834
-0.061467,0.355647
0.037666,0.308461
0.022289,0.254315
0.236721,-0.071362
0.35123,-0.064402
0.403443,0.011423
0.623169,-0.115416
0.576249,0.007595
0.576249,0.007595
0.643839,0.137567
0.331064,0.22498
0.399443,0.069502
0.30031,0.116688
-0.065468,0.413726
0.1858,0.109729
0.337936,-0.147082
0.337936,-0.147082
0.321361,-0.046079
0.18871,0.032188
0.205285,-0.068815
0.121529,0.032517
0.15639,-0.091881
0.323902,-0.294546
0.191251,-0.216279
0.240146,-0.193213
-0.060017,0.087718
0.072634,0.009451
0.142356,-0.239345
0.142356,-0.239345
-0.002917,-0.100496
-0.113329,-0.086046
-0.14819,0.038352
0.019322,-0.164313
-0.029573,-0.187379
-0.277053,-0.245361
-0.307945,-0.261598
-0.28667,-0.242125
-0.356392,0.006671
-0.366692,0.289372
-0.366692,0.289372
-0.270314,0.127458
-0.319893,0.383859
-0.319893,0.383859
-0.374897,0.500652
-0.409758,0.625051
-0.409758,0.625051
-0.340036,0.376254
-0.270314,0.127458
-0.36018,0.36865
-0.36018,0.36865
-0.395041,0.493048
-0.395041,0.493048
-0.395041,0.493048
-0.429902,0.617446
-0.362975,0.617266
-0.429902,0.617446
-0.499624,0.866242
-0.499624,0.866242
-0.499624,0.866242
-0.499624,0.866242
-0.499624,0.866242
-0.425301,0.755936
-0.355424,0.642445
-0.264901,0.618915
-0.244256,0.708877
-0.334779,0.732406
-0.288596,0.740068
-0.313159,0.649223
-0.449864,0.66509
-0.373563,0.658292
-0.224917,0.43768
-0.24948,0.346834
-0.041228,0.402811
0.212558,0.095007
0.285527,0.14277
0.275047,0.047872
0.154744,-0.057084
0.179765,-0.031617
0.179765,-0.031617
0.105441,0.07869
0.020638,0.094098
-0.128008,0.314711
-0.053685,0.204404
-0.128008,0.314711
-0.1406,0.439671
-0.105112,0.456824
-0.030789,0.346518
-0.026103,0.471438
-0.179436,0.56713
-0.179436,0.56713
-0.262864,0.66884
-0.1726,0.573267
-0.1726,0.573267
-0.12997,0.632095
-0.208979,0.617482
-0.335038,0.660363
-0.25388,0.556194
-0.095919,0.343751
0.064311,0.133768
0.231167,-0.069651
0.397818,-0.27328
0.474621,-0.381554
0.468199,-0.387909
0.391397,-0.279635
0.398023,-0.27307
0.477094,-0.378884
0.562231,-0.381068
0.553897,-0.487158
0.646037,-0.580658
0.648124,-0.579014
0.72057,-0.691392
0.7183,-0.693852
0.722657,-0.689748
0.721721,-0.643788
0.718483,-0.693037
0.70977,-0.701246
0.716396,-0.694681
0.723021,-0.688117
0.736273,-0.674988
0.737102,-0.654537
0.519608,-0.623249
0.403101,-0.615399
0.482517,-0.67545
0.379261,-0.654471
0.394079,-0.641878
0.525404,-0.637135
0.415523,-0.62272
0.422148,-0.616156
0.422148,-0.616156
0.566795,-0.539222
0.641911,-0.644985
0.641911,-0.644985
0.641911,-0.644985
0.415335,-0.583128
0.219573,-0.551781
0.184162,-0.509122
0.403926,-0.53795
0.289449,-0.511385
0.403926,-0.53795
0.289449,-0.511385
0.406144,-0.558827
0.520621,-0.585392
0.520621,-0.585392
0.406144,-0.558827
0.635098,-0.611957
0.635098,-0.611957
0.635098,-0.611957
0.749137,-0.662255
0.751793,-0.659399
0.751793,-0.659399
0.751793,-0.659399
0.751793,-0.659399
0.751793,-0.659399
0.573241,-0.668682
0.644269,-0.649339
0.751793,-0.659399
0.732649,-0.674473
0.713505,-0.689546
0.713505,-0.689546
0.675218,-0.719693
0.675218,-0.719693
0.63693,-0.74984
0.617787,-0.764914
0.617787,-0.764914
0.504272,-0.741581
0.54256,-0.711434
0.63693,-0.74984
0.63693,-0.74984
0.598643,-0.779987
0.598643,-0.779987
0.579499,-0.795061
0.598643,-0.779987
0.617787,-0.764914
0.617787,-0.764914
0.579499,-0.795061
0.598643,-0.779987
0.560355,-0.810134
0.598643,-0.779987
0.579499,-0.795061
0.598643,-0.779987
0.617787,-0.764914
0.617787,-0.764914
0.656074,-0.734767
0.713505,-0.689546
0.641336,-0.708501
0.622192,-0.723574
0.45871,-0.776557
0.261346,-0.818348
0.170033,-0.852376
0.28049,-0.803274
0.208321,-0.822229
0.424828,-0.765365
0.496998,-0.74641
0.496998,-0.74641
0.569167,-0.727456
0.641336,-0.708501
0.751793,-0.659399
0.751793,-0.659399
0.751793,-0.659399
0.751793,-0.659399
0.591766,-0.690656
0.591766,-0.690656
0.67178,-0.675028
0.67178,-0.675028
0.67178,-0.675028
0.544487,-0.717668
0.544487,-0.717668
0.48084,-0.738988
0.608133,-0.696348
0.523712,-0.582487
0.591766,-0.690656
0.67178,-0.675028
0.67178,-0.675028
0.67178,-0.675028
0.663632,-0.670187
0.663632,-0.670187
0.575471,-0.680974
0.751793,-0.659399
0.751793,-0.659399
0.751793,-0.659399
0.751793,-0.659399
0.751793,-0.659399
0.642326,-0.645808
0.532858,-0.632218
0.314986,-0.542307
0.313924,-0.605036
0.423391,-0.618627
0.388283,-0.639622
0.49775,-0.653212
0.751793,-0.659399
0.751793,-0.659399
0.751793,-0.659399
0.751793,-0.659399
0.751793,-0.659399
0.751793,-0.659399
0.751793,-0.659399
0.751793,-0.659399
0.751793,-0.659399
0.635071,-0.61252
0.635071,-0.61252
0.518349,-0.56564
0.635071,-0.61252
0.401626,-0.518761
0.518349,-0.56564
0.401626,-0.518761
0.168182,-0.425002
0.05146,-0.378123
-0.065263,-0.331244
-0.181985,-0.284364
-0.004412,-0.400581
-0.065263,-0.331244
0.168182,-0.425002
0.401626,-0.518761
0.518349,-0.56564
0.668668,-0.557516
0.666242,-0.466976
0.666242,-0.466976
0.661391,-0.285895
0.478184,-0.008056
0.646836,0.257348
0.561286,0.449772
0.399888,0.472457
0.23849,0.495143
0.236064,0.585683
0.074666,0.608369
0.160217,0.415945
-0.263367,0.520893
-0.189074,0.397857
-0.018844,0.396325
-0.018844,0.396325
-0.093138,0.519361
0.074666,0.608369
0.23849,0.495143
0.316763,0.574341
0.236064,0.585683
0.496588,0.496562
0.577287,0.485219
0.496588,0.496562
0.431891,0.543352
0.494162,0.587102
0.574861,0.57576
0.754687,0.497981
0.773114,0.442888
0.791541,0.387794
0.77554,0.352347
0.754687,0.497981
0.757112,0.407441
0.759538,0.3169
0.754687,0.497981
0.717832,0.608168
0.717832,0.608168
0.717832,0.608168
0.717832,0.608168
0.614002,0.597547
0.717832,0.608168
0.717832,0.608168
0.720258,0.517627
0.77435,0.455764
0.77435,0.455764
0.793189,0.404962
0.809602,0.444702
0.828441,0.3939
0.828441,0.3939
0.828441,0.3939
0.771924,0.546304
0.771924,0.546304
0.809602,0.444702
0.828441,0.3939
0.853334,0.257076
0.834495,0.307877
0.859387,0.171053
0.865441,0.08503
0.754499,0.201621
0.859387,0.171053
0.790084,0.288236
0.784031,0.374259
0.729965,0.261317
0.748804,0.210515
0.748804,0.210515
0.418533,0.528191
0.225898,0.503981
0.317642,0.515321
0.384394,0.397703
0.360456,0.449194
0.533865,0.35973
0.57489,0.391565
0.59373,0.340764
0.632108,0.107943
0.572943,-0.00431
0.628096,0.011
0.439966,-0.005524
0.380801,-0.117777
0.224793,-0.24068
0.251179,-0.29236
0.270018,-0.343162
0.15588,-0.395177
0.211201,-0.442103
0.247683,-0.438228
0.349566,-0.373877
0.482544,-0.372663
0.356723,-0.49908
0.419243,-0.560197
0.419243,-0.560197
0.4897,-0.497866
0.4897,-0.497866
0.630615,-0.373206
0.608221,-0.245403
0.515371,-0.17993
0.600675,-0.244524
0.701072,-0.310876
0.693525,-0.309997
0.607974,-0.37057
0.607974,-0.37057
0.451967,-0.493473
0.451967,-0.493473
0.295959,-0.616376
0.304648,-0.484095
0.382651,-0.422644
0.529971,-0.432021
0.451967,-0.493473
0.451967,-0.493473
0.451967,-0.493473
0.217955,-0.677828
-0.016056,-0.862183
-0.016056,-0.862183
-0.016056,-0.862183
-0.016056,-0.862183
0.061947,-0.800731
0.061947,-0.800731
0.061947,-0.800731
-0.016056,-0.862183
-0.064984,-0.623384
-0.016056,-0.862183
0.101204,-0.636595
-0.03543,-0.81084
-0.022875,-0.67851
0.113759,-0.504264
0.172389,-0.39147
0.153015,-0.340128
0.094385,-0.452922
0.16557,-0.207798
0.211136,-0.494155
0.078751,-0.520236
0.198422,-0.484198
0.088331,-0.484351
0.132973,-0.41332
0.067524,-0.342441
0.095162,-0.348936
0.044795,-0.416883
0.115969,-0.490846
-0.045763,-0.610665
-0.085955,-0.7365
-0.172064,-0.985086
-0.271187,-0.836343
-0.218045,-0.885595
-0.218045,-0.885595
-0.172064,-0.985086
-0.140821,-0.855746
-0.140821,-0.855746
-0.140821,-0.855746
-0.30529,-0.679845
-0.250467,-0.738479
-0.226887,-0.926452
-0.226887,-0.926452
-0.248378,-0.802832
-0.172064,-0.985086
-0.224711,-0.901157
-0.224711,-0.901157
-0.224711,-0.901157
-0.172064,-0.985086
-0.172064,-0.985086
-0.172064,-0.985086
-0.172064,-0.985086
-0.172064,-0.985086
-0.172064,-0.985086
-0.172064,-0.985086
-0.152028,-0.853299
-0.152028,-0.853299
-0.152028,-0.853299
-0.152028,-0.853299
-0.279046,-0.8837
-0.332537,-0.833007
-0.332537,-0.833007
-0.345834,-0.705439
-0.412622,-0.527179
-0.318936,-0.500997
-0.318936,-0.500997
-0.30564,-0.628565
-0.318936,-0.500997
-0.265445,-0.55169
-0.238852,-0.806825
-0.345834,-0.705439
-0.292343,-0.756132
-0.361684,-0.670598
-0.308193,-0.721291
-0.308193,-0.721291
-0.18701,-0.72434
-0.245844,-0.743095
-0.219642,-0.86377
-0.219642,-0.86377
-0.217959,-0.966716
-0.217959,-0.966716
-0.202105,-0.971579
-0.202105,-0.971579
-0.176618,-0.984125
-0.172064,-0.985086
-0.172064,-0.985086
-0.172064,-0.985086
-0.172064,-0.985086
-0.172064,-0.985086
-0.172064,-0.985086
-0.172064,-0.985086
-0.172064,-0.985086
-0.172064,-0.985086
-0.172064,-0.985086
-0.172064,-0.985086
-0.172064,-0.985086
-0.172064,-0.985086
-0.172064,-0.985086
-0.272822,-0.891686
-0.172064,-0.985086
-0.172064,-0.985086
-0.172064,-0.985086
-0.172064,-0.985086
-0.226997,-0.913502
-0.239037,-0.785446
-0.251078,-0.657391
-0.239037,-0.785446
-0.239037,-0.785446
-0.239037,-0.785446
-0.217136,-0.914847
-0.217136,-0.914847
-0.272069,-0.843264
-0.331933,-0.771007
-0.386866,-0.699423
-0.386866,-0.699423
-0.441799,-0.62784
-0.551665,-0.484672
-0.443529,-0.581517
-0.349508,-0.562979
-0.506385,-0.42908
-0.412072,-0.161648
-0.568059,-0.097899
-0.571194,-0.031801
-0.422973,-0.058826
-0.302668,-0.025505
-0.160017,-0.033074
-0.099576,0.072504
-0.104507,0.073177
0.001943,-0.175974
-0.068358,-0.280206
0.182464,-0.390411
0.206532,-0.284788
0.18588,-0.284428
0.242226,-0.177289
0.322536,-0.434618
0.367691,-0.426476
0.298368,-0.622066
0.383954,-0.420397
0.337106,-0.428265
0.338799,-0.428539
0.318583,-0.525303
0.404169,-0.323633
0.313858,-0.339916
0.343523,-0.613925
0.253212,-0.630208
0.213135,-0.639169
0.16798,-0.647311
0.166287,-0.647038
0.169672,-0.647584
0.12621,-0.655999
0.128956,-0.656377
0.105709,-0.568028
0.104336,-0.567839
0.340689,-0.244337
0.21164,-0.454421
0.099577,-0.567104
0.035898,-0.672283
-0.022701,-0.778281
0.039284,-0.672829
-0.069869,-0.747
-0.11873,-0.715445
-0.294947,-0.894247
-0.354832,-0.764535
-0.393948,-0.782742
-0.434757,-0.800676
-0.343807,-0.862693
-0.392668,-0.831138
-0.301718,-0.893154
-0.229375,-0.854668
-0.185593,-0.885403
-0.089565,-0.948239
-0.089565,-0.948239
-0.082793,-0.949332
-0.004799,-0.88803
-0.0811,-0.949606
-0.118785,-0.834915
-0.113707,-0.835735
-0.277207,-0.696137
-0.298073,-0.746615
-0.298073,-0.746615
-0.296381,-0.746889
-0.296381,-0.746889
-0.389231,-0.568531
-0.389231,-0.568531
-0.332373,-0.632471
-0.446089,-0.504592
-0.53894,-0.326235
-0.554354,-0.080085
-0.420059,-0.076233
-0.506881,0.236245
-0.578865,0.46508
-0.656302,0.397288
-0.671428,0.562184
-0.656302,0.397288
-0.620232,0.408972
-0.614205,0.541479
-0.656224,0.52339
-0.671064,0.605418
-0.518194,0.716568
-0.371273,0.821314
-0.413291,0.803225
-0.413291,0.803225
-0.476176,0.734657
-0.538734,0.666396
-0.534533,0.666191
-0.387612,0.770937
-0.408478,0.720459
-0.45021,0.619502
-0.399137,0.637794
-0.39461,0.637895
-0.264313,0.77513
-0.39461,0.637895
-0.452967,0.569429
-0.411235,0.670385
-0.399137,0.637794
-0.39461,0.637895
-0.318143,0.706765
-0.318143,0.706765
-0.578736,0.432294
-0.583264,0.432193
-0.718088,0.294857
-0.608132,0.381642
-0.676069,0.312946
-0.5503,0.45008
-0.420003,0.587316
-0.361646,0.655782
-0.554827,0.449979
-0.404197,0.456082
-0.404197,0.456082
-0.212414,0.502825
-0.367571,0.496621
-0.304687,0.565189
-0.367571,0.496621
-0.177995,0.442934
-0.054433,0.479637
-0.244009,0.533325
-0.244009,0.533325
-0.175788,0.543365
-0.172659,0.384407
-0.04376,0.362584
-0.106645,0.294016
-0.169529,0.225449
-0.04376,0.362584
-0.042354,0.255375
-0.205924,0.308521
-0.051804,0.361885
0.280052,0.228546
0.210908,0.477894
-0.050019,0.680499
0.0204,0.614025
0.152428,0.433243
0.351745,0.344945
0.411108,0.344989
0.349498,0.459295
0.556349,0.235955
0.713098,0.23275
0.722325,0.123447
0.651907,0.189921
0.651907,0.189921
0.65273,0.200449
0.672829,0.028415
0.672829,0.028415
0.672829,0.028415
0.813666,-0.104534
0.692929,-0.143618
0.572192,-0.182702
0.758525,-0.076874
0.758525,-0.076874
0.758525,-0.076874
0.73879,-0.124308
0.719055,-0.171743
0.719055,-0.171743
0.921369,-0.188136
0.862319,-0.330286
0.862474,-0.330132
0.862319,-0.330286
0.882054,-0.282851
0.862628,-0.329978
0.842894,-0.377413
0.823159,-0.424847
0.803578,-0.472128
0.803578,-0.472128
0.719344,-0.510071
0.719498,-0.509917
0.739079,-0.462636
0.653902,-0.576661
0.581449,-0.568308
0.535432,-0.587772
0.508517,-0.635576
0.705308,-0.435342
0.836501,-0.301854
0.72975,-0.284401
0.69059,-0.378962
0.790485,-0.321317
0.685727,-0.482623
0.639711,-0.502087
0.652435,-0.379708
0.586838,-0.446453
0.475225,-0.532661
0.475225,-0.532661
0.278434,-0.732894
0.278434,-0.732894
0.344031,-0.666149
0.344031,-0.666149
0.212838,-0.799638
0.147241,-0.866382
0.081644,-0.933127
0.016047,-0.999871
0.016047,-0.999871
0.016047,-0.999871
0.016047,-0.999871
0.016047,-0.999871
0.016047,-0.999871
-0.009911,-0.99506
-0.009911,-0.99506
-0.028086,-0.992837
-0.072219,-0.985802
-0.136518,-0.786786
-0.090738,-0.873357
-0.087917,-0.763317
-0.179851,-0.777596
-0.296566,-0.566263
-0.240852,-0.764845
-0.254936,-0.763571
-0.238412,-0.659066
-0.189844,-0.777272
-0.218011,-0.774724
-0.280219,-0.552825
-0.292677,-0.420575
-0.288641,-0.628025
-0.232927,-0.826607
-0.256677,-0.819532
-0.269498,-0.946944
-0.347374,-0.932509
-0.358242,-0.799908
-0.432107,-0.626314
-0.343151,-0.672119
-0.343151,-0.672119
-0.32806,-0.54433
-0.376601,-0.578008
-0.391692,-0.705797
-0.39496,-0.356108
-0.36975,-0.580342
-0.356049,-0.585009
-0.325867,-0.32943
-0.334108,-0.459553
-0.303926,-0.203974
-0.329136,0.020259
-0.381259,-0.360775
-0.381259,-0.360775
-0.42156,-0.26433
-0.433069,-0.044764
-0.441309,-0.174886
-0.483,-0.210898
-0.435848,-0.309676
-0.476149,-0.213232
-0.653833,-0.087699
-0.714391,0.026536
-0.67409,-0.069909
-0.761034,0.196967
-0.834786,0.387522
-0.754184,0.194634
-0.754184,0.194634
-0.59131,0.083771
-0.673582,0.001745
-0.673582,0.001745
-0.633281,-0.0947
-0.656724,-0.082709
-0.616423,-0.179154
-0.501939,-0.165314
-0.58254,0.027575
-0.58254,0.027575
-0.633281,-0.0947
-0.673582,0.001745
-0.55268,-0.287588
-0.472078,-0.480477
-0.472078,-0.480477
-0.472078,-0.480477
-0.543625,-0.274959
-0.615172,-0.06944
-0.6562,0.164399
-0.57325,0.079178
-0.586387,0.213512
-0.577332,0.226142
-0.583076,0.357921
-0.554541,0.583156
-0.563596,0.570526
-0.379402,0.567629
-0.479484,0.547913
-0.582236,0.632628
-0.573181,0.645258
-0.440659,0.778166
-0.50038,0.757216
-0.560102,0.736265
-0.560102,0.736265
-0.619823,0.715315
-0.619823,0.715315
-0.619823,0.715315
-0.619823,0.715315
-0.619823,0.715315
-0.571508,0.680977
-0.571508,0.680977
-0.571508,0.680977
-0.511787,0.701927
-0.511787,0.701927
-0.511787,0.701927
-0.571508,0.680977
-0.571508,0.680977
-0.560102,0.736265
-0.639477,0.583444
-0.699198,0.562493
-0.659131,0.451573
-0.619063,0.340652
-0.619063,0.340652
-0.508763,0.137783
-0.518664,0.267676
-0.588897,0.359624
-0.508763,0.137783
-0.508763,0.137783
-0.428628,-0.084059
-0.518664,0.267676
-0.478597,0.156755
-0.378659,-0.324872
-0.338592,-0.435793
-0.258458,-0.657634
-0.298525,-0.546714
-0.367671,-0.515197
-0.345355,-0.550215
-0.305287,-0.661136
-0.385422,-0.439294
-0.298525,-0.546714
-0.298525,-0.546714
-0.258458,-0.657634
-0.21839,-0.768555
-0.178323,-0.879476
-0.178323,-0.879476
-0.146847,-0.988614
-0.146847,-0.988614
-0.170866,-0.864797
-0.170866,-0.864797
-0.155438,-0.986832
-0.155438,-0.986832
-0.146847,-0.988614
-0.182459,-0.971932
-0.222001,-0.850916
-0.275311,-0.614231
-0.284633,-0.819333
-0.24043,-0.837798
-0.204818,-0.854481
-0.204818,-0.854481
-0.204818,-0.854481
-0.204818,-0.854481
-0.169206,-0.871163
-0.169206,-0.871163
-0.12591,-0.862434
-0.09954,-0.86083
-0.09954,-0.86083
-0.135953,-0.7462
-0.061705,-0.856704
-0.240611,-0.523146
-0.240611,-0.523146
-0.333875,-0.496533
-0.26105,-0.725794
-0.211081,-0.761136
-0.247494,-0.646505
-0.247494,-0.646505
-0.283907,-0.531875
-0.369687,-0.319401
-0.365429,-0.186892
-0.343407,-0.188928
-0.378,-0.074526
-0.401459,0.056891
-0.41341,0.302223
-0.449823,0.416853
-0.449823,0.416853
-0.486236,0.531484
-0.522649,0.646114
-0.433675,0.792429
-0.324408,0.693006
-0.370981,0.80827
-0.308288,0.824112
-0.370981,0.80827
-0.433675,0.792429
-0.621755,0.744903
-0.496368,0.776587
-0.559062,0.760745
-0.496368,0.776587
-0.559062,0.760745
-0.496368,0.776587
-0.496368,0.776587
-0.496368,0.776587
-0.579542,0.703546
-0.642236,0.687705
-0.642236,0.687705
-0.704929,0.671863
-0.704929,0.671863
-0.492585,0.544351
-0.588517,0.636706
-0.684449,0.729061
-0.684449,0.729061
-0.572351,0.675307
-0.460254,0.621552
-0.572351,0.675307
-0.348157,0.567798
-0.348157,0.567798
-0.460254,0.621552
-0.572351,0.675307
-0.572351,0.675307
-0.684449,0.729061
-0.684449,0.729061
-0.684449,0.729061
-0.684449,0.729061
-0.625874,0.745855
-0.625874,0.745855
-0.5673,0.762649
-0.5673,0.762649
-0.5673,0.762649
-0.508725,0.779443
-0.5673,0.762649
-0.573629,0.755814
-0.573629,0.755814
-0.5673,0.762649
-0.625874,0.745855
-0.515098,0.593412
-0.408119,0.570897
-0.25653,0.639002
-0.36351,0.661517
-0.25653,0.639002
-0.14955,0.616488
-0.042571,0.593973
-0.14955,0.616488
0.172683,0.500047
-0.041276,0.545076
0.065703,0.522561
0.065703,0.522561
-0.042571,0.593973
-0.14955,0.616488
-0.14955,0.616488
-0.36351,0.661517
-0.684449,0.729061
-0.573846,0.69539
-0.491068,0.702143
-0.491068,0.702143
-0.40829,0.708896
-0.573846,0.69539
-0.573846,0.69539
-0.573846,0.69539
-0.573846,0.69539
-0.573846,0.69539
-0.684449,0.729061
-0.684449,0.729061
-0.588926,0.724674
-0.704567,0.691485
-0.723021,0.65542
-0.764922,0.578758
-0.78504,0.541183
-0.744803,0.616334
-0.744803,0.616334
-0.744803,0.616334
-0.678385,0.671969
-0.678385,0.671969
-0.724685,0.65391
-0.744803,0.616334
-0.764922,0.578758
-0.78504,0.541183
-0.724685,0.65391
-0.61527,0.624692
-0.505854,0.595474
-0.485736,0.63305
-0.704567,0.691485
-0.657517,0.720068
-0.619087,0.72181
-0.554158,0.609394
-0.510515,0.661261
-0.548944,0.659519
-0.419259,0.461841
-0.458773,0.361108
-0.482298,0.346817
-0.456883,0.133668
-0.220564,-0.086264
-0.316696,-0.112944
-0.16098,-0.137101
-0.036467,-0.300355
-0.247371,-0.293571
-0.036467,-0.300355
-0.173688,-0.030527
0.049924,-0.143885
0.024508,0.069264
-0.074971,0.135091
-0.410389,0.305128
-0.286257,0.257597
-0.35994,-0.005448
-0.235427,-0.168701
-0.321436,-0.440893
-0.221956,-0.50672
-0.337594,-0.453947
-0.225789,-0.510626
-0.225789,-0.510626
-0.196541,-0.719869
-0.298501,-0.768043
0.084379,-0.462656
0.19699,-0.518566
0.092169,-0.565018
-0.004068,-0.616635
-0.035675,-0.57541
-0.067282,-0.534184
0.034678,-0.48601
0.003071,-0.444785
-0.10206,-0.468856
-0.288629,-0.55922
-0.307438,-0.403328
-0.350673,-0.371529
-0.557933,-0.444949
-0.457186,-0.423148
-0.675904,-0.504821
-0.718596,-0.440488
-0.827131,-0.495372
-0.838216,-0.472265
-0.827131,-0.495372
-0.745613,-0.586452
-0.686265,-0.631319
-0.676828,-0.626331
-0.665743,-0.649437
-0.704853,-0.631992
-0.74368,-0.605245
-0.70292,-0.650785
-0.673246,-0.673218
-0.714787,-0.563871
-0.74911,-0.440046
-0.579429,-0.288158
-0.368207,-0.245618
-0.431418,-0.355159
-0.461092,-0.332726
-0.615648,-0.324271
-0.574733,-0.37116
-0.659357,-0.165577
-0.659357,-0.165577
-0.62332,-0.055257
-0.555131,-0.389431
-0.587129,-0.316302
-0.72586,-0.242965
-0.752176,-0.221919
-0.812922,-0.035843
-0.769447,-0.163982
-0.801445,-0.090853
-0.708637,0.029256
-0.606782,0.186256
-0.540848,0.291594
-0.540848,0.291594
-0.52453,0.190407
-0.571592,0.212121
-0.696399,0.165141
-0.589971,0.291716
-0.658112,0.295732
-0.714778,0.244737
-0.714778,0.244737
-0.849,0.274358
-0.799663,0.162339
-0.799663,0.162339
-0.844852,0.056333
-0.833376,0.001323
-0.708724,-0.027296
-0.738694,-0.208916
-0.715741,-0.318937
-0.780297,-0.131302
-0.859044,-0.322724
-0.859044,-0.322724
-0.847568,-0.377735
-0.847568,-0.377735
-0.734636,-0.307789
-0.746112,-0.252778
-0.746112,-0.252778
-0.757589,-0.197768
-0.629263,-0.233525
-0.342327,-0.09892
-0.282256,-0.161041
-0.282256,-0.161041
-0.278339,-0.211733
-0.289815,-0.156723
-0.37653,-0.254345
-0.368971,-0.258663
-0.470427,-0.38362
-0.691908,-0.452786
-0.808017,-0.447688
-0.80484,-0.522732
-0.801663,-0.597776
-0.801663,-0.597776
-0.801663,-0.597776
-0.643166,-0.454952
-0.403071,-0.373385
-0.403071,-0.373385
-0.19188,-0.398206
-0.20489,-0.363665
-0.204813,-0.369185
-0.326252,-0.391893
-0.567296,-0.460092
-0.593317,-0.391009
-0.690479,-0.467105
-0.701265,-0.455726
-0.461093,-0.37968
-0.570394,-0.429082
-0.581166,-0.41473
-0.591952,-0.403351
-0.640662,-0.582109
-0.627652,-0.616651
-0.507566,-0.578628
-0.638437,-0.605271
-0.627652,-0.616651
-0.27818,-0.491203
-0.256609,-0.513962
-0.016438,-0.437916
-0.136524,-0.475939
-0.245824,-0.525342
-0.136524,-0.475939
-0.136524,-0.475939
-0.245824,-0.525342
-0.256609,-0.513962
-0.423149,-0.495535
-0.663321,-0.571581
-0.695676,-0.537442
-0.655515,-0.558857
-0.6663,-0.547477
-0.563292,-0.46304
-0.574077,-0.451661
-0.574077,-0.451661
-0.471069,-0.367224
-0.563292,-0.46304
-0.677085,-0.536098
-0.780093,-0.620535
-0.769308,-0.631915
-0.780093,-0.620535
-0.801663,-0.597776
-0.801663,-0.597776
-0.801663,-0.597776
-0.801663,-0.597776
-0.801663,-0.597776
-0.801663,-0.597776
-0.801663,-0.597776
-0.801663,-0.597776
-0.801663,-0.597776
-0.801663,-0.597776
-0.801663,-0.597776
-0.79334,-0.607001
-0.801663,-0.597776
-0.801663,-0.597776
-0.801663,-0.597776
-0.801663,-0.597776
-0.801663,-0.597776
-0.801663,-0.597776
-0.801663,-0.597776
-0.801663,-0.597776
-0.801663,-0.597776
-0.736898,-0.492226
-0.736898,-0.492226
-0.736898,-0.492226
-0.672133,-0.386676
-0.607368,-0.281126
-0.736898,-0.492226
-0.672133,-0.386676
-0.672133,-0.386676
-0.672133,-0.386676
-0.656434,-0.291872
-0.656434,-0.291872
-0.66912,-0.243575
-0.771941,-0.204236
-0.773911,0.069429
-0.770898,0.21253
-0.742514,0.259037
-0.732842,0.06764
-0.701444,0.257247
-0.685745,0.352051
-0.625964,0.588166
-0.594566,0.777773
-0.506295,0.766313
-0.506295,0.766313
-0.418023,0.754854
-0.418023,0.754854
-0.418023,0.754854
-0.418023,0.754854
-0.506295,0.766313
-0.477911,0.812821
-0.477911,0.812821
-0.477911,0.812821
-0.566182,0.82428
-0.55623,0.829925
-0.55623,0.829925
-0.566182,0.82428
-0.566182,0.82428
-0.543028,0.704278
-0.433681,0.483528
-0.456835,0.603531
-0.456835,0.603531
-0.543028,0.704278
-0.543028,0.704278
-0.543028,0.704278
-0.566182,0.82428
-0.522695,0.835747
-0.566182,0.82428
-0.566182,0.82428
-0.566182,0.82428
-0.566182,0.82428
-0.566182,0.82428
-0.413319,0.771565
-0.413319,0.771565
-0.45867,0.716737
-0.341643,0.480135
-0.351158,0.609194
-0.400156,0.598436
-0.45867,0.716737
-0.517184,0.835038
-0.517184,0.835038
-0.468186,0.845797
-0.517184,0.835038
-0.517184,0.835038
-0.468186,0.845797
-0.451398,0.733163
-0.481611,0.721875
-0.481611,0.721875
-0.481611,0.721875
-0.481611,0.721875
-0.481611,0.721875
-0.481611,0.721875
-0.481611,0.721875
-0.481611,0.721875
-0.481611,0.721875
-0.566182,0.82428
-0.566182,0.82428
-0.566182,0.82428
-0.566182,0.82428
-0.506018,0.759974
-0.506018,0.759974
-0.595036,0.772316
-0.566182,0.82428
-0.566182,0.82428
-0.566182,0.82428
-0.566182,0.82428
-0.566182,0.82428
-0.475729,0.81015
-0.475729,0.81015
-0.510102,0.833424
-0.566182,0.82428
-0.566182,0.82428
-0.566182,0.82428
-0.566182,0.82428
-0.566182,0.82428
-0.566182,0.82428
-0.566182,0.82428
-0.566182,0.82428
-0.566182,0.82428
-0.566182,0.82428
-0.566182,0.82428
-0.566182,0.82428
-0.568802,0.716271
-0.580478,0.616576
-0.378488,0.464534
-0.568802,0.716271
-0.568802,0.716271
-0.574042,0.500252
-0.467299,0.641841
-0.473841,0.627102
-0.471221,0.735111
-0.471221,0.735111
-0.566182,0.82428
-0.566182,0.82428
-0.566182,0.82428
-0.566182,0.82428
-0.566182,0.82428
-0.566182,0.82428
-0.566182,0.82428
-0.45839,0.738082
-0.474665,0.729919
-0.383148,0.635558
-0.383148,0.635558
-0.07042,0.367321
-0.198993,0.448414
-0.383148,0.635558
-0.383148,0.635558
-0.383148,0.635558
-0.200114,0.446836
-0.291631,0.541197
-0.383148,0.635558
-0.383148,0.635558
-0.566182,0.82428
-0.566182,0.82428
-0.566182,0.82428
-0.566182,0.82428
-0.469848,0.801137
-0.469848,0.801137
-0.469848,0.801137
-0.566182,0.82428
-0.566182,0.82428
-0.566182,0.82428
-0.566182,0.82428
-0.566182,0.82428
-0.566182,0.82428
-0.566182,0.82428
-0.566182,0.82428
-0.566182,0.82428
-0.566182,0.82428
-0.367626,0.663066
-0.367626,0.663066
-0.367626,0.663066
-0.367626,0.663066
-0.268348,0.582459
-0.268348,0.582459
-0.069792,0.421245
0.029486,0.340637
-0.069792,0.421245
0.128764,0.26003
0.344489,0.107276
0.642323,-0.134546
0.443767,0.026669
0.344489,0.107276
0.145933,0.26849
0.063824,0.357557
0.121105,0.219696
0.237552,0.147548
0.016052,0.463543
0.063824,0.357557
0.279549,0.204802
0.26238,0.196343
0.128764,0.26003
0.029486,0.340637
-0.069792,0.421245
-0.16907,0.501852
-0.268348,0.582459
-0.0862,0.397826
-0.185478,0.478433
-0.400443,0.616228
-0.400443,0.616228
-0.371679,0.627335
-0.288809,0.523309
-0.288809,0.523309
-0.288809,0.523309
-0.20594,0.419282
-0.234704,0.408175
-0.400443,0.616228
-0.403044,0.613957
-0.403044,0.613957
-0.403044,0.613957
-0.242508,0.401364
-0.239907,0.403635
-0.239907,0.403635
-0.154436,0.301879
-0.071567,0.197853
-0.317574,0.512202
-0.400443,0.616228
-0.400443,0.616228
-0.483313,0.720254
-0.566182,0.82428
-0.463703,0.753392
-0.463703,0.753392
-0.566182,0.82428
-0.589703,0.795613
-0.594247,0.792198
-0.537276,0.829164
-0.584358,0.810619
-0.584358,0.810619
-0.570726,0.820865
-0.57527,0.81745
-0.579786,0.811845
-0.579786,0.811845
-0.516179,0.818339
-0.413015,0.776229
-0.2858,0.789217
-0.388964,0.831327
-0.198142,0.850808
-0.261749,0.844315
-0.452571,0.824833
-0.502575,0.830774
-0.502575,0.830774
-0.502575,0.830774
-0.492877,0.715343
-0.469497,0.709319
-0.469497,0.709319
-0.469497,0.709319
-0.469497,0.709319
-0.474833,0.603491
-0.480169,0.497662
-0.480169,0.497662
-0.523919,0.40746
-0.334834,0.439905
-0.23311,0.353698
-0.285621,0.343639
-0.186549,0.358327
-0.032928,0.382577
-0.087477,0.373015
-0.126663,0.473718
0.066144,0.397266
0.308164,0.224548
0.230786,0.197593
-0.011235,0.370311
-0.088613,0.343357
-0.363347,0.752264
-0.308797,0.761826
-0.266625,0.671606
-0.235675,0.797793
-0.177556,0.809986
-0.341205,0.7813
-0.407287,0.775907
-0.302942,0.717972
-0.089497,0.679161
0.273335,0.437858
0.223539,0.505356
0.173744,0.572853
0.278064,0.521393
0.436959,0.47302
0.5911,0.347587
0.550813,0.569203
0.600467,0.499424
0.600301,0.503618
0.519615,0.575392
0.51964,0.568917
0.475759,0.55361
0.625146,0.351119
0.675083,0.285903
0.673006,0.272114
0.67284,0.276308
0.670904,0.2648
0.77047,0.136281
0.74375,0.092335
0.636303,0.091981
0.747077,0.044597
0.585911,0.31296
0.549507,0.30951
0.541683,0.393235
0.476443,0.462871
0.411485,0.53707
0.457749,0.423765
0.457749,0.423765
0.541966,0.397798
0.561083,0.443748
0.737821,0.250941
0.737796,0.257416
0.671912,0.361893
0.671887,0.368368
0.606671,0.431529
0.541456,0.49469
0.475554,0.56451
0.427983,0.49674
0.380438,0.422495
0.445653,0.359334
0.332206,0.35491
0.34919,0.224164
0.332206,0.35491
0.400142,-0.168075
0.449322,-0.278205
0.343798,-0.131517
0.343798,-0.131517
0.295566,-0.199102
0.156263,-0.046178
0.088327,0.476807
0.088327,0.476807
0.093372,0.618595
0.132384,0.49889
0.154413,0.509931
0.1154,0.629636
0.120812,0.818032
0.138846,0.816998
0.0737,0.879025
0.069971,0.982875
0.027539,0.999261
0.027539,0.999261
0.034687,0.99873
0.027539,0.999261
0.020391,0.999792
0.031337,0.867618
-0.009655,0.854572
0.036384,0.734607
0.04733,0.602433
0.075123,0.338923
0.097016,0.074575
0.097016,0.074575
0.075123,0.338923
0.064177,0.471097
0.05323,0.60327
0.064177,0.471097
0.064177,0.471097
0.08607,0.206749
0.075123,0.338923
0.064177,0.471097
0.064155,0.471093
0.075102,0.338919
0.173244,-0.122399
0.173244,-0.122399
0.118909,-0.189773
0.118909,-0.189773
0.140802,-0.45412
0.129856,-0.321947
0.107963,-0.057599
0.097016,0.074575
0.08607,0.206749
0.107963,-0.057599
0.129856,-0.321947
0.076496,-0.430317
0.012189,-0.406514
0.023136,-0.538688
0.034082,-0.670862
-0.052118,-0.38271
0.151749,-0.586294
0.151749,-0.586294
0.162695,-0.718468
0.151749,-0.586294
0.173642,-0.850642
0.162695,-0.718468
0.151749,-0.586294
0.151749,-0.586294
0.151749,-0.586294
0.140802,-0.45412
0.151749,-0.586294
-0.002172,-0.422741
-0.156093,-0.259188
-0.013118,-0.290567
-0.013118,-0.290567
0.052895,-0.24017
0.104749,-0.192759
0.104749,-0.192759
0.07191,0.203763
0.082856,0.071589
0.07191,0.203763
0.050017,0.46811
0.112817,0.383348
0.222617,-0.094951
0.367232,0.179456
0.378178,0.047282
0.274471,-0.04754
0.25504,-0.050022
0.19224,0.034741
0.28049,-0.052014
0.251051,0.206747
0.131469,0.371798
0.140106,0.500611
0.234964,0.290374
0.380458,0.511761
0.400042,0.508399
0.408679,0.637212
0.447847,0.63049
0.472552,0.556802
0.665001,0.227834
0.647562,0.239902
0.709273,0.028008
0.7193,0.051626
0.729327,0.075245
0.664383,0.151302
0.35612,0.581322
0.337609,0.589037
0.335694,0.631021
0.338681,0.59339
0.147063,0.834619
0.274808,0.6738
0.338681,0.59339
0.401481,0.508627
0.400409,0.504274
0.208792,0.745503
0.145991,0.830266
0.145991,0.830266
0.145991,0.830266
0.208792,0.745503
0.208792,0.745503
0.271592,0.660741
0.565957,0.304656
0.503157,0.389419
0.628758,0.219893
0.522793,0.321689
0.522793,0.321689
0.397193,0.491215
0.397193,0.491215
0.397193,0.491215
0.522793,0.321689
0.585116,0.235313
0.647917,0.15055
0.773995,-0.017362
0.711194,0.067401
0.836795,-0.102125
0.748921,-0.021709
0.836795,-0.102125
0.836795,-0.102125
0.836795,-0.102125
0.773995,-0.017362
0.5774,-0.041472
0.5146,0.043291
0.707098,-0.071799
0.314582,0.009805
0.12141,-0.00493
0.12141,-0.00493
0.119173,0.063887
0.216352,0.11035
0.192026,0.140922
0.224545,0.064133
0.281389,-0.043229
0.540784,-0.103882
0.504211,-0.037824
0.669762,0.07381
0.702623,0.065834
0.721725,0.176399
0.722449,0.209826
0.807689,-0.076593
0.723837,-0.216397
0.676832,-0.295939
0.723837,-0.216397
0.774979,-0.143908
0.759492,-0.010729
0.885957,-0.112169
0.89625,-0.169559
0.856012,-0.220846
0.856012,-0.220846
0.855289,-0.254273
0.931515,-0.099481
0.941808,-0.156871
0.952102,-0.214261
0.952102,-0.214261
0.915703,-0.317879
0.85444,-0.303804
0.638529,-0.368109
0.422618,-0.432415
0.638529,-0.368109
0.422618,-0.432415
0.422618,-0.432415
0.314662,-0.464568
0.314662,-0.464568
0.426272,-0.41519
0.424445,-0.423802
0.858094,-0.286578
0.655617,-0.323619
0.667254,-0.382787
0.771264,-0.303913
0.846551,-0.210361
0.958451,-0.22493
0.962396,-0.271651
0.962396,-0.271651
0.926665,-0.313842
0.962396,-0.271651
0.962396,-0.271651
0.962396,-0.271651
0.964764,-0.257834
0.964764,-0.257834
0.940615,-0.280929
0.964764,-0.257834
0.964764,-0.257834
0.964764,-0.257834
0.962396,-0.271651
0.963645,-0.266431
0.848039,-0.202263
0.849288,-0.197043
0.968641,-0.245551
0.967392,-0.250771
0.967392,-0.250771
0.968641,-0.245551
0.967392,-0.250771
0.835329,-0.239184
0.967392,-0.250771
0.968641,-0.245551
0.969889,-0.240331
0.968641,-0.245551
0.978215,-0.157577
0.981858,-0.130363
0.981754,-0.118809
0.856647,-0.0995
0.733096,-0.149344
0.605586,-0.145967
0.738914,-0.070969
0.615259,-0.10926
0.860176,-0.054672
0.988925,-0.046767
0.991412,-0.030266
0.931444,-0.08382
0.933931,-0.067319
0.879625,-0.136734
0.996283,0.014291
0.996471,0.003307
0.996471,0.003307
0.99389,-0.007703
0.998865,0.0253
0.998771,0.030792
0.993407,-0.046069
0.990396,-0.065278
0.989032,-0.08312
0.986302,-0.118804
0.989032,-0.08312
0.991854,-0.052927
0.860506,-0.051871
0.859141,-0.069714
0.72998,-0.091267
0.724555,-0.089451
0.856318,-0.099906
0.589246,-0.134846
0.717772,-0.166094
0.850579,-0.1548
0.716314,-0.178445
0.709558,-0.211801
0.709558,-0.211801
0.452064,-0.183191
0.583507,-0.189739
0.583507,-0.189739
0.283631,-0.223095
0.546516,-0.23619
0.415073,-0.229642
0.057737,-0.163548
-0.205148,-0.150453
-0.205148,-0.150453
-0.468032,-0.137357
-0.730917,-0.124262
-0.599475,-0.13081
-0.770965,-0.048559
-0.811013,0.027145
-0.719619,0.0963
-0.719619,0.0963
-0.811013,0.027145
-0.811013,0.027145
-0.811013,0.027145
-0.993802,-0.111167
-0.993802,-0.111167
-0.991353,-0.12308
-0.991353,-0.12308
-0.991353,-0.12308
-0.986455,-0.146906
-0.986455,-0.146906
-0.991353,-0.12308
-0.988904,-0.134993
-0.988904,-0.134993
-0.991353,-0.12308
-0.993802,-0.111167
-0.993802,-0.111167
-0.993802,-0.111167
-0.993802,-0.111167
-0.993802,-0.111167
-0.993802,-0.111167
-0.993802,-0.111167
-0.993802,-0.111167
-0.993802,-0.111167
-0.959645,-0.045324
-0.925488,0.020519
-0.959645,-0.045324
-0.959645,-0.045324
-0.959645,-0.045324
-0.959645,-0.045324
-0.959645,-0.045324
-0.925488,0.020519
-0.925488,0.020519
-0.993802,-0.111167
-0.993802,-0.111167
-0.993802,-0.111167
-0.861034,-0.099258
-0.861034,-0.099258
-0.993802,-0.111167
-0.993802,-0.111167
-0.993802,-0.111167
-0.993802,-0.111167
-0.993802,-0.111167
-0.993802,-0.111167
-0.952553,-0.165555
-0.952553,-0.165555
-0.952553,-0.165555
-0.898828,-0.092666
-0.898828,-0.092666
-0.940078,-0.038277
-0.832629,0.107503
-0.886353,0.034613
-0.886353,0.034613
-0.886353,0.034613
-0.993802,-0.111167
-0.993802,-0.111167
-0.993802,-0.111167
-0.993802,-0.111167
-0.993802,-0.111167
-0.993802,-0.111167
-0.993802,-0.111167
-0.993802,-0.111167
-0.993802,-0.111167
-0.993802,-0.111167
-0.993802,-0.111167
-0.993802,-0.111167
-0.993802,-0.111167
-0.993802,-0.111167
-0.993802,-0.111167
-0.993802,-0.111167
-0.993802,-0.111167
-0.993802,-0.111167
-0.993802,-0.111167
-0.993802,-0.111167
-0.993802,-0.111167
-0.993802,-0.111167
-0.993802,-0.111167
-0.993802,-0.111167
-0.993802,-0.111167
-0.993802,-0.111167
-0.993802,-0.111167
-0.993802,-0.111167
-0.865714,-0.078835
-0.993802,-0.111167
-0.993802,-0.111167
-0.993802,-0.111167
-0.993802,-0.111167
-0.863839,-0.084118
-0.85252,-0.038936
-0.416869,0.11306
-0.546832,0.086012
-0.451314,0.087392
-0.462633,0.042209
-0.711239,0.033295
-0.818562,0.096612
-0.807243,0.141794
-0.925886,0.159928
-0.792482,0.2561
-0.769844,0.346465
-0.781163,0.301282
-0.821205,0.305148
-0.780183,0.332576
-0.725078,0.319795
-0.743461,0.382732
-0.720823,0.473097
-0.857971,0.431023
-0.846652,0.476206
-0.835332,0.521388
-0.824013,0.566571
-0.824013,0.566571
-0.824013,0.566571
-0.824013,0.566571
-0.827245,0.561374
-0.827245,0.561374
-0.824013,0.566571
-0.824013,0.566571
-0.824013,0.566571
-0.824013,0.566571
-0.824013,0.566571
-0.824013,0.566571
-0.824013,0.566571
-0.824013,0.566571
-0.824013,0.566571
-0.824013,0.566571
-0.824013,0.566571
-0.824013,0.566571
-0.824013,0.566571
-0.824013,0.566571
-0.824013,0.566571
-0.824013,0.566571
-0.724845,0.578677
-0.824013,0.566571
-0.824013,0.566571
-0.824013,0.566571
-0.709628,0.496689
-0.813701,0.57972
-0.813701,0.57972
-0.813701,0.57972
-0.808546,0.586294
-0.808546,0.586294
-0.798234,0.599443
-0.691947,0.590469
-0.796481,0.599578
-0.80339,0.592869
-0.808546,0.586294
-0.808546,0.586294
-0.808546,0.586294
-0.808546,0.586294
-0.76709,0.601965
-0.772246,0.595391
-0.824013,0.566571
-0.824013,0.566571
-0.824013,0.566571
-0.824013,0.566571
-0.734283,0.585665
-0.734283,0.585665
-0.734283,0.585665
-0.734283,0.585665
-0.734283,0.585665
-0.734283,0.585665
-0.824013,0.566571
-0.824013,0.566571
-0.824013,0.566571
-0.824013,0.566571
-0.824013,0.566571
-0.824013,0.566571
-0.824013,0.566571
-0.824013,0.566571
-0.824013,0.566571
-0.824013,0.566571
-0.659121,0.612479
-0.741567,0.589525
-0.824013,0.566571
-0.824013,0.566571
-0.824013,0.566571
-0.702597,0.523835
-0.824013,0.566571
-0.788592,0.592546
-0.788592,0.592546
-0.788592,0.592546
-0.824013,0.566571
-0.824013,0.566571
-0.824013,0.566571
-0.824013,0.566571
-0.824013,0.566571
-0.824013,0.566571
-0.824013,0.566571
-0.824013,0.566571
-0.824013,0.566571
-0.824013,0.566571
-0.805097,0.584899
-0.78618,0.603227
-0.805097,0.584899
-0.691083,0.578015
-0.481124,0.585919
-0.557305,0.62946
-0.480276,0.62592
-0.347346,0.637364
-0.404611,0.699233
-0.290597,0.692349
-0.253612,0.689004
-0.099554,0.681925
0.187434,0.68629
0.361256,0.737539
0.207198,0.744618
0.18913,0.766291
0.18913,0.766291
0.009905,0.688096
0.009905,0.688096
-0.067124,0.691636
-0.226993,0.590704
-0.237963,0.719323
-0.392021,0.726403
-0.403643,0.510381
-0.397832,0.618392
-0.397832,0.618392
-0.309181,0.830874
-0.078094,0.820255
-0.232152,0.827334
-0.210551,0.797668
-0.28758,0.801208
-0.405672,0.741349
-0.405672,0.741349
-0.405672,0.741349
-0.38621,0.834414
-0.493374,0.706351
-0.580272,0.801577
-0.487516,0.780481
-0.467514,0.800438
-0.385272,0.792378
-0.385272,0.792378
-0.447512,0.820396
-0.357305,0.803273
-0.540268,0.841493
-0.540268,0.841493
-0.498178,0.851783
-0.498178,0.851783
-0.498178,0.851783
-0.540268,0.841493
-0.540268,0.841493
-0.540268,0.841493
-0.540268,0.841493
-0.447559,0.820473
-0.443778,0.697393
-0.345085,0.664015
-0.248596,0.519915
0.143091,0.44047
-0.060906,0.175062
0.229883,0.018274
0.123696,-0.115722
0.418893,-0.051067
0.507007,-0.197752
0.5145,-0.030377
0.620687,0.103619
0.42859,0.227029
0.521994,0.136997
0.413975,0.318778
0.694185,0.048684
0.600782,0.138715
0.692169,0.045486
0.719568,0.177763
0.430794,0.33775
0.337391,0.427781
0.342681,0.484434
0.342681,0.484434
0.243988,0.517813
0.347971,0.541087
0.347971,0.541087
0.515473,0.393564
0.255217,0.370934
0.156524,0.404312
0.202845,0.396597
-0.109782,0.399629
-0.040973,0.285485
0.258318,0.29879
0.357011,0.265411
0.203982,0.395179
-0.137392,0.316028
-0.121981,0.414549
-0.121981,0.414549
-0.023288,0.38117
0.159625,0.332168
0.099856,0.170636
0.228434,0.218024
0.078127,0.081224
-0.102949,0.130689
-0.111104,0.139335
-0.162848,0.133464
-0.269696,0.175488
-0.286761,0.295504
-0.206019,0.144668
-0.013009,0.058512
0.213663,0.025077
0.111191,0.0865
0.3785,-0.080627
0.54373,-0.211736
0.646202,-0.27316
0.675297,-0.395566
0.708764,-0.330143
0.70837,-0.304737
0.854532,-0.144665
0.928104,-0.096386
0.891771,-0.003224
0.788703,-0.053612
0.667492,-0.17043
0.59394,-0.37264
0.134401,-0.514204
0.116062,-0.567933
0.031529,-0.577295
-0.134602,-0.541588
-0.002696,-0.523624
-0.274633,-0.605438
-0.388748,-0.551186
-0.373059,-0.645883
-0.240605,-0.646407
-0.137733,-0.583316
0.170882,-0.394046
0.06801,-0.457136
0.273754,-0.330955
0.376626,-0.267865
0.423204,-0.146235
0.366911,-0.087696
0.320332,-0.209326
0.572654,0.038485
0.413489,0.033934
0.310617,-0.029156
0.516361,0.097024
0.389646,0.313054
0.32894,0.290376
0.314812,0.389327
0.450196,0.264393
0.519571,0.378166
0.553068,0.327483
0.670067,0.291622
0.787067,0.255761
0.96036,0.16136
0.96036,0.16136
0.926863,0.212044
0.926863,0.212044
0.893366,0.262727
0.798267,0.228293
0.758069,0.10398
0.547426,0.227807
0.461829,0.197566
0.487513,0.14674
0.230321,0.179238
-0.079542,0.090701
0.047364,0.0704
0.047364,0.0704
-0.338425,0.119147
-0.439791,-0.015899
-0.467168,0.064492
-0.513633,-0.160432
-0.642229,-0.144183
-0.42897,-0.059236
-0.42897,-0.059236
-0.433259,-0.080624
-0.558133,-0.088688
-0.530756,-0.16908
-0.604031,-0.267911
-0.658785,-0.107129
-0.716071,-0.288716
-0.770825,-0.127934
-0.82558,0.032848
-0.935089,0.354413
-0.935089,0.354413
-0.935089,0.354413
-0.935089,0.354413
-0.935089,0.354413
-0.815003,0.297473
-0.935089,0.354413
-0.863297,0.396778
-0.935089,0.354413
-0.935089,0.354413
-0.935089,0.354413
-0.891851,0.394657
-0.891851,0.394657
-0.800837,0.431214
-0.935089,0.354413
-0.935089,0.354413
-0.935089,0.354413
-0.931078,0.355285
-0.93982,0.339267
-0.93982,0.339267
-0.937455,0.34684
-0.937455,0.34684
-0.935089,0.354413
-0.935089,0.354413
-0.935089,0.354413
-0.807941,0.346412
-0.680792,0.338412
-0.807941,0.346412
-0.705087,0.269841
-0.705087,0.269841
-0.499379,0.116699
-0.602233,0.19327
-0.602233,0.19327
-0.832235,0.277842
-0.832235,0.277842
-0.75666,0.319554
-0.653806,0.242983
-0.475376,0.208123
-0.550952,0.166412
-0.533256,0.039595
-0.403125,-0.15526
-0.19833,-0.307174
-0.294705,-0.144626
-0.301184,-0.230603
-0.292792,-0.293398
-0.404037,-0.154032
-0.412429,-0.091237
-0.087085,-0.44654
-0.060619,-0.408461
-0.231647,-0.434836
-0.274903,-0.347331
-0.47222,-0.256984
-0.372535,-0.260006
-0.466997,-0.246229
-0.274903,-0.347331
-0.087085,-0.44654
0.110231,-0.536887
0.106242,-0.46474
0.098099,-0.296249
0.201202,-0.267124
0.402756,-0.323924
0.409127,-0.277689
0.413765,-0.334709
0.412033,-0.437964
0.313818,-0.418413
0.117139,-0.485007
0.117139,-0.485007
0.018675,-0.571152
0.214856,-0.715949
0.313072,-0.7355
0.214856,-0.715949
0.411287,-0.755051
0.214856,-0.715949
-0.26033,-0.636728
0.034316,-0.695381
0.132531,-0.714932
-0.028744,-0.579698
0.148421,-0.733465
0.442172,-0.468613
0.432175,-0.671927
0.40135,-0.684943
0.40135,-0.684943
0.396351,-0.7866
0.427177,-0.773585
0.311534,-0.698834
0.12228,-0.650666
-0.173904,-0.555347
-0.313951,-0.599445
-0.313951,-0.599445
-0.487092,-0.560865
-0.404767,-0.561883
-0.445483,-0.506161
-0.445483,-0.506161
-0.488007,-0.534947
-0.643252,-0.595374
-0.667856,-0.549241
-0.576872,-0.440494
-0.601476,-0.394361
-0.428167,-0.286632
-0.452771,-0.240499
-0.493176,-0.066084
-0.296635,-0.379915
-0.222967,-0.490698
-0.124696,-0.647613
-0.1493,-0.60148
-0.363158,-0.507179
-0.338554,-0.553312
-0.302387,-0.488109
-0.417831,-0.578339
-0.393227,-0.624472
-0.310902,-0.62549
-0.322465,-0.736826
-0.40479,-0.735808
-0.544837,-0.779906
-0.544837,-0.779906
-0.462512,-0.780924
-0.462512,-0.780924
-0.462512,-0.780924
-0.297861,-0.782959
-0.215536,-0.783977
-0.297861,-0.782959
-0.215536,-0.783977
0.113765,-0.788047
0.278416,-0.790083
0.21985,-0.672963
-0.191776,-0.667874
-0.168017,-0.551772
0.161285,-0.555843
0.137525,-0.671945
0.137525,-0.671945
0.19514,-0.625438
0.277465,-0.626456
0.384501,-0.674998
0.360741,-0.7911
0.360741,-0.7911
0.278416,-0.790083
0.278416,-0.790083
0.196091,-0.789065
0.360741,-0.7911
0.373248,-0.679293
0.30343,-0.566469
0.221105,-0.565451
0.221105,-0.565451
0.290923,-0.678276
0.131372,-0.671915
0.049047,-0.670898
0.376041,-0.778125
0.351234,-0.728733
0.191683,-0.722372
0.186583,-0.726697
0.288616,-0.781433
0.283516,-0.785758
0.288616,-0.781433
0.448167,-0.787793
0.448167,-0.787793
0.365841,-0.786775
0.448167,-0.787793
0.525392,-0.793136
0.494089,-0.810963
0.494089,-0.810963
0.525392,-0.793136
0.607717,-0.794153
0.607717,-0.794153
0.607717,-0.794153
0.607717,-0.794153
0.607717,-0.794153
0.607717,-0.794153
0.607717,-0.794153
0.607717,-0.794153
0.607717,-0.794153
0.632328,-0.755465
0.632328,-0.755465
0.656938,-0.716777
0.656938,-0.716777
0.656938,-0.716777
0.681548,-0.678089
0.681548,-0.678089
0.605175,-0.729544
0.605175,-0.729544
0.58737,-0.73928
0.679005,-0.613479
0.654395,-0.652168
0.755379,-0.562024
0.730769,-0.600712
0.706158,-0.6394
0.706158,-0.6394
0.730769,-0.600712
0.730769,-0.600712
0.755379,-0.562024
0.389581,-0.52486
0.438801,-0.447483
0.284055,-0.486679
0.092603,-0.370905
0.284055,-0.486679
-0.04049,-0.350183
-0.032523,-0.372139
-0.268185,-0.334466
-0.218965,-0.25709
-0.28106,-0.34219
-0.28106,-0.34219
-0.28106,-0.34219
-0.066341,-0.54176
-0.158992,-0.495856
-0.344295,-0.404048
-0.419264,-0.496872
-0.326613,-0.542776
0.136643,-0.772294
0.136643,-0.772294
0.136643,-0.772294
0.019495,-0.732316
0.204798,-0.824123
0.229294,-0.818198
0.229294,-0.818198
0.229294,-0.818198
0.229294,-0.818198
-0.048659,-0.680487
-0.190843,-0.636885
-0.283494,-0.590982
-0.233962,-0.588679
-0.232719,-0.524607
-0.326699,-0.457343
-0.353043,-0.463019
-0.167034,-0.608222
-0.166965,-0.608533
-0.058558,-0.523353
0.126744,-0.61516
-0.057937,-0.491317
0.164881,-0.580545
0.257532,-0.626449
0.388941,-0.605701
0.466457,-0.472399
0.597866,-0.451652
0.53087,-0.710052
0.492112,-0.776703
0.492112,-0.776703
0.462009,-0.649415
0.389101,-0.637689
0.453355,-0.843354
0.492112,-0.776703
0.414597,-0.910005
0.414597,-0.910005
0.32036,-0.852377
0.32036,-0.852377
0.205523,-0.800376
0.184923,-0.806003
0.27916,-0.863631
0.373397,-0.921259
0.352798,-0.926886
0.373397,-0.921259
0.393997,-0.915632
0.376548,-0.789082
0.376548,-0.789082
0.330976,-0.667429
0.330976,-0.667429
0.344052,-0.661072
0.29848,-0.539418
0.302853,-0.672325
0.307226,-0.805232
0.245427,-0.822113
0.381961,-0.772175
0.34678,-0.855157
0.478941,-0.672312
0.458341,-0.677939
0.499541,-0.666685
0.424897,-0.75461
0.464359,-0.749667
0.363661,-0.826844
0.449778,-0.827023
0.52014,-0.661058
0.52014,-0.661058
0.484959,-0.744041
0.484959,-0.744041
0.484959,-0.744041
0.52014,-0.661058
0.555321,-0.578076
0.625684,-0.412111
0.625684,-0.412111
0.590503,-0.495094
0.555321,-0.578076
0.41722,-0.476368
0.336337,-0.375582
0.173575,-0.623607
0.057511,-0.605803
-0.148,-0.459006
-0.104256,-0.40423
-0.039778,-0.49354
0.114729,-0.606724
0.091064,-0.506859
-0.070703,-0.305286
0.171947,-0.607646
0.171947,-0.607646
0.091064,-0.506859
0.010181,-0.406072
-0.151586,-0.204499
-0.232469,-0.103713
-0.475119,0.198647
-0.556002,0.299434
-0.394236,0.09786
-0.556002,0.299434
-0.636885,0.40022
-0.717769,0.501007
-0.717769,0.501007
-0.717769,0.501007
-0.798652,0.601793
-0.798652,0.601793
-0.798652,0.601793
-0.798652,0.601793
-0.798652,0.601793
-0.798652,0.601793
-0.798652,0.601793
-0.798652,0.601793
-0.798652,0.601793
-0.798652,0.601793
-0.798652,0.601793
-0.798652,0.601793
-0.798652,0.601793
-0.798652,0.601793
-0.798652,0.601793
-0.798652,0.601793
-0.798652,0.601793
-0.798652,0.601793
-0.678758,0.560179
-0.443888,0.453278
-0.204101,0.370048
-0.443888,0.453278
-0.563781,0.494892
-0.558865,0.518564
-0.438972,0.476949
-0.423758,0.491586
-0.438972,0.476949
-0.319078,0.435335
-0.319078,0.435335
-0.558865,0.518564
-0.678758,0.560179
-0.678758,0.560179
-0.363185,0.565171
-0.453674,0.520228
-0.319078,0.435335
-0.319078,0.435335
-0.319078,0.435335
-0.219093,0.442751
-0.099199,0.401136
0.160495,0.268876
0.279452,0.225987
0.159558,0.267602
0.279452,0.225987
0.279452,0.225987
0.551215,0.229505
0.464432,0.148471
0.464432,0.148471
0.584325,0.106856
0.684468,0.019357
0.674557,-0.037836
0.579822,-0.093803
0.849257,-0.085164
0.830319,-0.098304
0.869007,-0.03928
0.869007,-0.03928
0.869007,-0.03928
0.869007,-0.03928
0.834852,-0.095995
0.965594,-0.079142
0.965594,-0.079142
0.93144,-0.135858
0.965594,-0.079142
0.965594,-0.079142
0.965594,-0.079142
0.999748,-0.022427
0.999748,-0.022427
0.999748,-0.022427
0.999748,-0.022427
0.999748,-0.022427
0.999748,-0.022427
0.770107,-0.11161
0.425645,-0.245386
0.196003,-0.33457
0.196003,-0.33457
0.057635,-0.345335
-0.172006,-0.434519
-0.172006,-0.434519
-0.389874,-0.540616
-0.456321,-0.49038
-0.3415,-0.445788
-0.571142,-0.534972
-0.420086,-0.385957
-0.305448,-0.345024
-0.420086,-0.385957
-0.571324,-0.538631
-0.571324,-0.538631
-0.607925,-0.650373
-0.607925,-0.650373
-0.607925,-0.650373
-0.722563,-0.691306
-0.722563,-0.691306
-0.722563,-0.691306
-0.729166,-0.683221
-0.623561,-0.670984
-0.616958,-0.679068
-0.616958,-0.679068
-0.722563,-0.691306
-0.722563,-0.691306
-0.722563,-0.691306
-0.722563,-0.691306
-0.629016,-0.596377
-0.722563,-0.691306
-0.722563,-0.691306
-0.722563,-0.691306
-0.722563,-0.691306
-0.722563,-0.691306
-0.688203,-0.710439
-0.65059,-0.598526
-0.581871,-0.636793
-0.61623,-0.61766
-0.61623,-0.61766
-0.61623,-0.61766
-0.706456,-0.658661
-0.706456,-0.658661
-0.633218,-0.330274
-0.669723,-0.226718
-0.454756,-0.143708
-0.320493,-0.519189
-0.481932,-0.55749
-0.534544,-0.486579
-0.587156,-0.415668
-0.765504,-0.334484
-0.783756,-0.282706
-0.745106,-0.470684
-0.815971,-0.347995
-0.868583,-0.277084
-0.868583,-0.277084
-0.860927,-0.251297
-0.842674,-0.303075
-0.813825,-0.432417
-0.832078,-0.380639
-0.795573,-0.484195
-0.771843,-0.186524
-0.75359,-0.238301
-0.832078,-0.380639
-0.85033,-0.328862
-0.85033,-0.328862
-0.868583,-0.277084
-0.679357,-0.266242
-0.568159,-0.24188
-0.627436,-0.127278
-0.538615,-0.114269
-0.685196,-0.027344
-0.809898,-0.081925
-0.939349,-0.05451
-0.940471,-0.062242
-0.959845,-0.018196
-0.848483,0.049134
-0.889461,0.20476
-0.524503,0.358576
-0.502358,0.256382
-0.631392,0.239175
-0.738282,0.119774
-0.841891,0.149446
-0.841891,0.149446
-0.738282,0.119774
-0.738282,0.119774
-0.609247,0.136981
-0.867316,0.102567
-0.762675,0.042251
-0.633641,0.059458
-0.504607,0.076665
-0.375572,0.093873
-0.504607,0.076665
-0.375572,0.093873
-0.351179,0.171395
-0.480213,0.154188
-0.351179,0.171395
-0.609247,0.136981
-0.480213,0.154188
-0.351179,0.171395
-0.480213,0.154188
-0.605808,0.105038
-0.3443,0.107508
-0.3443,0.107508
-0.208388,0.060829
0.189033,0.01662
0.192472,-0.015323
0.586453,-0.027589
0.589892,-0.059532
0.817533,0.040279
0.8514,-0.057061
0.854839,-0.089005
0.854839,-0.089005
0.854839,-0.089005
0.990752,-0.135684
0.990752,-0.135684
0.990752,-0.135684
0.990752,-0.135684
0.990752,-0.135684
0.990752,-0.135684
0.990752,-0.135684
0.990752,-0.135684
0.907363,-0.114888
0.945617,-0.063338
0.945617,-0.063338
0.945617,-0.063338
0.990752,-0.135684
0.990752,-0.135684
0.862872,-0.10171
0.990752,-0.135684
0.990752,-0.135684
0.990752,-0.135684
0.990752,-0.135684
0.990752,-0.135684
0.990752,-0.135684
0.990752,-0.135684
0.990752,-0.135684
0.990752,-0.135684
0.873729,-0.169606
0.959859,-0.183282
0.990752,-0.135684
0.990752,-0.135684
0.949833,-0.06489
0.949833,-0.06489
0.949833,-0.06489
0.949833,-0.06489
0.990752,-0.135684
0.990752,-0.135684
0.990752,-0.135684
0.990752,-0.135684
0.990752,-0.135684
0.89294,-0.185253
0.89294,-0.185253
0.697315,-0.28439
0.697315,-0.28439
0.697315,-0.28439
0.599503,-0.333958
0.4674,-0.333939
0.287717,-0.326752
0.322008,-0.37634
0.287717,-0.326752
0.14897,-0.347943
0.085448,-0.4471
0.092093,-0.425889
0.071091,-0.333881
0.297271,-0.298979
0.101647,-0.398116
0.097911,-0.412762
-0.132004,-0.462311
0.003834,-0.447684
0.00757,-0.433037
-0.061012,-0.333862
-0.305302,-0.332244
-0.45732,-0.333803
-0.261696,-0.234666
-0.09787,-0.254871
-0.034348,-0.155714
-0.125145,-0.208572
0.229858,-0.155753
-5.8e-05,-0.205302
0.298439,-0.254929
0.43311,-0.284351
0.663025,-0.234802
0.599503,-0.333958
0.697315,-0.28439
0.599503,-0.333958
0.501691,-0.383527
0.378566,-0.278084
0.476378,-0.228515
0.280754,-0.327652
0.471037,-0.348337
0.373225,-0.397905
0.275413,-0.447474
0.336229,-0.448862
0.177109,-0.428051
0.470545,-0.279346
0.342079,-0.293724
0.311425,-0.258534
0.137191,-0.327374
-0.073973,-0.30167
-0.194105,-0.331606
-0.130673,-0.390003
0.071161,-0.318407
-0.057305,-0.332785
-0.268423,-0.326806
0.237108,-0.253734
0.374392,-0.255576
0.584862,-0.141241
0.742154,-0.179999
0.613688,-0.194378
0.493556,-0.224314
0.373423,-0.25425
0.493556,-0.224314
0.742154,-0.179999
0.742154,-0.179999
0.859158,-0.114453
0.859158,-0.114453
0.859158,-0.114453
0.990752,-0.135684
0.990752,-0.135684
0.990752,-0.135684
0.990752,-0.135684
0.990752,-0.135684
0.990752,-0.135684
0.990752,-0.135684
0.990752,-0.135684
0.990752,-0.135684
0.990752,-0.135684
0.990752,-0.135684
0.990752,-0.135684
0.990752,-0.135684
0.990752,-0.135684
0.990752,-0.135684
0.949563,-0.064781
0.949563,-0.064781
0.949563,-0.064781
0.990752,-0.135684
0.990752,-0.135684
0.978458,-0.087209
0.965218,-0.118851
0.965218,-0.118851
0.834318,-0.094347
0.862297,-0.054263
0.875536,-0.022621
0.760321,0.090443
0.645105,0.203506
0.554478,0.219619
0.397259,0.115079
0.520174,0.025212
0.511704,0.000658
0.490728,-0.023515
0.196547,-0.040522
0.196547,-0.040522
0.328914,-0.056383
0.196547,-0.040522
0.328914,-0.056383
0.328914,-0.056383
0.328914,-0.056383
0.196547,-0.040522
0.196547,-0.040522
0.064179,-0.024662
-0.068189,-0.008801
0.328914,-0.056383
0.526845,0.028515
0.632451,-0.034195
0.632451,-0.034195
0.513248,-0.065387
0.897187,-0.065915
0.897187,-0.065915
0.990752,-0.135684
0.990752,-0.135684
0.990752,-0.135684
0.990752,-0.135684
0.990752,-0.135684
0.990752,-0.135684
0.867695,-0.092075
0.990752,-0.135684
0.990752,-0.135684
0.990752,-0.135684
0.990752,-0.135684
0.990752,-0.135684
0.990752,-0.135684
0.990752,-0.135684
0.990752,-0.135684
0.990752,-0.135684
0.874567,-0.170581
0.874567,-0.170581
0.758381,-0.205477
0.758381,-0.205477
0.661493,-0.255537
0.545308,-0.290433
0.758381,-0.205477
0.758381,-0.205477
0.758381,-0.205477
0.874567,-0.170581
0.756647,-0.203415
0.406356,-0.306043
0.408091,-0.308105
0.288436,-0.338877
0.673297,-0.260323
0.673297,-0.260323
0.642196,-0.240374
0.642196,-0.240374
0.642196,-0.240374
0.642196,-0.240374
0.642196,-0.240374
0.526011,-0.27527
0.437909,-0.329139
0.321724,-0.364035
0.526011,-0.27527
0.526011,-0.27527
0.526011,-0.27527
0.874567,-0.170581
0.990752,-0.135684
0.990752,-0.135684
0.990752,-0.135684
0.879799,-0.175916
0.879799,-0.175916
0.879799,-0.175916
0.879799,-0.175916
0.768846,-0.216147
0.879799,-0.175916
0.879799,-0.175916
0.879799,-0.175916
0.879799,-0.175916
0.987892,-0.10539
0.985031,-0.075096
0.990752,-0.135684
0.904314,-0.190112
0.904314,-0.190112
0.904314,-0.190112
0.990752,-0.135684
0.990752,-0.135684
0.990752,-0.135684
0.990752,-0.135684
0.990752,-0.135684
0.990752,-0.135684
0.990752,-0.135684
0.990752,-0.135684
0.987643,-0.104665
0.987643,-0.104665
0.987643,-0.104665
0.987643,-0.104665
0.990752,-0.135684
0.990752,-0.135684
0.990752,-0.135684
0.990752,-0.135684
0.990752,-0.135684
0.990752,-0.135684
0.990752,-0.135684
0.990752,-0.135684
0.990752,-0.135684
0.950091,-0.188282
0.950091,-0.188282
0.950091,-0.188282
0.950091,-0.188282
0.950091,-0.188282
0.909431,-0.240879
0.950091,-0.188282
0.880529,-0.176476
0.707754,-0.245194
0.788262,-0.269335
0.369507,-0.433909
0.571184,-0.429594
0.530524,-0.482191
0.226051,-0.566945
0.34722,-0.538489
0.203763,-0.671526
0.156215,-0.672759
0.068007,-0.72659
0.068007,-0.72659
0.108668,-0.673993
0.108668,-0.673993
0.285085,-0.566331
0.196876,-0.620162
0.108668,-0.673993
-0.068,-0.614254
0.064438,-0.617208
-0.02377,-0.671039
-0.244417,-0.721916
-0.200438,-0.6113
0.020209,-0.560423
-0.244667,-0.554515
-0.305021,-0.508093
-0.446117,-0.41185
-0.511341,-0.312331
-0.401782,-0.173167
-0.347697,-0.365821
-0.215259,-0.368775
-0.339389,-0.432816
-0.072966,-0.507599
0.028266,-0.460017
0.109364,-0.381772
0.197573,-0.327941
0.325163,-0.248886
0.293956,-0.19835
-0.061641,-0.136466
0.070797,-0.13942
0.217455,-0.191203
0.231675,-0.240031
0.482331,-0.197111
0.607659,-0.175651
0.585907,-0.135689
0.335252,-0.178609
0.181062,-0.135694
0.460579,-0.157149
0.364113,-0.242985
0.489441,-0.221525
0.238785,-0.264445
0.238785,-0.264445
0.238785,-0.264445
0.364113,-0.242985
0.408925,-0.080483
0.226063,-0.222044
0.408925,-0.080483
0.48662,0.043355
0.398729,0.216254
0.357741,0.163523
0.357741,0.163523
0.542631,0.283771
0.362079,0.126979
0.362809,0.25023
0.583619,0.336501
0.373221,0.22306
0.543361,0.407022
0.413479,0.152539
0.328409,0.060558
0.280199,-0.048717
0.184673,-0.063594
0.818108,-0.062745
0.697902,-0.092579
0.73816,-0.1631
0.485568,-0.190516
0.365362,-0.22035
0.090782,-0.102391
0.090782,-0.102391
0.0786,-0.070138
-0.068341,-0.116335
-0.465501,-0.109079
-0.333114,-0.111498
-0.200727,-0.113917
-0.465501,-0.109079
-0.369769,-0.186508
-0.597887,-0.106661
-0.366053,-0.160315
-0.001832,-0.216388
-0.14972,-0.182217
-0.249168,-0.130981
-0.358441,-0.191298
-0.590276,-0.137644
-0.601832,-0.106276
-0.707161,-0.166978
-0.563218,-0.200764
-0.318689,-0.131217
0.078471,-0.138473
0.20217,-0.097875
0.049539,-0.021073
0.570397,0.012269
0.58238,0.0496
0.508586,-0.014487
0.561694,-0.121238
0.381991,-0.273648
0.458875,-0.231535
0.285272,-0.248643
0.232164,-0.141891
0.232164,-0.141891
-0.032609,-0.137054
0.011811,-0.200789
0.206101,-0.012842
0.298848,-0.067427
0.467074,0.249569
0.678632,0.01135
0.68732,-0.031667
0.854037,0.054602
0.828394,-0.077102
0.894097,-0.153985
0.894097,-0.153985
0.902785,-0.197001
0.951113,-0.187851
0.954695,-0.186177
0.880676,-0.288086
0.800186,-0.268836
0.764129,-0.319329
0.50145,-0.553467
0.619903,-0.521301
0.619903,-0.521301
0.171431,-0.536802
0.218204,-0.548979
0.50145,-0.553467
0.550692,-0.392641
0.610217,-0.351128
0.715484,-0.429295
0.679428,-0.479788
0.592577,-0.698927
0.627081,-0.656255
0.628633,-0.648434
0.558072,-0.741599
0.558072,-0.741599
0.558072,-0.741599
0.558072,-0.741599
0.522016,-0.792092
0.558072,-0.741599
0.558072,-0.741599
0.594129,-0.691106
0.522016,-0.792092
0.426788,-0.718806
0.426788,-0.718806
0.530645,-0.678214
0.458532,-0.7792
0.458532,-0.7792
0.449902,-0.893078
0.449902,-0.893078
0.449902,-0.893078
0.449902,-0.893078
0.449902,-0.893078
0.449902,-0.893078
0.328018,-0.892096
0.328018,-0.892096
0.328018,-0.892096
0.328018,-0.892096
0.328018,-0.892096
0.38896,-0.892587
0.38896,-0.892587
0.336554,-0.895835
0.397497,-0.896326
0.345091,-0.899573
0.345091,-0.899573
0.345091,-0.899573
0.345091,-0.899573
0.348521,-0.900694
0.24714,-0.908311
0.296115,-0.903942
0.191304,-0.910438
0.191304,-0.910438
0.138898,-0.913686
0.117761,-0.920223
-0.032595,-0.932208
-0.053732,-0.938746
0.030266,-0.802428
0.075647,-0.926833
-0.116824,-0.945429
-0.099118,-0.937771
-0.102548,-0.93665
-0.129846,-0.809606
-0.197094,-0.68849
-0.186802,-0.691853
-0.088851,-0.683115
-0.080871,-0.805238
-0.136707,-0.807365
-0.168676,-0.935415
-0.221082,-0.938663
-0.322463,-0.946279
-0.329324,-0.944038
-0.329324,-0.944038
-0.325894,-0.945158
-0.253711,-0.931421
-0.250281,-0.932541
-0.250281,-0.932541
-0.330393,-0.818856
-0.363921,-0.719806
-0.363921,-0.719806
-0.363921,-0.719806
-0.360491,-0.720927
-0.360491,-0.720927
-0.427548,-0.522828
-0.39402,-0.621877
-0.428777,-0.597423
-0.398679,-0.695352
-0.467938,-0.421536
-0.436772,-0.644646
-0.4703,-0.545596
-0.570886,-0.248447
-0.715723,0.112235
-0.682194,0.013185
-0.715723,0.112235
-0.805588,0.444902
-0.772059,0.345852
-0.805588,0.444902
-0.805588,0.444902
-0.849402,0.51533
-0.849402,0.51533
-0.839116,0.543952
-0.839116,0.543952
-0.595099,0.453592
-0.595099,0.453592
-0.717108,0.498772
-0.595099,0.453592
-0.595099,0.453592
-0.47309,0.408412
-0.595099,0.453592
-0.605824,0.417503
-0.239798,0.281963
0.126228,0.146422
0.00422,0.191603
0.370246,0.056062
0.614263,-0.034298
0.614263,-0.034298
0.492255,0.010882
0.398662,-0.029294
0.624989,0.00179
0.624989,0.00179
0.50298,0.04697
0.50298,0.04697
0.50298,0.04697
0.380971,0.09215
0.50298,0.04697
0.380971,0.09215
0.50298,0.04697
0.50298,0.04697
0.258963,0.137331
0.50298,0.04697
0.258963,0.137331
0.136954,0.182511
0.258963,0.137331
0.136954,0.182511
0.195281,0.212871
0.243666,0.216638
0.233648,0.189459
0.419338,0.068738
0.40932,0.041559
0.531405,-0.003035
0.765328,-0.12116
0.785441,-0.066216
0.785441,-0.066216
0.785441,-0.066216
0.632717,-0.109154
0.451118,-0.235001
0.573127,-0.280181
0.496775,-0.237604
0.496622,-0.238775
0.221872,-0.096975
0.383971,-0.172997
0.4604,-0.214988
0.676456,-0.166486
0.592953,-0.099489
0.592953,-0.099489
0.72564,-0.110909
0.858328,-0.12233
0.858328,-0.12233
0.858328,-0.12233
0.858328,-0.12233
0.858328,-0.12233
0.85739,-0.127645
0.856452,-0.13296
0.941668,-0.209539
0.941668,-0.209539
0.851412,-0.313283
0.822352,-0.355117
0.822352,-0.355117
0.85235,-0.307968
0.794127,-0.293498
0.807691,-0.357182
0.767072,-0.228884
0.723351,-0.272783
0.63681,-0.200435
0.728003,-0.091377
0.728003,-0.091377
0.728003,-0.091377
0.858164,-0.09385
0.990301,-0.111668
0.990301,-0.111668
0.59969,-0.139498
0.729893,-0.130221
0.860097,-0.120945
0.729893,-0.130221
0.729893,-0.130221
0.860097,-0.120945
0.859383,-0.098863
0.72918,-0.108139
0.72918,-0.108139
0.729893,-0.130221
0.990301,-0.111668
0.989587,-0.089586
0.760031,-0.184097
0.874452,-0.125801
0.760745,-0.206179
0.530474,-0.278608
0.181205,-0.382651
0.066069,-0.418865
0.069934,-0.423466
0.415339,-0.314823
0.300204,-0.351037
0.300204,-0.351037
-0.275472,-0.53211
-0.620877,-0.640753
-0.736013,-0.676968
-0.736013,-0.676968
-0.733694,-0.679366
-0.733694,-0.679366
-0.736013,-0.676968
-0.771988,-0.480375
-0.781221,-0.40291
-0.725222,-0.424084
-0.67864,-0.521092
-0.669407,-0.598557
-0.644911,-0.300163
-0.634305,-0.200578
-0.704193,-0.378214
-0.702583,-0.470968
-0.713189,-0.570553
-0.713189,-0.570553
-0.597467,-0.524162
-0.654026,-0.459524
-0.669062,-0.591905
-0.669062,-0.591905
-0.669062,-0.591905
-0.669062,-0.591905
-0.60363,-0.741024
-0.514951,-0.69301
-0.349383,-0.841489
-0.373558,-0.714339
-0.329431,-0.735691
-0.294737,-0.89049
-0.294737,-0.89049
-0.294737,-0.89049
-0.223923,-0.892654
-0.223923,-0.892654
-0.268051,-0.871302
-0.223923,-0.892654
-0.223923,-0.892654
-0.035818,-0.734011
-0.049537,-0.73153
-0.035818,-0.734011
-0.035818,-0.734011
-0.016677,-0.602391
-0.016677,-0.602391
0.083221,-0.696373
-0.054959,-0.865631
-0.054959,-0.865631
-0.054959,-0.865631
-0.054959,-0.865631
-0.035818,-0.734011
0.002464,-0.470771
-0.27863,-0.514632
-0.259489,-0.383012
-0.179645,-0.306236
-0.080661,-0.097841
-0.004097,0.428639
-0.103082,0.220244
-0.004097,0.428639
-0.123951,0.014667
-0.179645,-0.306236
-0.419176,-0.536562
-0.419176,-0.536562
-0.479879,-0.481717
-0.372349,-0.418214
-0.433052,-0.363369
-0.554458,-0.25368
-0.695005,-0.27561
-0.648178,-0.157262
-0.810304,-0.18428
-0.917834,-0.247783
-0.917834,-0.247783
-0.917834,-0.247783
-0.978537,-0.192939
-0.978537,-0.192939
-0.978537,-0.192939
-0.97243,-0.211298
-0.830275,-0.32091
-0.904134,-0.264073
-0.900991,-0.275636
-0.975212,-0.209267
-0.975212,-0.209267
-0.981499,-0.186142
-0.981499,-0.186142
-0.984643,-0.174579
-0.984643,-0.174579
-0.984643,-0.174579
-0.984643,-0.174579
-0.984643,-0.174579
-0.984643,-0.174579
-0.984643,-0.174579
-0.984643,-0.174579
-0.967565,-0.208612
-0.967565,-0.208612
-0.983659,-0.179178
-0.984643,-0.174579
-0.898204,0.072196
-0.876595,0.13389
-0.768672,0.143841
-0.703843,0.328922
-0.703843,0.328922
-0.660748,0.153792
-0.660748,0.153792
-0.660748,0.153792
-0.639139,0.215486
-0.682233,0.390616
-0.703843,0.328922
-0.682233,0.390616
-0.57431,0.400567
-0.617404,0.575698
-0.617404,0.575698
-0.595919,0.338874
-0.617529,0.27718
-0.682233,0.390616
-0.660623,0.45231
-0.725327,0.565746
-0.703717,0.62744
-0.746937,0.504053
-0.682108,0.689134
-0.70349,0.651932
-0.70349,0.651932
-0.746029,0.602019
-0.724646,0.639221
-0.710368,0.648824
-0.724646,0.639221
-0.724646,0.639221
-0.724646,0.639221
-0.724646,0.639221
-0.724646,0.639221
-0.724646,0.639221
-0.746029,0.602019
-0.810177,0.490412
-0.793355,0.501218
-0.814738,0.464016
-0.793355,0.501218
-0.793355,0.501218
-0.750589,0.575622
-0.746029,0.602019
-0.746029,0.602019
-0.632168,0.543367
-0.724646,0.639221
-0.724646,0.639221
-0.724646,0.639221
-0.703264,0.676423
-0.703264,0.676423
-0.724646,0.639221
-0.724646,0.639221
-0.724646,0.639221
-0.746029,0.602019
-0.592981,0.618919
-0.372416,0.50391
-0.525464,0.48701
-0.657129,0.507312
-0.678512,0.47011
-0.657129,0.507312
-0.625237,0.49385
-0.625237,0.49385
-0.581774,0.516108
-0.692057,0.573612
-0.746029,0.602019
-0.724646,0.639221
-0.724646,0.639221
-0.746029,0.602019
-0.746029,0.602019
-0.724646,0.639221
-0.742101,0.563405
-0.746029,0.602019
-0.767412,0.564817
-0.788794,0.527615
-0.767412,0.564817
-0.724646,0.639221
-0.746029,0.602019
-0.724646,0.639221
-0.687308,0.686834
-0.634013,0.744857
-0.644542,0.761238
-0.660498,0.750828
-0.660498,0.750828
-0.660498,0.750828
-0.660498,0.750828
-0.660498,0.750828
-0.616397,0.634106
-0.621665,0.578711
-0.616549,0.474527
-0.488233,0.413347
-0.535002,0.396792
-0.535002,0.396792
-0.429972,0.459491
-0.540119,0.500976
-0.650265,0.54246
-0.655382,0.646644
-0.650265,0.54246
-0.547615,0.427996
-0.577011,0.114646
-0.513989,-0.104801
-0.619567,-0.082644
-0.609335,-0.291012
-0.619567,-0.082644
-0.6298,0.125724
-0.532504,0.147661
-0.517155,-0.164891
-0.414743,-0.247139
-0.512039,-0.269075
-0.512039,-0.269075
-0.193501,-0.340771
-0.307214,-0.43357
-0.394278,-0.663874
-0.283993,-0.706499
-0.186697,-0.684562
-0.178825,-0.64494
-0.486457,-0.789995
-0.486457,-0.789995
-0.389838,-0.702476
-0.287032,-0.472419
-0.245939,-0.442658
-0.222638,-0.323717
-0.221961,-0.389299
-0.069567,-0.378457
-0.264159,-0.42233
-0.218737,-0.090385
-0.237429,-0.080761
-0.26073,-0.199702
-0.052624,-0.215232
0.082103,-0.226684
-0.000937,-0.09996
-0.110722,-0.094413
0.037646,0.135722
0.040505,-0.13225
-0.167571,-0.479856
-0.134468,-0.378065
-0.168418,0.071552
-0.240133,0.097214
-0.232819,-0.004947
-0.292527,-0.122417
-0.292527,-0.122417
-0.352235,-0.239888
-0.411943,-0.357358
-0.471651,-0.474829
-0.464337,-0.57699
-0.404629,-0.45952
-0.404629,-0.45952
-0.464337,-0.57699
-0.464337,-0.57699
-0.353204,-0.339908
-0.238748,-0.000646
-0.087796,0.256008
0.03162,0.490949
0.083044,0.610561
0.023336,0.49309
0.046269,0.607171
0.037985,0.609312
-0.169631,0.251369
-0.109923,0.36884
-0.17286,0.037518
-0.208744,0.113716
-0.20449,0.127476
-0.300974,0.006615
-0.307684,0.205449
-0.397802,0.202951
-0.350401,0.370673
-0.404511,0.401784
-0.383153,0.319172
-0.45751,0.08548
-0.45751,0.08548
-0.48224,0.159447
-0.463082,0.0547
-0.54752,0.011195
-0.413382,0.071163
-0.373978,0.23122
-0.413357,0.188965
-0.500732,0.284118
-0.315736,0.50594
-0.323002,0.502584
-0.269472,0.549624
-0.182116,0.660976
-0.169327,0.446622
-0.093365,0.543546
-0.127053,0.641582
-0.127053,0.641582
-0.068014,0.720078
-0.034326,0.622041
-0.03592,0.48985
-0.017284,0.592491
-0.017284,0.592491
0.136258,0.833673
0.188582,0.838277
0.233528,0.786032
0.285852,0.790636
0.311867,0.950126
0.311867,0.950126
0.357271,0.894695
0.357271,0.894695
0.357271,0.894695
0.311867,0.950126
0.311867,0.950126
0.311867,0.950126
0.31333,0.823942
0.311867,0.950126
0.311867,0.950126
0.311867,0.950126
0.311867,0.950126
0.311867,0.950126
0.311867,0.950126
0.343853,0.927515
0.375839,0.904904
0.375839,0.904904
0.311867,0.950126
0.311867,0.950126
0.311867,0.950126
0.311867,0.950126
0.311867,0.950126
0.311867,0.950126
0.311867,0.950126
0.311867,0.950126
0.311867,0.950126
0.311867,0.950126
0.311867,0.950126
0.311867,0.950126
0.311867,0.950126
0.311867,0.950126
0.352576,0.912517
0.393284,0.874909
0.474702,0.799691
0.474702,0.799691
0.4298,0.683157
0.4298,0.683157
0.515411,0.762083
0.447456,0.707506
0.467925,0.620175
0.445466,0.632784
0.464874,0.849472
0.509794,0.824254
0.488449,0.788242
0.549636,0.628393
0.636379,0.516946
0.514487,0.366333
0.263789,0.230651
0.335223,0.149015
0.096977,0.105256
0.41798,-0.070745
0.404638,-0.20997
0.642884,-0.166211
0.791052,-0.254762
0.810416,-0.328382
0.939221,-0.343313
0.939221,-0.343313
0.94239,-0.331238
0.939221,-0.343313
0.939221,-0.343313
0.939221,-0.343313
0.939221,-0.343313
0.939221,-0.343313
0.939221,-0.343313
0.812987,-0.340351
0.812987,-0.340351
0.812987,-0.340351
0.434286,-0.331467
0.434286,-0.331467
0.181818,-0.325545
0.181818,-0.325545
0.181818,-0.325545
0.181818,-0.325545
0.434286,-0.331467
0.812987,-0.340351
0.686753,-0.33739
0.694527,-0.282239
0.579954,-0.196551
0.58208,-0.150877
0.702301,-0.227088
0.57218,-0.251702
0.694527,-0.282239
0.820761,-0.2852
0.816874,-0.312776
0.816874,-0.312776
0.943108,-0.315737
0.943108,-0.315737
0.895815,-0.357732
0.891928,-0.385307
0.891928,-0.385307
0.844634,-0.427302
0.844634,-0.427302
0.844634,-0.427302
0.844634,-0.427302
0.679738,-0.419876
0.673617,-0.423185
0.626323,-0.465179
0.626323,-0.465179
0.702753,-0.553286
0.702753,-0.553286
0.702753,-0.553286
0.658293,-0.585082
0.410902,-0.751664
0.384986,-0.688822
0.337693,-0.730817
0.418992,-0.805255
0.466286,-0.76326
0.466286,-0.76326
0.513579,-0.721265
0.466286,-0.76326
0.466286,-0.76326
0.371699,-0.847249
0.368336,-0.716782
0.368336,-0.716782
0.267024,-0.539836
0.263661,-0.409369
0.256936,-0.148433
0.358248,-0.325379
0.354886,-0.194912
0.280649,-0.522796
0.235848,-0.558873
0.188645,-0.600846
0.157469,-0.619883
-0.002696,-0.611446
0.242846,-0.819744
0.181537,-0.706596
0.405204,-0.650059
0.405204,-0.650059
0.358001,-0.692032
0.273952,-0.447761
0.298505,-0.274643
0.289917,-0.298629
0.265273,-0.471769
0.301984,-0.758045
0.324769,-0.889158
0.277476,-0.931153
0.230182,-0.973147
0.230182,-0.973147
0.230091,-0.973169
0.070383,-0.876868
0.150192,-0.925029
0.230137,-0.973158
0.230091,-0.973169
0.23,-0.973191
0.229909,-0.973212
0.229909,-0.973212
0.229909,-0.973212
0.229864,-0.973223
0.229864,-0.973223
0.229864,-0.973223
0.229864,-0.973223
0.258565,-0.958376
0.258565,-0.958376
0.258565,-0.958376
0.258565,-0.958376
0.258565,-0.958376
0.229818,-0.973234
0.157696,-0.943254
0.085575,-0.913274
0.085575,-0.913274
0.148403,-0.944765
0.148403,-0.944765
0.148403,-0.944765
0.157696,-0.943254
0.157696,-0.943254
0.157696,-0.943254
0.229818,-0.973234
0.229818,-0.973234
0.229818,-0.973234
0.229818,-0.973234
0.229818,-0.973234
0.229818,-0.973234
0.229818,-0.973234
0.229818,-0.973234
0.194973,-0.972095
0.183565,-0.973765
0.183565,-0.973765
0.203865,-0.842538
0.203865,-0.842538
0.203865,-0.842538
0.203865,-0.842538
0.126005,-0.450451
0.126005,-0.450451
0.100051,-0.319755
0.048145,-0.058364
0.022191,0.072331
-0.029715,0.333723
-0.055669,0.464418
-0.055669,0.464418
-0.055669,0.464418
-0.029715,0.333723
-0.003762,0.203027
-0.055669,0.464418
-0.003762,0.203027
0.047426,0.263328
0.047426,0.263328
-0.01759,0.201259
-0.003762,0.203027
0.022191,0.072331
0.048145,-0.058364
0.151958,-0.581147
0.177911,-0.711842
0.177911,-0.711842
0.177911,-0.711842
0.151958,-0.581147
0.126005,-0.450451
0.151958,-0.581147
0.151958,-0.581147
0.126005,-0.450451
0.126005,-0.450451
0.126005,-0.450451
0.126005,-0.450451
0.126005,-0.450451
0.151958,-0.581147
0.073854,-0.493842
0.073854,-0.493842
0.073854,-0.493842
-0.015116,-0.649874
-0.140662,-0.613763
-0.218766,-0.526459
-0.177482,-0.726404
-0.35047,-0.741487
-0.601562,-0.669267
-0.664335,-0.651211
-0.649004,-0.720461
-0.711777,-0.702405
-0.711777,-0.702405
-0.711777,-0.702405
-0.711777,-0.702405
-0.711777,-0.702405
-0.723451,-0.62478
-0.723451,-0.62478
-0.723451,-0.62478
-0.723451,-0.62478
-0.711777,-0.702405
-0.608025,-0.619875
-0.608025,-0.619875
-0.504273,-0.537344
-0.504273,-0.537344
-0.400521,-0.454814
-0.400521,-0.454814
-0.608025,-0.619875
-0.608025,-0.619875
-0.608025,-0.619875
-0.608025,-0.619875
-0.545142,-0.39679
-0.648894,-0.47932
-0.648894,-0.47932
-0.617453,-0.367777
-0.617453,-0.367777
-0.648894,-0.47932
-0.648894,-0.47932
-0.648894,-0.47932
-0.664281,-0.410227
-0.59783,-0.085907
-0.518285,-0.130428
-0.493184,-0.020792
-0.447806,0.095904
-0.52735,0.140425
-0.516079,0.155094
-0.499543,0.177153
-0.392776,0.192554
-0.498287,0.178492
-0.490252,0.180796
-0.45247,0.294245
-0.439789,0.29806
-0.479266,0.184214
-0.49168,-0.054091
-0.471325,0.07396
-0.496426,-0.035675
-0.492325,-0.141805
-0.491061,0.058877
-0.382937,0.286084
-0.492519,0.152447
-0.380205,0.302403
-0.327238,0.407958
-0.326263,0.315313
-0.066292,0.356188
-0.084282,0.54086
0.150587,0.4721
0.062721,0.687716
0.017725,0.578134
0.048239,0.594424
0.049167,0.689677
0.38473,0.594734
0.340343,0.599124
0.214427,0.639026
0.132579,0.693258
0.132898,0.674539
0.177468,0.497239
0.260042,0.43621
0.342209,0.363259
0.215054,0.571712
0.208036,0.495618
0.252843,0.533026
0.252843,0.533026
0.189741,0.474665
0.189741,0.474665
0.271908,0.401713
0.271908,0.401713
0.518406,0.182859
0.354074,0.328762
0.43624,0.25581
0.082252,0.361527
-0.038043,0.697104
-0.038043,0.697104
-0.075822,0.824832
-0.075822,0.824832
-0.075321,0.831933
0.17218,0.627282
0.090014,0.700234
0.089513,0.693132
-0.075321,0.831933
0.007847,0.773185
0.119776,0.577283
0.066369,0.513081
0.149037,0.447231
0.066369,0.513081
-0.098965,0.644781
-0.128226,0.774833
-0.07482,0.839035
-0.012725,0.652737
0.090515,0.707336
0.234491,0.568387
0.317158,0.502537
0.42654,0.30893
0.518994,0.236912
0.474547,0.200291
0.407915,0.134759
0.175948,0.200926
-0.011572,0.303714
-0.027607,0.435096
0.070204,0.228071
-0.011572,0.303714
0.071987,0.247656
0.088022,0.116274
0.221287,0.247339
0.13862,0.313189
0.090515,0.707336
0.090515,0.707336
-0.189408,0.793833
-0.221329,0.682781
-0.303996,0.74863
-0.272075,0.859683
-0.272075,0.859683
-0.303996,0.74863
-0.303996,0.74863
-0.335917,0.637578
-0.335917,0.637578
-0.19181,0.812735
-0.272075,0.859683
-0.335917,0.637578
-0.367837,0.526526
-0.399758,0.415474
-0.463599,0.19337
-0.431679,0.304422
-0.399758,0.415474
-0.335917,0.637578
-0.367837,0.526526
-0.431679,0.304422
-0.559361,-0.139786
-0.559361,-0.139786
-0.49552,0.082318
-0.559361,-0.139786
-0.623203,-0.36189
-0.591282,-0.250838
-0.591282,-0.250838
-0.49552,0.082318
-0.460236,0.081422
-0.559361,-0.139786
-0.41299,0.022022
-0.527441,-0.028734
-0.559361,-0.139786
-0.591282,-0.250838
-0.623203,-0.36189
-0.559361,-0.139786
-0.527441,-0.028734
-0.491396,-0.029865
-0.459475,0.081188
-0.423431,0.080057
-0.455352,-0.030995
-0.591282,-0.250838
-0.623203,-0.36189
-0.655123,-0.472942
-0.687044,-0.583995
-0.649637,-0.471827
-0.609326,-0.478016
-0.531609,-0.372037
-0.563529,-0.483089
-0.641247,-0.589068
-0.641247,-0.589068
-0.641247,-0.589068
-0.641247,-0.589068
-0.719233,-0.694768
-0.7195,-0.694489
-0.7195,-0.694489
-0.720036,-0.693932
-0.720572,-0.693374
-0.72084,-0.693095
-0.72084,-0.693095
-0.627128,-0.695221
-0.613387,-0.497171
-0.606158,-0.397551
-0.579568,-0.192584
-0.602594,-0.49005
-0.553615,-0.271678
-0.475118,-0.286456
-0.683725,-0.480729
-0.599432,-0.264376
-0.599164,-0.264655
-0.440408,-0.145117
-0.505877,-0.255566
-0.44014,-0.145396
-0.476477,-0.193994
-0.262828,0.080324
-0.132426,0.301779
-0.197627,0.191052
-0.262828,0.080324
-0.262828,0.080324
-0.262828,0.080324
-0.458162,-0.252137
-0.568547,-0.482718
-0.503347,-0.37199
-0.568547,-0.482718
-0.568547,-0.482718
-0.496473,-0.37424
-0.496473,-0.37424
-0.431273,-0.263512
-0.152076,-0.011485
-0.066957,0.059829
-0.272432,-0.280592
-0.117686,0.033118
-0.167083,0.215719
-0.397172,-0.191353
-0.176303,-0.052303
-0.063448,0.183929
-0.213767,0.001888
-0.213767,0.001888
-0.345355,-0.207248
-0.253978,-0.242946
-0.232825,-0.103335
-0.07237,-0.02371
-0.099997,-0.132318
-0.375105,-0.42218
-0.292031,-0.243933
-0.292031,-0.243933
-0.283402,-0.325559
-0.375105,-0.42218
-0.375105,-0.42218
-0.443857,-0.405185
-0.627262,-0.598426
-0.627262,-0.598426
-0.599395,-0.471165
-0.599395,-0.471165
-0.65918,-0.583106
-0.677914,-0.537148
-0.737699,-0.649088
-0.737699,-0.649088
-0.737699,-0.649088
-0.737699,-0.649088
-0.756434,-0.60313
-0.775169,-0.557172
-0.756434,-0.60313
-0.756434,-0.60313
-0.756434,-0.60313
-0.793903,-0.511214
-0.793903,-0.511214
-0.812638,-0.465256
-0.74344,-0.355736
-0.679341,-0.616744
-0.506422,-0.68993
-0.452712,-0.577178
-0.221434,-0.61802
-0.356885,-0.63675
-0.276665,-0.390337
-0.275734,-0.386751
-0.247603,-0.404072
-0.184641,-0.218085
-0.176348,-0.046706
-0.259854,-0.069535
-0.286076,0.020038
-0.454261,-0.135013
-0.497741,-0.105865
-0.475996,-0.26136
-0.261159,0.189649
-0.340447,-0.053177
-0.394157,-0.165929
-0.312317,-0.070499
-0.419736,-0.296003
-0.394157,-0.165929
-0.340447,-0.053177
-0.284187,-0.087821
-0.230477,0.024931
-0.256056,-0.105143
-0.227926,-0.122465
-0.173395,-0.578936
-0.173395,-0.578936
-0.118,-0.824493
0.145401,-0.746077
0.167564,-0.679521
0.089141,-0.711434
0.139434,-0.662199
0.167564,-0.679521
0.06319,-0.599285
-0.041184,-0.51905
0.03724,-0.487137
0.141614,-0.567373
0.113484,-0.550051
0.324412,-0.615696
0.139434,-0.662199
0.03288,-0.67679
-0.017413,-0.726024
-0.103288,-0.67885
-0.142761,-0.551539
-0.222869,-0.711268
-0.194739,-0.728589
-0.273162,-0.760502
-0.274847,-0.888318
-0.296203,-0.8263
-0.465792,-0.850943
-0.484379,-0.800156
-0.512509,-0.782834
-0.5969,-0.730869
-0.615487,-0.680082
-0.493922,-0.833621
-0.522052,-0.8163
-0.578313,-0.781656
-0.578313,-0.781656
-0.522052,-0.8163
-0.493922,-0.833621
-0.474241,-0.699367
-0.393378,-0.74738
-0.437014,-0.570576
-0.544615,-0.648913
-0.509428,-0.67414
-0.449639,-0.712736
-0.365248,-0.764702
-0.393378,-0.74738
-0.365248,-0.764702
-0.365248,-0.764702
-0.465792,-0.850943
-0.522052,-0.8163
-0.614671,-0.706176
-0.563271,-0.641023
-0.563271,-0.641023
-0.718965,-0.695047
-0.718965,-0.695047
-0.718965,-0.695047
-0.733703,-0.625973
-0.622209,-0.559533
-0.733703,-0.625973
-0.718965,-0.695047
-0.718965,-0.695047
-0.718965,-0.695047
-0.718965,-0.695047
-0.718965,-0.695047
-0.718965,-0.695047
-0.674378,-0.582127
-0.718965,-0.695047
-0.718965,-0.695047
-0.718965,-0.695047
-0.718965,-0.695047
-0.644477,-0.587561
-0.569988,-0.480076
-0.644477,-0.587561
-0.538076,-0.509198
-0.644477,-0.587561
-0.644477,-0.587561
-0.608553,-0.625459
-0.608553,-0.625459
-0.718965,-0.695047
-0.718965,-0.695047
-0.718965,-0.695047
-0.735355,-0.666238
-0.616591,-0.470169
-0.616591,-0.470169
-0.616591,-0.470169
-0.517663,-0.380894
-0.295041,-0.304412
-0.402345,-0.320428
-0.580366,-0.392184
-0.272955,-0.00856
0.01462,0.268271
-0.10005,0.195892
-0.239818,0.212917
-0.398004,0.247955
-0.516767,0.051886
-0.626322,-0.153189
-0.626322,-0.153189
-0.646157,-0.259982
-0.60804,-0.286167
-0.588205,-0.179373
-0.60804,-0.286167
-0.627875,-0.392961
-0.564708,-0.429551
-0.549345,-0.5555
-0.484371,-0.59252
-0.419396,-0.62954
-0.387812,-0.647835
-0.305593,-0.544326
-0.362102,-0.628737
-0.23732,-0.880709
-0.207544,-0.898574
-0.131329,-0.912607
-0.166196,-0.890655
-0.029021,-0.881527
0.152785,-0.868137
0.152785,-0.868137
0.228999,-0.88217
0.225062,-0.759738
0.209379,-0.781436
0.160306,-0.784408
0.11517,-0.909813
0.084093,-0.893367
0.054638,-0.874082
-0.049758,-0.878307
-0.01715,-0.880576
-0.047262,-0.864875
-0.02813,-0.869621
-0.02533,-0.844897
-0.04195,-0.82526
-0.038978,-0.823955
-0.130904,-0.743734
-0.150547,-0.682243
0.034265,-0.839293
0.031293,-0.840598
0.177779,-0.871274
0.174807,-0.872579
0.177779,-0.871274
0.174807,-0.872579
0.330208,-0.899341
0.415996,-0.791863
0.415996,-0.791863
0.415996,-0.791863
0.418968,-0.790558
0.42128,-0.906849
0.42128,-0.906849
0.318682,-0.911245
0.318682,-0.911245
0.31571,-0.91255
0.216083,-0.915642
0.179086,-0.882105
0.179981,-0.921478
0.179981,-0.921478
0.130542,-0.797888
0.082215,-0.798781
0.103587,-0.676999
0.0718,-0.683204
0.123099,-0.681006
0.128474,-0.821013
0.27082,-0.821127
0.33871,-0.809085
0.306923,-0.81529
0.21156,-0.833905
0.231202,-0.603758
0.167627,-0.616168
0.258828,-0.507076
0.326226,-0.537655
0.2986,-0.634337
0.389801,-0.525245
0.322064,-0.447178
0.277322,-0.389962
0.370028,-0.331076
0.121542,-0.111557
0.147449,-0.102721
0.1089,0.215528
0.217295,0.210733
0.310125,0.191536
0.217295,0.210733
0.140029,0.244334
0.356818,0.234744
0.315737,0.049099
0.34623,-0.167321
0.504264,-0.302398
0.645261,-0.132091
0.618505,-0.13837
0.511657,0.198666
0.633711,0.226651
0.661337,0.323332
0.661337,0.323332
0.501643,0.047951
0.58438,0.33679
0.556754,0.240108
0.556754,0.240108
0.556754,0.240108
0.596071,-0.020745
0.645261,-0.132091
0.672887,-0.035409
0.700513,0.061273
0.700513,0.061273
0.755765,0.254636
0.755765,0.254636
0.672887,-0.035409
0.645261,-0.132091
0.645261,-0.132091
0.645261,-0.132091
0.645261,-0.132091
0.645261,-0.132091
0.645261,-0.132091
0.645261,-0.132091
0.645261,-0.132091
0.617635,-0.228772
0.645261,-0.132091
0.645261,-0.132091
0.672887,-0.035409
0.672887,-0.035409
0.755765,0.254636
0.755765,0.254636
0.755765,0.254636
0.700513,0.061273
0.672887,-0.035409
0.645261,-0.132091
0.645261,-0.132091
0.700513,0.061273
0.654445,-0.040976
0.608604,0.030015
0.63623,0.126696
0.459151,0.24641
0.571947,0.19212
0.494461,0.286772
0.569188,0.178575
0.558744,0.221348
0.696407,0.250195
0.613997,0.414712
0.535065,0.431731
0.743975,0.499878
0.649307,0.455075
0.53927,0.522909
0.334565,0.545941
0.436918,0.534425
0.326881,0.60226
0.531586,0.579228
0.531586,0.579228
0.326881,0.60226
0.224528,0.613775
0.326881,0.60226
0.224528,0.613775
0.122176,0.625291
-0.082529,0.648323
-0.184881,0.659838
-0.389586,0.68287
-0.184881,0.659838
0.019824,0.636807
0.122176,0.625291
0.019824,0.636807
0.122176,0.625291
0.122176,0.625291
0.019824,0.636807
-0.128408,0.546103
-0.276639,0.455399
-0.322517,0.353179
-0.333113,0.569134
-0.276639,0.455399
-0.174286,0.443883
-0.071934,0.432367
0.041014,0.204896
0.097488,0.091161
0.153962,-0.022575
0.256314,-0.03409
0.051609,-0.011059
-0.322517,0.353179
-0.220165,0.341663
-0.368396,0.250959
-0.454818,0.247544
-0.323391,0.052748
-0.11956,-0.270715
-0.097496,-0.402194
-0.094584,-0.255427
-0.094584,-0.255427
-0.15397,-0.288459
-0.15397,-0.288459
-0.149736,-0.141257
-0.176034,-0.156979
-0.15397,-0.288459
-0.11956,-0.270715
-0.198098,-0.0255
-0.099667,-0.115175
-0.121731,0.016305
-0.077602,-0.246654
-0.099667,-0.115175
-0.087322,0.034048
-0.008783,-0.211166
-0.08457,-0.102541
-0.173314,0.143061
-0.110101,-0.11789
-0.135784,0.008722
-0.148663,0.140317
-0.18966,0.127828
-0.190838,-0.010211
-0.231834,-0.022699
-0.094165,-0.388354
-0.094165,-0.388354
-0.089881,-0.257334
0.00797,-0.497439
0.105821,-0.737544
0.101538,-0.868563
0.101538,-0.868563
0.052612,-0.748511
0.101538,-0.868563
0.150464,-0.988616
0.073834,-0.9197
-0.002796,-0.850785
-0.002796,-0.850785
-0.002796,-0.850785
-0.002796,-0.850785
-0.002796,-0.850785
0.150464,-0.988616
0.150464,-0.988616
0.150464,-0.988616
0.076828,-0.902735
0.076828,-0.902735
0.099642,-0.894842
-0.108603,-0.627906
-0.182238,-0.542025
-0.182238,-0.542025
-0.329509,-0.370264
-0.364984,-0.387451
-0.36366,-0.383643
-0.36366,-0.383643
-0.364984,-0.387451
-0.217713,-0.559212
-0.291348,-0.473332
-0.291348,-0.473332
-0.217581,-0.558797
-0.364852,-0.387035
-0.168357,-0.643867
-0.351497,-0.378241
-0.351497,-0.378241
-0.35423,-0.392677
-0.199463,-0.433301
0.124129,-0.593581
0.06781,-0.723097
0.132721,-0.701487
0.132721,-0.701487
0.222075,-0.783314
0.327248,-0.758044
0.506399,-0.781548
0.432452,-0.8354
0.432452,-0.8354
0.5381,-0.772608
0.488802,-0.808509
0.464153,-0.82646
0.472952,-0.812979
0.391952,-0.857821
0.416602,-0.83987
0.348666,-0.880636
0.179097,-0.803257
0.179334,-0.784496
-0.0572,-0.574608
0.159409,-0.854772
0.183821,-0.855582
0.020755,-0.881249
0.045622,-0.833042
0.409312,-0.849621
0.384663,-0.867571
0.344163,-0.889992
0.335365,-0.903473
0.206814,-0.961725
0.182165,-0.979676
0.182165,-0.979676
0.182165,-0.979676
0.182165,-0.979676
0.166314,-0.984146
0.166314,-0.984146
0.182165,-0.979676
0.182165,-0.979676
0.166314,-0.984146
0.166314,-0.984146
0.150464,-0.988616
0.150464,-0.988616
0.150464,-0.988616
0.150464,-0.988616
0.150464,-0.988616
0.150464,-0.988616
0.150464,-0.988616
0.150464,-0.988616
0.150464,-0.988616
0.150464,-0.988616
0.150464,-0.988616
0.150464,-0.988616
0.150464,-0.988616
0.154032,-0.987973
0.154032,-0.987973
0.172147,-0.861631
0.172147,-0.861631
0.1576,-0.98733
0.118471,-0.984864
0.050691,-0.978362
-0.015824,-0.971526
-0.049082,-0.968108
-0.102604,-0.851673
-0.015824,-0.971526
-0.049082,-0.968108
-0.153607,-0.87243
-0.082339,-0.96469
-0.015824,-0.971526
-0.049082,-0.968108
-0.049082,-0.968108
-0.082339,-0.96469
-0.049082,-0.968108
-0.082339,-0.96469
-0.192024,-0.834099
-0.158767,-0.837517
-0.158767,-0.837517
-0.158767,-0.837517
-0.115597,-0.961272
-0.10305,-0.832637
-0.124617,-0.675521
-0.0447,-0.578785
-0.0447,-0.578785
-0.057844,-0.432954
0.013651,-0.324933
-0.077957,-0.575367
-0.069793,-0.836055
-0.090504,-0.704002
-0.111215,-0.571949
-0.098668,-0.443314
-0.157019,-0.697166
-0.223534,-0.69033
-0.302596,-0.812129
-0.210988,-0.561695
-0.165184,-0.436478
-0.165184,-0.436478
-0.302596,-0.812129
-0.302596,-0.812129
-0.302596,-0.812129
-0.240596,-0.726249
-0.077225,-0.554284
-0.167008,-0.620598
-0.212812,-0.745815
-0.302596,-0.812129
-0.33081,-0.707233
-0.404829,-0.727555
-0.352657,-0.52586
-0.191883,-0.332261
-0.083282,-0.340357
-0.139711,-0.130566
-0.139711,-0.130566
-0.328699,-0.219269
-0.356913,-0.114373
-0.4373,-0.211173
-0.4373,-0.211173
-0.342035,-0.277435
-0.370249,-0.172539
-0.450636,-0.269339
-0.318077,0.029156
-0.307455,0.277581
-0.103588,0.203223
-0.267076,0.199884
-0.496072,-0.063316
-0.521572,-0.14868
-0.534908,-0.206846
-0.672896,-0.124822
-0.672896,-0.124822
-0.625151,-0.044608
-0.740895,0.032267
-0.637401,0.144318
-0.553454,0.247028
-0.438595,0.009325
-0.308652,0.011019
-0.221208,-0.021735
-0.259469,-0.100165
-0.394657,-0.147625
-0.394657,-0.147625
-0.134255,-0.276771
-0.134255,-0.276771
-0.524084,-0.281851
-0.913913,-0.286931
-0.784656,-0.254236
-0.8424,-0.203701
-0.843306,-0.200566
-0.843306,-0.200566
-0.843306,-0.200566
-0.843306,-0.200566
-0.843306,-0.200566
-0.843306,-0.200566
-0.843306,-0.200566
-0.843306,-0.200566
-0.601007,-0.161789
-0.601007,-0.161789
-0.477584,-0.177732
-0.724431,-0.145846
-0.971657,-0.236396
-0.971657,-0.236396
-0.971657,-0.236396
-0.971657,-0.236396
-0.971657,-0.236396
-0.971657,-0.236396
-0.971657,-0.236396
-0.971657,-0.236396
-0.971657,-0.236396
-0.847578,-0.251096
-0.847578,-0.251096
-0.845135,-0.25898
-0.845135,-0.25898
-0.718612,-0.281563
-0.513846,-0.353679
-0.508959,-0.369446
-0.504071,-0.385212
-0.474106,-0.461694
-0.519941,-0.496527
-0.376108,-0.512144
-0.409289,-0.630425
-0.406845,-0.638309
-0.404402,-0.646192
-0.556001,-0.562893
-0.480201,-0.604543
-0.556001,-0.562893
-0.707601,-0.479595
-0.783401,-0.437946
-0.8592,-0.396296
-0.8592,-0.396296
-0.935,-0.354647
-0.935,-0.354647
-0.935,-0.354647
-0.935,-0.354647
-0.935,-0.354647
-0.935,-0.354647
-0.813311,-0.30065
-0.815505,-0.29376
-0.572127,-0.185766
-0.450438,-0.13177
-0.328749,-0.077773
-0.204866,-0.030667
-0.448244,-0.13866
-0.569933,-0.192657
-0.569933,-0.192657
-0.691622,-0.246654
-0.565773,-0.243265
-0.565773,-0.243265
-0.565773,-0.243265
-0.448244,-0.13866
-0.515122,-0.259844
-0.636811,-0.313841
-0.887345,-0.396035
-0.887345,-0.396035
-0.839689,-0.437422
-0.744378,-0.520198
-0.696722,-0.561586
-0.706041,-0.434357
-0.753697,-0.392969
-0.753697,-0.392969
-0.839689,-0.437422
-0.795023,-0.468483
-0.747368,-0.50987
-0.795023,-0.468483
-0.845669,-0.416768
-0.896315,-0.365053
-0.94397,-0.323665
-0.93799,-0.34432
-0.93799,-0.34432
-0.94098,-0.333992
-0.94397,-0.323665
-0.94696,-0.313338
-0.94397,-0.323665
-0.94397,-0.323665
-0.939558,-0.334353
-0.942548,-0.324026
-0.952989,-0.289481
-0.957449,-0.275591
-0.9649,-0.251373
-0.95892,-0.272028
-0.879465,-0.262282
-0.882455,-0.251954
-0.886351,-0.142824
-0.900573,-0.245542
-0.894593,-0.266196
-0.8122,-0.277031
-0.902836,-0.389569
-0.816404,-0.28661
-0.833105,-0.254314
-0.836095,-0.243987
-0.830116,-0.264642
-0.93799,-0.34432
-0.94696,-0.313338
-0.944696,-0.260777
-0.945421,-0.19789
-0.940166,-0.155657
-0.945421,-0.19789
-0.945421,-0.19789
-0.948411,-0.187563
-0.95892,-0.272028
-0.96191,-0.261701
-0.9649,-0.251373
-0.901291,-0.171413
-0.783044,0.01949
-0.846653,-0.06047
-0.849642,-0.050143
-0.852632,-0.039815
-0.599134,0.160414
-0.78996,-0.079467
-0.727288,-0.119118
-0.601007,-0.078809
-0.72813,-0.17493
-0.350129,-0.109815
-0.486735,-0.133748
-0.362137,-0.205062
-0.362137,-0.205062
-0.130227,-0.091693
-0.120743,-0.163881
0.004697,-0.179383
0.120652,-0.122699
0.236607,-0.066014
0.459033,0.119543
0.468517,0.047355
0.321546,0.239609
0.069386,0.286803
-0.057335,0.318494
-0.174571,0.277998
-0.409044,0.197005
-0.175853,0.294186
-0.057335,0.318494
-0.206616,0.314454
-0.150906,0.395487
-0.150628,0.398898
-0.267865,0.358402
-0.194319,0.297284
-0.163556,0.277016
-0.255845,0.33782
0.02568,0.650381
0.02568,0.650381
-0.103576,0.630466
-0.103576,0.630466
-0.152067,0.472931
-0.344217,0.330212
-0.407335,0.124183
-0.512555,0.230325
-0.730505,0.219815
-0.812369,0.180692
-0.894304,0.09272
-0.976239,0.004749
-0.980778,0.031956
-0.985386,0.010314
-0.980848,-0.016893
-0.985457,-0.038535
-0.976381,-0.092949
-0.971842,-0.120156
-0.958228,-0.201778
-0.931145,-0.213428
-0.926606,-0.240635
-0.793337,-0.243024
-0.908599,-0.197871
-0.816859,-0.192683
-0.60644,-0.042364
-0.601902,-0.069572
-0.812321,-0.21989
-0.82579,-0.289862
-0.82579,-0.289862
-0.82579,-0.289862
-0.82579,-0.289862
-0.930999,-0.365021
-0.884437,-0.275848
-0.884437,-0.275848
-0.930999,-0.365021
-0.930999,-0.365021
-0.838185,-0.281534
-0.838185,-0.281534
-0.838185,-0.281534
-0.838185,-0.281534
-0.930999,-0.365021
-0.930999,-0.365021
-0.930999,-0.365021
-0.932089,-0.319337
-0.933178,-0.273654
-0.933178,-0.273654
-0.916531,-0.200519
-0.916531,-0.200519
-0.932089,-0.319337
-0.932089,-0.319337
-0.932089,-0.319337
-0.932089,-0.319337
-0.932089,-0.319337
-0.932089,-0.319337
-0.932089,-0.319337
-0.930999,-0.365021
-0.911165,-0.39227
-0.930999,-0.365021
-0.930999,-0.365021
-0.930999,-0.365021
-0.930999,-0.365021
-0.930999,-0.365021
-0.846246,-0.277999
-0.846246,-0.277999
-0.935317,-0.334556
-0.930999,-0.365021
-0.930999,-0.365021
-0.930999,-0.365021
-0.930999,-0.365021
-0.812665,-0.304931
-0.870027,-0.274029
-0.930999,-0.365021
-0.903299,-0.397812
-0.765043,-0.360517
-0.765043,-0.360517
-0.682188,-0.257639
-0.709888,-0.224847
-0.819033,-0.242936
-0.596511,-0.050765
-0.819033,-0.242936
-0.820444,-0.294934
-0.930999,-0.365021
-0.930999,-0.365021
-0.878198,-0.406706
-0.878198,-0.406706
-0.878198,-0.406706
-0.825396,-0.448391
-0.878198,-0.406706
-0.930999,-0.365021
-0.930999,-0.365021
-0.930999,-0.365021
-0.930999,-0.365021
-0.930999,-0.365021
-0.929513,-0.368515
-0.930999,-0.365021
-0.930999,-0.365021
-0.930999,-0.365021
-0.930999,-0.365021
-0.912832,-0.290514
-0.784099,-0.265973
-0.784099,-0.265973
-0.802266,-0.340481
-0.927062,-0.308046
-0.927062,-0.308046
-0.927062,-0.308046
-0.922675,-0.31714
-0.922675,-0.31714
-0.926612,-0.374115
-0.917839,-0.392303
-0.922226,-0.383209
-0.922226,-0.383209
-0.922226,-0.383209
-0.913452,-0.401397
-0.917839,-0.392303
-0.922226,-0.383209
-0.922226,-0.383209
-0.81783,-0.30737
-0.922226,-0.383209
-0.922226,-0.383209
-0.922226,-0.383209
-0.820991,-0.311094
-0.922226,-0.383209
-0.917839,-0.392303
-0.794169,-0.393455
-0.794169,-0.393455
-0.794169,-0.393455
-0.794169,-0.393455
-0.802943,-0.375267
-0.80733,-0.366172
-0.80733,-0.366172
-0.930999,-0.365021
-0.930999,-0.365021
-0.930999,-0.365021
-0.814654,-0.301978
-0.930999,-0.365021
-0.930999,-0.365021
-0.930999,-0.365021
-0.930999,-0.365021
-0.930999,-0.365021
-0.923997,-0.303105
-0.916995,-0.241189
-0.79666,-0.184462
-0.803663,-0.246378
-0.810665,-0.308294
-0.810665,-0.308294
-0.810665,-0.308294
-0.810665,-0.308294
-0.69033,-0.251566
-0.69033,-0.251566
-0.810665,-0.308294
-0.810665,-0.308294
-0.930999,-0.365021
-0.930999,-0.365021
-0.930999,-0.365021
-0.930999,-0.365021
-0.930999,-0.365021
-0.930999,-0.365021
-0.930999,-0.365021
-0.930999,-0.365021
-0.930999,-0.365021
-0.930999,-0.365021
-0.930999,-0.365021
-0.930999,-0.365021
-0.930999,-0.365021
-0.840011,-0.28062
-0.840011,-0.28062
-0.749024,-0.196218
-0.749024,-0.196218
-0.749024,-0.196218
-0.926713,-0.37394
-0.922427,-0.38286
-0.918142,-0.391779
-0.913856,-0.400698
-0.905284,-0.418537
-0.897245,-0.291453
-0.89296,-0.300372
-0.625627,-0.250374
-0.728594,-0.038
-0.835314,-0.218861
-0.726893,-0.142247
-0.722607,-0.151167
-0.722607,-0.151167
-0.726893,-0.142247
-0.810132,-0.127454
-0.796517,-0.031858
-0.776036,0.115715
-0.827691,-0.04453
-0.746568,0.198203
-0.798223,0.037958
-0.790941,0.042687
-0.761473,0.125175
-0.849877,-0.122288
-0.849877,-0.122288
-0.879345,-0.204776
-0.879345,-0.204776
-0.80426,-0.324503
-0.80426,-0.324503
-0.80426,-0.324503
-0.80426,-0.324503
-0.930999,-0.365021
-0.930999,-0.365021
-0.930999,-0.365021
-0.930999,-0.365021
-0.930999,-0.365021
-0.930999,-0.365021
-0.930999,-0.365021
-0.930999,-0.365021
-0.930999,-0.365021
-0.930999,-0.365021
-0.930999,-0.365021
-0.930999,-0.365021
-0.930999,-0.365021
-0.930999,-0.365021
-0.673551,-0.318554
-0.673551,-0.318554
-0.645214,-0.236715
-0.802275,-0.341787
-0.802275,-0.341787
-0.802275,-0.341787
-0.802275,-0.341787
-0.802275,-0.341787
-0.772633,-0.259203
-0.802275,-0.341787
-0.930999,-0.365021
-0.930999,-0.365021
-0.930999,-0.365021
-0.930999,-0.365021
-0.930999,-0.365021
-0.831799,-0.396054
-0.732599,-0.427087
-0.732599,-0.427087
-0.732599,-0.427087
-0.732599,-0.427087
-0.633399,-0.458119
-0.534199,-0.489152
-0.732599,-0.427087
-0.732599,-0.427087
-0.633399,-0.458119
-0.335799,-0.551217
-0.236599,-0.58225
-0.236599,-0.58225
-0.137399,-0.613283
-0.038199,-0.644315
-0.038199,-0.644315
-0.236599,-0.58225
-0.566107,-0.500246
-0.462018,-0.472664
-0.362818,-0.503696
-0.360446,-0.44968
-0.42285,-0.348939
-0.573463,-0.197419
-0.675034,-0.220402
-0.774234,-0.18937
-0.867259,-0.097713
-0.871828,-0.155789
-0.873434,-0.158337
-0.873434,-0.158337
-0.916333,-0.189176
-0.926111,-0.306406
-0.930999,-0.365021
-0.930999,-0.365021
-0.930999,-0.365021
-0.930999,-0.365021
-0.930999,-0.365021
-0.930999,-0.365021
-0.930999,-0.365021
-0.930999,-0.365021
-0.932443,-0.361166
-0.862459,-0.403026
-0.686069,-0.400875
-0.796832,-0.414871
-0.796832,-0.414871
-0.796523,-0.253193
-0.797245,-0.251266
-0.852727,-0.258897
-0.924464,-0.37486
-0.923742,-0.376788
-0.923742,-0.376788
-0.923742,-0.376788
-0.915041,-0.392409
-0.904897,-0.411886
-0.896197,-0.427508
-0.896197,-0.427508
-0.878796,-0.458751
-0.649031,-0.337655
-0.657732,-0.322034
-0.87088,-0.472267
-0.863749,-0.483679
-0.88115,-0.452435
-0.863749,-0.483679
-0.719679,-0.219723
-0.710194,-0.23745
-0.669693,-0.132063
-0.622533,-0.04275
-0.660992,-0.147685
-0.717873,-0.221603
-0.735275,-0.190359
-0.63441,0.118695
-0.666036,0.035358
-0.549711,0.118248
-0.645051,-0.060604
-0.726488,-0.039423
-0.785919,-0.113979
-0.75001,-0.009682
-0.79462,-0.098357
-0.75001,-0.009682
-0.70285,0.079632
-0.841779,-0.18767
-0.886389,-0.276346
-0.930999,-0.365021
-0.930999,-0.365021
-0.930999,-0.365021
-0.930999,-0.365021
-0.930999,-0.365021
-0.930999,-0.365021
-0.930999,-0.365021
-0.930999,-0.365021
-0.930999,-0.365021
-0.930999,-0.365021
-0.930999,-0.365021
-0.930999,-0.365021
-0.930999,-0.365021
-0.930999,-0.365021
-0.930999,-0.365021
-0.930999,-0.365021
-0.930999,-0.365021
-0.930999,-0.365021
-0.930999,-0.365021
-0.930999,-0.365021
-0.930999,-0.365021
-0.935599,-0.340443
-0.930999,-0.365021
-0.930999,-0.365021
-0.930999,-0.365021
-0.926727,-0.307456
-0.930999,-0.365021
-0.930999,-0.365021
-0.930999,-0.365021
-0.930999,-0.365021
-0.875894,-0.274384
-0.802729,-0.348531
-0.930999,-0.365021
-0.930999,-0.365021
-0.930999,-0.365021
-0.931396,-0.363984
-0.931396,-0.363984
-0.931396,-0.363984
-0.930999,-0.365021
-0.930999,-0.365021
-0.928512,-0.370598
-0.928512,-0.370598
-0.928512,-0.370598
-0.928512,-0.370598
-0.810784,-0.309573
-0.880637,-0.411402
-0.926025,-0.376175
-0.928512,-0.370598
-0.930999,-0.365021
-0.930999,-0.365021
-0.930999,-0.365021
-0.930999,-0.365021
-0.930999,-0.365021
-0.930999,-0.365021
-0.930999,-0.365021
-0.930999,-0.365021
-0.930999,-0.365021
-0.930999,-0.365021
-0.930999,-0.365021
-0.930999,-0.365021
-0.930999,-0.365021
-0.930999,-0.365021
-0.930999,-0.365021
-0.930999,-0.365021
-0.930999,-0.365021
-0.930999,-0.365021
-0.912766,-0.290456
-0.912766,-0.290456
-0.912766,-0.290456
-0.912613,-0.241399
-0.912766,-0.290456
-0.882281,-0.147252
-0.713129,0.127066
-0.682644,0.270271
-0.669477,0.388905
-0.557702,0.433168
-0.674543,0.432975
-0.446959,0.501013
-0.393466,0.617922
-0.518966,0.605444
-0.402125,0.605637
-0.088185,0.530664
-0.088185,0.530664
-0.321899,0.590333
-0.424101,0.60835
-0.234338,0.554106
-0.365819,0.535703
-0.51194,0.499091
-0.380459,0.517493
-0.351179,0.553913
-0.218332,0.496592
-0.335174,0.496399
-0.458927,0.514892
-0.409739,0.481073
-0.52658,0.480881
-0.762432,0.476166
-0.65021,0.462279
-0.533369,0.462471
-0.533369,0.462471
-0.299687,0.462857
-0.182846,0.46305
-0.306476,0.444448
-0.059216,0.481652
0.032993,0.507133
-0.200689,0.506747
-0.200689,0.506747
-0.324529,0.510124
-0.409739,0.481073
-0.292898,0.481266
-0.176057,0.481459
-0.059216,0.481652
0.057625,0.481845
0.174467,0.482038
0.408149,0.482423
0.408149,0.482423
0.408149,0.482423
0.408149,0.482423
0.52499,0.482616
0.641831,0.482809
0.641831,0.482809
0.631434,0.4043
0.52499,0.482616
0.408149,0.482423
0.408149,0.482423
0.489933,0.512862
0.606774,0.513054
0.489933,0.512862
0.641831,0.482809
0.758672,0.483002
0.875513,0.483195
0.875513,0.483195
0.875513,0.483195
0.875513,0.483195
0.875513,0.483195
0.875513,0.483195
0.875513,0.483195
0.875513,0.483195
0.875513,0.483195
0.875513,0.483195
0.875513,0.483195
0.875513,0.483195
0.875513,0.483195
0.875513,0.483195
0.875513,0.483195
0.875513,0.483195
0.875513,0.483195
0.810448,0.384652
0.810448,0.384652
0.875513,0.483195
0.875513,0.483195
0.875513,0.483195
0.80601,0.294081
0.80601,0.294081
0.875513,0.483195
0.780632,0.395204
0.780632,0.395204
0.68575,0.307213
0.457627,0.046418
0.556665,0.206582
0.521316,0.194684
0.396388,0.166227
0.171849,-0.022024
-0.013184,-0.126203
-0.035301,-0.038693
-0.1555,0.004653
-0.332603,-0.07155
-0.443702,-0.156778
-0.487936,0.018241
-0.602904,0.130481
-0.485905,0.130962
-0.713645,-0.013461
-0.735762,0.074049
-0.721575,-0.041436
-0.626694,0.046555
-0.517625,0.019062
-0.577719,0.13813
-0.553803,0.205785
-0.523756,0.146251
-0.435304,0.079525
-0.421244,-0.01969
-0.429001,0.250512
-0.667849,0.152985
-0.811716,0.137167
-0.811716,0.137167
-0.849693,0.168726
-0.966691,0.168245
-0.851163,0.209728
-0.859093,0.181753
-0.974621,0.140269
-0.990481,0.084319
-0.982551,0.112294
-0.998411,0.056344
-0.998411,0.056344
-0.998411,0.056344
-0.888331,0.10309
-0.888331,0.10309
-0.55809,0.243328
-0.66817,0.196582
-0.778251,0.149836
-0.55809,0.243328
-0.66817,0.196582
-0.775899,0.116307
-0.777075,0.133071
-0.666995,0.179817
-0.666995,0.179817
-0.775899,0.116307
-0.666995,0.179817
-0.623838,0.255678
-0.689586,0.268027
-0.579505,0.314773
-0.535173,0.373869
-0.535173,0.373869
-0.733918,0.208932
-0.831009,0.147055
-0.998411,0.056344
-0.998411,0.056344
-0.998411,0.056344
-0.998411,0.056344
-0.998411,0.056344
-0.998411,0.056344
-0.998411,0.056344
-0.998411,0.056344
-0.998411,0.056344
-0.998411,0.056344
-0.99758,0.063726
-0.99758,0.063726
-0.99758,0.063726
-0.996749,0.071107
-0.99758,0.063726
-0.995918,0.078489
-0.996749,0.071107
-0.996154,0.076998
-0.994962,0.088778
-0.993873,0.094481
-0.993018,0.098693
-0.990737,0.116177
-0.990377,0.120576
-0.988692,0.13217
-0.984726,0.161247
-0.982445,0.17873
-0.97967,0.196027
-0.97967,0.196027
-0.97858,0.201729
-0.96847,0.215952
-0.96738,0.221654
-0.952912,0.258688
-0.954001,0.252985
-0.915719,0.298674
-0.938008,0.262731
-0.952477,0.225698
-0.920926,0.27818
-0.83172,0.407114
-0.893732,0.307852
-0.893732,0.307852
-0.894822,0.302149
-0.897001,0.290743
-0.866539,0.337523
-0.86545,0.343226
-0.927463,0.243963
-0.927463,0.243963
-0.957924,0.197184
-0.954656,0.214292
-0.985117,0.167512
-0.985117,0.167512
-0.986207,0.161809
-0.986207,0.161809
-0.988386,0.150404
-0.874418,0.180159
-0.742934,0.158196
-0.874418,0.180159
-0.874418,0.180159
-0.874418,0.180159
-0.759361,0.215617
-0.655062,0.260513
-0.554319,0.307743
-0.45002,0.352639
-0.446463,0.350305
-0.885176,0.189597
-0.989475,0.144701
-0.990154,0.133314
-0.990154,0.133314
-0.991512,0.110541
-0.992191,0.099154
-0.99287,0.087767
-0.992191,0.099154
-0.99186,0.093131
-0.992539,0.081744
-0.991512,0.110541
-0.990833,0.121927
-0.990154,0.133314
-0.990154,0.133314
-0.990154,0.133314
-0.989475,0.144701
-0.989475,0.144701
-0.927769,0.201585
-0.989475,0.144701
-0.989475,0.144701
-0.989475,0.144701
-0.974615,0.092243
-0.974615,0.092243
-0.989475,0.144701
-0.989475,0.144701
-0.989475,0.144701
-0.989475,0.144701
-0.989475,0.144701
-0.989475,0.144701
-0.989475,0.144701
-0.989475,0.144701
-0.989475,0.144701
-0.989475,0.144701
-0.989475,0.144701
-0.989475,0.144701
-0.989475,0.144701
-0.89251,0.076034
-0.873675,0.113538
-0.970641,0.182205
-0.970641,0.182205
-0.970641,0.182205
-0.970641,0.182205
-0.927752,0.101272
-0.878887,0.027189
-0.830022,-0.046894
-0.781157,-0.120977
-0.781157,-0.120977
-0.706575,-0.133753
-0.693716,-0.103099
-0.65771,-0.207836
-0.683427,-0.269143
-0.732292,-0.19506
-0.830022,-0.046894
-0.866028,0.057842
-0.85317,0.088496
-0.768298,-0.090324
-0.719433,-0.164407
-0.64742,-0.37388
-0.635015,-0.343831
-0.54969,-0.522046
-0.403095,-0.744295
-0.403095,-0.744295
-0.354229,-0.818378
-0.354229,-0.818378
-0.256499,-0.966544
-0.256499,-0.966544
-0.301564,-0.926191
-0.210033,-0.842258
-0.129443,-0.798156
0.065859,-0.790138
-0.01473,-0.83424
0.065859,-0.790138
-0.01473,-0.83424
0.065859,-0.790138
0.146449,-0.746037
0.307628,-0.657833
0.02148,-0.699918
0.02148,-0.699918
0.02148,-0.699918
-0.022899,-0.609699
0.02148,-0.699918
0.227039,-0.701935
0.307628,-0.657833
0.227039,-0.701935
0.307628,-0.657833
0.388218,-0.613732
0.468808,-0.56963
0.549397,-0.525529
0.445694,-0.558366
0.526283,-0.514265
0.768052,-0.38196
0.652734,-0.411323
0.750688,-0.374591
0.591543,-0.326287
0.537,-0.372016
0.611007,-0.42353
0.66555,-0.377802
0.897803,-0.35075
0.84326,-0.396479
0.897803,-0.35075
0.899702,-0.317426
0.903501,-0.250778
0.956144,-0.238373
0.956144,-0.238373
0.930096,-0.305184
0.776391,-0.369746
0.850418,-0.383291
0.850418,-0.383291
0.874567,-0.349804
0.858423,-0.376403
0.874567,-0.349804
0.952346,-0.305021
0.952346,-0.305021
0.952346,-0.305021
0.952346,-0.305021
0.952346,-0.305021
0.952346,-0.305021
0.952346,-0.305021
0.952346,-0.305021
0.952346,-0.305021
0.952346,-0.305021
0.952346,-0.305021
0.952346,-0.305021
0.952346,-0.305021
0.952346,-0.305021
0.952346,-0.305021
0.952346,-0.305021
0.952346,-0.305021
0.952346,-0.305021
0.952346,-0.305021
0.952346,-0.305021
0.952346,-0.305021
0.952346,-0.305021
0.952346,-0.305021
0.952346,-0.305021
0.829486,-0.25436
0.829486,-0.25436
0.583768,-0.153037
0.583768,-0.153037
0.583768,-0.153037
0.583768,-0.153037
0.393339,-0.148583
0.516198,-0.199244
0.516198,-0.199244
0.460908,-0.102376
0.460908,-0.102376
0.338049,-0.051715
0.21519,-0.001054
0.09233,0.049607
-0.153388,0.150929
-0.030529,0.100268
-0.030529,0.100268
-0.030529,0.100268
-0.153388,0.150929
0.114511,-0.036049
0.13412,-0.051555
0.256664,-0.115723
0.256664,-0.115723
0.382182,-0.154348
0.343366,-0.027644
0.348682,-0.003573
0.346024,-0.015609
0.468883,-0.06627
0.711944,-0.179628
0.711944,-0.179628
0.586426,-0.141002
0.655764,-0.093461
0.60182,-0.007147
0.475881,0.019591
0.59874,-0.03107
0.544797,0.055244
0.775543,-0.168045
0.775543,-0.168045
0.898402,-0.218707
0.952346,-0.305021
0.952346,-0.305021
0.952346,-0.305021
0.952346,-0.305021
0.952346,-0.305021
0.952346,-0.305021
0.952346,-0.305021
0.952346,-0.305021
0.952346,-0.305021
0.952346,-0.305021
0.952346,-0.305021
0.952346,-0.305021
0.952346,-0.305021
0.952346,-0.305021
0.952346,-0.305021
0.952346,-0.305021
0.952346,-0.305021
0.952346,-0.305021
0.952346,-0.305021
0.952346,-0.305021
0.952346,-0.305021
0.952346,-0.305021
0.695082,-0.236109
0.695082,-0.236109
0.480005,-0.117611
0.30945,-0.131526
0.438871,-0.16234
0.56724,-0.19801
0.56724,-0.19801
0.310503,-0.126669
0.09806,-0.007255
0.09806,-0.007255
0.138578,0.090795
0.607758,-0.099959
0.603983,-0.049982
0.603983,-0.049982
0.47939,-0.064289
0.443385,0.017551
0.385211,-0.028569
0.385211,-0.028569
0.429506,0.019505
0.385211,-0.028569
0.385211,-0.028569
0.443385,0.017551
0.443385,0.017551
0.436617,0.014939
0.595744,0.022118
0.595744,0.022118
0.679819,-0.061626
0.679819,-0.061626
0.588976,0.019506
0.679819,-0.061626
0.641654,-0.13475
0.861503,-0.223889
0.798905,-0.270215
0.798905,-0.270215
0.798905,-0.270215
0.798905,-0.270215
0.82715,-0.397673
0.82715,-0.397673
0.764552,-0.443999
0.764552,-0.443999
0.82715,-0.397673
0.764552,-0.443999
0.889748,-0.351347
0.889748,-0.351347
0.889748,-0.351347
0.952346,-0.305021
0.952346,-0.305021
0.952346,-0.305021
0.952346,-0.305021
0.952346,-0.305021
0.952346,-0.305021
0.952346,-0.305021
0.952346,-0.305021
0.953125,-0.266967
0.952346,-0.305021
0.952346,-0.305021
0.952346,-0.305021
0.952346,-0.305021
0.952346,-0.305021
0.822246,-0.287424
0.822246,-0.287424
0.822246,-0.287424
0.822246,-0.287424
0.822246,-0.287424
0.856486,-0.226406
0.664766,-0.069175
0.568906,0.00944
0.568906,0.00944
0.649113,0.044871
0.7528,-0.090767
0.848659,-0.169383
0.760626,-0.14779
0.664766,-0.069175
0.664766,-0.069175
0.473046,0.088055
0.473046,0.088055
0.488608,0.073205
0.392748,0.15182
0.257232,0.222448
-0.030347,0.458294
-0.126207,0.536909
-0.197973,0.638362
-0.197973,0.638362
-0.197973,0.638362
-0.389692,0.795592
-0.389692,0.795592
-0.389692,0.795592
-0.389692,0.795592
-0.244555,0.679801
-0.244555,0.679801
-0.316615,0.684517
-0.316615,0.684517
-0.220755,0.605901
-0.316615,0.684517
-0.220755,0.605901
-0.276206,0.560056
-0.316615,0.684517
-0.316615,0.684517
-0.316615,0.684517
-0.124895,0.527286
-0.197973,0.638362
-0.197973,0.638362
-0.197973,0.638362
-0.197973,0.638362
-0.102113,0.559747
0.084648,0.454767
0.084648,0.454767
0.399136,0.304544
0.54411,0.270693
0.367268,0.271172
0.429128,0.371164
0.171021,0.247292
0.175764,0.311722
0.271624,0.233107
0.539367,0.206263
0.539367,0.206263
0.261921,0.220927
0.252219,0.208748
0.337945,0.351314
0.337945,0.351314
-0.211125,-0.138329
-0.392926,-0.085599
-0.393573,0.264441
-0.393789,0.381122
-0.484905,0.524167
-0.484258,0.174126
-0.483611,-0.175915
-0.483395,-0.292595
-0.483395,-0.292595
-0.48318,-0.409276
-0.48318,-0.409276
-0.483395,-0.292595
-0.483611,-0.175915
-0.482964,-0.525956
-0.482532,-0.759317
-0.482532,-0.759317
-0.48318,-0.409276
-0.512268,-0.26103
-0.54561,-0.34331
-0.520991,-0.605399
-0.535045,-0.59689
-0.373291,-0.342464
-0.353787,-0.368356
-0.195763,-0.112173
-0.227507,0.098464
-0.303962,-0.010837
-0.054876,-0.195767
-0.129547,-0.211271
-0.124848,0.019499
-0.08662,0.01487
0.157866,0.254101
0.243596,0.165866
0.333795,0.191475
0.302267,0.285432
0.439504,-0.007289
0.428079,-0.395041
0.364723,-0.511771
0.333195,-0.417814
0.491435,-0.278311
0.617847,-0.349496
0.712731,-0.326723
0.563218,-0.170793
0.776088,-0.209993
0.674841,-0.227977
0.769425,-0.509848
0.769425,-0.509848
0.870672,-0.491865
0.870672,-0.491865
0.870672,-0.491865
0.870672,-0.491865
0.870672,-0.491865
0.870672,-0.491865
0.870672,-0.491865
0.870672,-0.491865
0.870672,-0.491865
0.870672,-0.491865
0.870672,-0.491865
0.870672,-0.491865
0.870672,-0.491865
0.799896,-0.538704
0.861046,-0.5049
0.861046,-0.5049
0.736486,-0.476609
0.72686,-0.489644
0.785673,-0.576874
0.785673,-0.576874
0.785673,-0.576874
0.75843,-0.583671
0.814551,-0.537768
0.804925,-0.550803
0.814551,-0.537768
0.814551,-0.537768
0.701761,-0.466932
0.861046,-0.5049
0.861046,-0.5049
0.861046,-0.5049
0.745265,-0.505441
0.580323,-0.539263
0.494452,-0.532593
0.388297,-0.520098
0.060596,-0.521907
0.163819,-0.510689
0.283041,-0.440727
0.356893,-0.433762
0.111179,-0.327838
0.137499,-0.419264
0.35545,-0.384917
0.502913,-0.443588
0.135154,-0.395311
0.012568,-0.379219
-0.232604,-0.347035
-0.110018,-0.363127
-0.232604,-0.347035
0.012568,-0.379219
-0.007965,-0.291316
0.502913,-0.443588
0.135154,-0.395311
0.380327,-0.427496
0.380327,-0.427496
0.510197,-0.397506
0.540665,-0.227217
0.549283,-0.195174
0.924325,-0.197369
0.950178,-0.101239
0.951512,-0.115277
0.950178,-0.101239
0.771281,0.037971
0.8943,0.02612
0.900892,-0.121522
0.767179,-0.170825
0.85507,-0.263228
0.788423,-0.176438
0.771734,-0.133817
0.769613,0.000967
0.769613,0.000967
0.768553,0.068359
0.768553,0.068359
0.766432,0.203143
0.672797,0.224231
0.579162,0.245318
0.675979,0.022054
0.674918,0.089446
0.556809,0.081457
0.532335,0.052381
0.772795,-0.201209
0.680221,-0.247514
0.681281,-0.314906
0.775976,-0.403386
0.681281,-0.314906
0.775976,-0.403386
0.775976,-0.403386
0.775976,-0.403386
0.870672,-0.491865
0.882197,-0.464913
0.882197,-0.464913
0.882197,-0.464913
0.704869,-0.490539
0.699107,-0.504015
0.64757,-0.524411
0.704869,-0.490539
0.823941,-0.457239
0.813372,-0.525736
0.813372,-0.525736
0.870672,-0.491865
0.870672,-0.491865
0.870672,-0.491865
0.870672,-0.491865
0.870672,-0.491865
0.767621,-0.508257
0.664571,-0.524649
0.664571,-0.524649
0.664571,-0.524649
0.76307,-0.435679
0.828057,-0.322895
0.828057,-0.322895
0.870672,-0.491865
0.870672,-0.491865
0.870672,-0.491865
0.760073,-0.418055
0.870672,-0.491865
0.870672,-0.491865
0.870672,-0.491865
0.870672,-0.491865
0.753437,-0.48975
0.870672,-0.491865
0.875667,-0.437386
0.810816,-0.392432
0.810816,-0.392432
0.810816,-0.392432
0.870672,-0.491865
0.870672,-0.491865
0.870672,-0.491865
0.752585,-0.488047
0.752585,-0.488047
0.870672,-0.491865
0.868961,-0.494723
0.870672,-0.491865
0.870672,-0.491865
0.870672,-0.491865
0.622806,-0.446601
0.622806,-0.446601
0.498873,-0.423969
0.622806,-0.446601
0.622806,-0.446601
0.746739,-0.469233
0.498873,-0.423969
0.356574,-0.42212
0.356574,-0.42212
0.480506,-0.444751
0.356574,-0.42212
0.275326,-0.478369
0.343494,-0.513026
0.609726,-0.537507
0.263893,-0.528854
0.507136,-0.554316
0.833938,-0.533429
0.852305,-0.512647
0.852305,-0.512647
0.852305,-0.512647
0.852305,-0.512647
0.833938,-0.533429
0.833938,-0.533429
0.833938,-0.533429
0.870672,-0.491865
0.870672,-0.491865
0.870672,-0.491865
0.870672,-0.491865
0.870672,-0.491865
0.876016,-0.479721
0.876016,-0.479721
0.876016,-0.479721
0.876016,-0.479721
0.876016,-0.479721
0.876016,-0.479721
0.88136,-0.467576
0.762049,-0.419898
0.886704,-0.455432
0.886704,-0.455432
0.88136,-0.467576
0.88136,-0.467576
0.88136,-0.467576
0.787253,-0.47489
0.892048,-0.443288
0.897392,-0.431144
0.902736,-0.418999
0.902736,-0.418999
0.913425,-0.394711
0.913425,-0.394711
0.918769,-0.382567
0.929457,-0.358278
0.881417,-0.391399
0.924113,-0.370422
0.918516,-0.378785
0.934549,-0.342353
0.939893,-0.330209
0.939893,-0.330209
0.950834,-0.309701
0.950834,-0.309701
0.890814,-0.222473
0.890814,-0.222473
0.890814,-0.222473
0.874483,-0.354449
0.950834,-0.309701
0.950834,-0.309701
0.950834,-0.309701
0.950834,-0.309701
0.950834,-0.309701
0.950834,-0.309701
0.950834,-0.309701
0.950834,-0.309701
0.950834,-0.309701
0.950834,-0.309701
0.950834,-0.309701
0.880925,-0.355402
0.811016,-0.401102
0.811016,-0.401102
0.760591,-0.445849
0.760591,-0.445849
0.659739,-0.535344
0.780074,-0.444896
0.780074,-0.444896
0.830499,-0.400149
0.780074,-0.444896
0.711415,-0.523603
0.695319,-0.528997
0.695319,-0.528997
0.594468,-0.618492
0.628797,-0.579139
0.488979,-0.670539
0.519922,-0.626745
0.450013,-0.672445
0.502834,-0.617862
0.500438,-0.627698
0.601289,-0.538203
0.531381,-0.583903
0.461472,-0.629604
0.428133,-0.328975
0.498042,-0.283274
0.36506,-0.339946
0.547111,-0.259903
0.7106,-0.325017
0.649586,-0.081445
0.649586,-0.081445
0.750002,-0.157531
0.750002,-0.157531
0.950386,-0.311028
0.950386,-0.311028
0.842021,-0.242093
0.842468,-0.240766
0.688551,-0.330015
0.749609,-0.307236
0.901898,-0.357802
0.901003,-0.360454
0.948597,-0.316333
0.949044,-0.315006
0.949044,-0.315006
0.949939,-0.312354
0.949044,-0.315006
0.933979,-0.248433
0.918466,-0.183185
0.933979,-0.248433
0.933531,-0.249759
0.934426,-0.247106
0.949939,-0.312354
0.823086,-0.309349
0.950386,-0.311028
0.950386,-0.311028
0.950386,-0.311028
0.949939,-0.312354
0.851453,-0.235027
0.949492,-0.31368
0.950386,-0.311028
0.950834,-0.309701
0.950834,-0.309701
0.950834,-0.309701
0.950834,-0.309701
0.950834,-0.309701
0.950834,-0.309701
0.950834,-0.309701
0.866302,-0.225829
0.866302,-0.225829
0.810325,-0.271436
0.810325,-0.271436
0.866302,-0.225829
0.933175,-0.240545
0.950834,-0.309701
0.950834,-0.309701
0.927777,-0.235971
0.858605,-0.014782
0.858605,-0.014782
0.858605,-0.014782
0.858605,-0.014782
0.829736,-0.051169
0.76291,-0.052452
0.739853,0.021278
0.587245,0.128796
0.657117,-0.092917
0.657117,-0.092917
0.517718,-0.065058
0.518167,-0.062449
0.600903,0.051746
0.647018,-0.095713
0.62396,-0.021983
0.62396,-0.021983
0.62396,-0.021983
0.505415,0.013963
0.473839,0.070476
0.720664,0.00461
0.686902,0.071627
0.712588,0.009261
0.837907,0.13034
0.814735,0.047079
0.837792,-0.026651
0.84042,-0.015288
0.835164,-0.038014
0.740306,0.245542
0.786421,0.098082
0.789432,0.206407
0.766375,0.280137
0.743318,0.353867
0.81249,0.132677
0.835547,0.058948
0.881662,-0.088512
0.858605,-0.014782
0.858605,-0.014782
0.766375,0.280137
0.81249,0.132677
0.81249,0.132677
0.659382,0.227892
0.567153,0.522811
0.689692,0.558334
0.674173,0.620565
0.697728,0.598618
0.651613,0.746078
0.667159,0.729356
0.667159,0.729356
0.667159,0.729356
0.682706,0.712633
0.667159,0.729356
0.682706,0.712633
0.651613,0.746078
0.669507,0.660527
0.669507,0.660527
0.669507,0.660527
0.653961,0.677249
0.651613,0.746078
0.651613,0.746078
0.667159,0.729356
0.667159,0.729356
0.636067,0.762801
0.651613,0.746078
0.636067,0.762801
0.636067,0.762801
0.636067,0.762801
0.636067,0.762801
0.636067,0.762801
0.636067,0.762801
0.632296,0.629727
0.50761,0.650185
0.375384,0.404496
0.558799,0.297397
0.668656,0.526036
0.627183,0.576955
0.611636,0.593677
0.611636,0.593677
0.637589,0.53347
0.622043,0.550193
0.622043,0.550193
0.734741,0.495212
0.734741,0.495212
0.734741,0.495212
0.747498,0.321028
0.685679,0.349422
0.685679,0.349422
0.584711,0.324045
0.483742,0.298668
0.382774,0.27329
0.359666,0.067293
0.105822,0.136953
0.232744,0.102123
0.359666,0.067293
0.613509,-0.002366
0.740431,-0.037196
0.994275,-0.106855
0.856914,-0.072404
0.833027,-0.116727
0.809141,-0.161051
0.686912,-0.190185
0.710798,-0.145862
0.715402,-0.178283
0.868615,-0.151085
0.987414,-0.137047
0.983984,-0.152143
0.987414,-0.137047
0.862044,-0.099046
0.862044,-0.099046
0.865474,-0.083951
0.990845,-0.121951
0.990845,-0.121951
0.936272,-0.180457
0.932842,-0.195553
0.932842,-0.195553
0.864741,-0.287693
0.817028,-0.316007
0.846992,-0.292168
0.888036,-0.267296
0.901565,-0.233662
0.770257,-0.352742
0.783785,-0.319109
0.797313,-0.285475
0.862967,-0.225935
0.797313,-0.285475
0.862967,-0.225935
0.862967,-0.225935
0.862967,-0.225935
0.862967,-0.225935
0.928621,-0.166395
0.91576,-0.19915
0.902899,-0.231905
0.890038,-0.26466
0.837245,-0.291445
0.902899,-0.231905
0.981414,-0.13961
0.981414,-0.13961
0.994275,-0.106855
0.974625,-0.147372
0.974139,-0.164115
0.976707,-0.160079
0.985491,-0.133467
0.985491,-0.133467
0.994275,-0.106855
0.994275,-0.106855
0.870069,-0.066722
0.745863,-0.026588
0.870069,-0.066722
0.994275,-0.106855
0.994275,-0.106855
0.994275,-0.106855
0.994275,-0.106855
0.994275,-0.106855
0.994275,-0.106855
0.994275,-0.106855
0.994275,-0.106855
0.994275,-0.106855
0.994275,-0.106855
0.994275,-0.106855
0.886275,-0.223658
0.940275,-0.165256
0.940275,-0.165256
0.886275,-0.223658
0.832275,-0.282059
0.710929,-0.399995
0.656929,-0.458396
0.584954,-0.422563
0.760301,-0.246226
0.688326,-0.210393
0.8143,-0.187825
0.940275,-0.165256
0.832275,-0.282059
0.940275,-0.165256
0.940275,-0.165256
0.940275,-0.165256
0.940275,-0.165256
0.940275,-0.165256
0.940275,-0.165256
0.940275,-0.165256
0.941294,-0.165057
0.888313,-0.223259
0.835333,-0.281461
0.782352,-0.339663
0.835333,-0.281461
0.8172,-0.320444
0.8172,-0.320444
0.888313,-0.223259
0.941294,-0.165057
0.941294,-0.165057
0.941294,-0.165057
0.888313,-0.223259
0.994275,-0.106855
0.994275,-0.106855
0.994275,-0.106855
0.994275,-0.106855
0.924849,-0.166324
0.924849,-0.166324
0.600233,-0.073225
0.600233,-0.073225
0.719741,-0.040201
0.719741,-0.040201
0.719741,-0.040201
0.614017,-0.28167
0.683443,-0.222201
0.752869,-0.162732
0.624108,-0.178872
0.752869,-0.162732
0.822295,-0.103263
0.924849,-0.166324
0.855423,-0.225793
0.855423,-0.225793
0.924849,-0.166324
0.855423,-0.225793
0.855423,-0.225793
0.855423,-0.225793
0.785997,-0.285262
0.855423,-0.225793
0.855423,-0.225793
0.924849,-0.166324
0.924849,-0.166324
0.924849,-0.166324
0.924849,-0.166324
0.994275,-0.106855
0.994275,-0.106855
0.88431,-0.049367
0.88431,-0.049367
0.994275,-0.106855
0.982342,-0.061127
0.982342,-0.061127
0.970409,-0.015399
0.982342,-0.061127
0.982342,-0.061127
0.970409,-0.015399
0.970409,-0.015399
0.982342,-0.061127
0.982342,-0.061127
0.982342,-0.061127
0.982342,-0.061127
0.982342,-0.061127
0.86503,-0.121653
0.86503,-0.121653
0.646434,-0.209275
0.537136,-0.253085
0.66638,-0.238287
0.775678,-0.194476
0.66638,-0.238287
0.66638,-0.238287
0.447783,-0.325908
0.557082,-0.282098
